id,title,description,availability,condition,price,sale_price,link,image_link,brand,google_product_category,product_type,custom_label_0
geekbuying-531591,Mecpow X4 Pro 40W / B40W: Laser Lens Set (4pcs),Brand: Mecpow. Category: Consumer Electronics.,in stock,new,33.99 USD,33.10 USD,https://bytebuy.store/product/geekbuying-531591/,https://img.gkbcdn.com/s3/p/2026-06-03/Mecpow-X40-Pro-40W---B40W-Laser-Lens-Set-531591-0.jpg,Mecpow,Consumer Electronics,Consumer Electronics,geekbuying
geekbuying-531635,"UBHOME M10 Robotic Lawn Mower, RTK + AI Vision Navigation, No Perimeter Wire, 7000㎡ Coverage, Multi-Zone (Up to 15), 55% Slope, Centimeter-Level Mappi",UBHOME M10 Robotic Lawn Mower,in stock,new,1299.99 USD,1212.89 USD,https://bytebuy.store/product/geekbuying-531635/,https://img.gkbcdn.com/s3/p/2026-06-16/UBHOME-M10-Robotic-Lawn-Mower-531635-0.jpg,Other,Smart Home & Garden,Smart Home & Garden,geekbuying
geekbuying-529865,"FOSSiBOT DT3 5G Rugged Tablet, Android 15, 10.4 inch 1200x2000 Display, 12GB RAM 256GB ROM, WiFi 6, 21560mAh Battery 66W Fast Charge, 64MP+32MP Camera",FOSSiBOT DT3 5G Rugged Tablet 12GB 256GB Grey,in stock,new,399.99 USD,352.06 USD,https://bytebuy.store/product/geekbuying-529865/,https://img.gkbcdn.com/s3/p/2025-08-07/FOSSiBOT-DT3-5G-Rugged-Tablet-12GB-256GB-Grey-529865-0.jpg,FOSSiBOT,"Computers, Tablets & Accessories","Computers, Tablets & Accessories",geekbuying
geekbuying-531650,"Y-VOLT SURGE V Electric Dirt Bike, 35kW Peak Motor, 97V 45Ah Samsung 50S Battery, 110km/h Top Speed, Up to 120km Range, 300mm Ground Clearance, 19""/18",Y-VOLT SURGE V Electric Dirt Bike Pearl White,in stock,new,7599.99 USD,6620.68 USD,https://bytebuy.store/product/geekbuying-531650/,https://img.gkbcdn.com/s3/p/2026-06-23/Y-VOLT-SURGE-V-Electric-Dirt-Bike-Pearl-White-531650-0.jpg,Y-VOLT,Sports & Outdoors,Sports & Outdoors,geekbuying
geekbuying-523814,"Halo Knight H02 Electric Bike, 750W Brushless Motor, 48V 16Ah Battery, 29*2.1-inch Tires, 50km/h Max Speed, 60km Max Range, Shimano 21 Speed, Mechanic",Halo Knight H02 Electric Bike Black,in stock,new,1136.99 USD,1047.35 USD,https://bytebuy.store/product/geekbuying-523814/,https://img.gkbcdn.com/s3/p/2024-03-12/Halo-Knight-H02-Electric-Bike-Black-523814-0.jpg,Halo Knight,Sports & Outdoors,Sports & Outdoors,geekbuying
geekbuying-531645,"SCULPFUN E1 Dual 12W+3W IR Enclosed Laser Engraver, 400×320mm Working Area, 600mm/s CoreXY, HD Camera, Class 1 Safety, Air Assist",Brand: SCULPFUN. Category: Consumer Electronics.,in stock,new,1199.99 USD,936.98 USD,https://bytebuy.store/product/geekbuying-531645/,https://img.gkbcdn.com/s3/p/2026-06-18/SCULPFUN-E1-Dual-12W-3W-Enclosed-Laser-Engraver-531645-0.jpg,SCULPFUN,Consumer Electronics,Consumer Electronics,geekbuying
geekbuying-531651,"SCULPFUN C1 6W Mini Laser Engraver, 0.06mm Precision Laser Spot, 150×130mm Working Area, 10000mm/min Speed, One-Step Installation, LightBurn & LaserGR",SCULPFUN C1 6W Mini Laser Engraver,in stock,new,199.99 USD,153.41 USD,https://bytebuy.store/product/geekbuying-531651/,https://img.gkbcdn.com/s3/p/2026-06-23/SCULPFUN-C1-6W-Mini-Laser-Engraver-531651-0.jpg,SCULPFUN,Consumer Electronics,Consumer Electronics,geekbuying
geekbuying-524124,NARWAL Freo X Plus Original Accessory Set,Brand: Narwal. Category: Smart Home & Garden.,in stock,new,93.99 USD,55.17 USD,https://bytebuy.store/product/geekbuying-524124/,https://img.gkbcdn.com/s3/p/2024-04-08/narwal-freo-x-plus-original-accessory-set-b728f8-1712563235412.jpg,Narwal,Smart Home & Garden,Smart Home & Garden,geekbuying
geekbuying-529178,"KuKirin M4 Max Electric Scooter, 800W Motor, 48V 18.2Ah Battery, 10 inches Tires, 45km/h Max Speed, 64km Range, Front & Rear Disc Brakes, Spring Shock",KuKirin M4 Max Electric Scooter 800W 48V 18.2Ah 20km/h Max Speed,in stock,new,689.00 USD,495.53 USD,https://bytebuy.store/product/geekbuying-529178/,https://img.gkbcdn.com/s3/p/2025-06-11/KuKirin-M4-Max-Electric-Scooter-800W-48V-18-2Ah-529178-0.jpg,KuKirin,Sports & Outdoors,Sports & Outdoors,geekbuying
geekbuying-531622,"Ultenic U18 PowerPro Cordless Vacuum Cleaner, 55kPa Powerful Suction, 600W Motor, Up to 80 Min Runtime, Anti-Tangle Roller Brush, Smart LED Display, 6",Ultenic U18 PowerPro Cordless Vacuum Cleaner,in stock,new,209.99 USD,143.46 USD,https://bytebuy.store/product/geekbuying-531622/,https://img.gkbcdn.com/s3/p/2026-06-11/Ultenic-U18-Power-Pro-Cordless-Vacuum-Cleaner-531622-0.jpg,Ultenic,Smart Home & Garden,Smart Home & Garden,geekbuying
geekbuying-518873,KuKirin G3 Pro 1200W*2 Motor Off-Road Electric Scooter 10 Inch Tire 52V 23.4Ah Removable Battery 80km range 65km/h Max Speed Dual Hydraulic Shock Abso,KuKirin G3 Pro Electric Scooter Dual 1200W 65km/h Max 80km Range,in stock,new,1500.05 USD,1389.47 USD,https://bytebuy.store/product/geekbuying-518873/,https://img.gkbcdn.com/s3/p/2024-10-09/kukirin-g3-pro-10-inch-1200w-2-23-2ah-65km-h-off-road-electric-scooter-e425d5-1728455994048.jpg,KuKirin,Sports & Outdoors,Sports & Outdoors,geekbuying
geekbuying-531584,"3DMakerpro Raven Max LiDAR Scanner, Dual 12MP Cameras, 100m Scan Range, Enhanced RGB Point Clouds, 150,000 Points/s, 360°×40° FOV, 4K True-Color Captu",3DMakerpro Raven Max LiDAR Scanner,in stock,new,3199.99 USD,2426.88 USD,https://bytebuy.store/product/geekbuying-531584/,https://img.gkbcdn.com/s3/p/2026-06-01/1ebf816adc8d4774bebe9b8aa88687b7-531584-0.jpg,3DMakerpro,Consumer Electronics,Consumer Electronics,geekbuying
geekbuying-531596,"FOSSiBOT S5 Smartphone, Unisoc T615 Octa-Core, 4GB RAM + 128GB ROM, 6000mAh Battery, 6.88"" 120Hz HD+ Display, 13MP Rear Camera, 8MP Front Camera, NFC,",FOSSiBOT S5 Smartphone Black,in stock,new,169.99 USD,120.30 USD,https://bytebuy.store/product/geekbuying-531596/,https://img.gkbcdn.com/s3/p/2026-06-04/FOSSiBOT-S5-Smartphone-Black-531596-0.jpg,FOSSiBOT,Phones & Accessories,Phones & Accessories,geekbuying
geekbuying-531586,"3DMakerpro Raven Max RTK LiDAR Scanner, Dual 12MP Cameras, Integrated RTK Positioning, 100m Scan Range, Survey-Grade Mapping, 150,000 Points/s, 360°×4",3DMakerpro Raven Max RTK LiDAR Scanner,in stock,new,4099.99 USD,3309.79 USD,https://bytebuy.store/product/geekbuying-531586/,https://img.gkbcdn.com/s3/p/2026-06-01/3DMakerpro-Raven-Max-RTK-LiDAR-Scanner-531586-0.jpg,3DMakerpro,Consumer Electronics,Consumer Electronics,geekbuying
geekbuying-531597,"FOSSiBOT S5 Smartphone, Unisoc T615 Octa-Core, 4GB RAM + 128GB ROM, 6000mAh Battery, 6.88"" 120Hz HD+ Display, 13MP Rear Camera, 8MP Front Camera, NFC,",FOSSiBOT S5 Smartphone Blue,in stock,new,169.99 USD,120.30 USD,https://bytebuy.store/product/geekbuying-531597/,https://img.gkbcdn.com/s3/p/2026-06-04/FOSSiBOT-S5-Smartphone-Blue-531597-0.jpg,FOSSiBOT,Phones & Accessories,Phones & Accessories,geekbuying
geekbuying-524673,"FOSSiBOT FB3840 Expansion Battery, 3840Wh LiFePO4 Battery Pack for F3600 Pro",Brand: FOSSiBOT. Category: Outdoor Generators & Portable Power.,in stock,new,2399.99 USD,1323.25 USD,https://bytebuy.store/product/geekbuying-524673/,https://img.gkbcdn.com/s3/p/2024-08-05/fossibot-fb3840-3840wh-expansion-battery-for-f3600-pro-723e63-1722826551804.jpg,FOSSiBOT,Outdoor Generators & Portable Power,Outdoor Generators & Portable Power,geekbuying
geekbuying-528510,"Flashforge AD5X 3D Printer, Smart 4-Color Printing, 600mm/s Max, 220*220*220mm",Brand: Flashforge. Category: Consumer Electronics.,in stock,new,499.00 USD,318.95 USD,https://bytebuy.store/product/geekbuying-528510/,https://img.gkbcdn.com/s3/p/2025-09-16/flashforge-ad5x-3d-printer-fbe572-1757986373723.jpg,Flashforge,Consumer Electronics,Consumer Electronics,geekbuying
geekbuying-525678,"Gweike Cloud G2 Pro 20W Fiber Laser Marking Machine, 10000mm/s Speed, 0.001mm Accuracy, 150mm*150mm, 1.5mm Max. Depth on Metal, 30+ Colors Engraving,",Gweike Cloud G2 Pro 20W Fiber Laser Marking Machine Electric Lift,in stock,new,2199.99 USD,1654.34 USD,https://bytebuy.store/product/geekbuying-525678/,https://img.gkbcdn.com/s3/p/2024-09-09/Gweike-Cloud-G2-Pro-20W-Fiber-Laser-Marking-Machine-Electric-Lift-525678-0.jpg,Gweike,Consumer Electronics,Consumer Electronics,geekbuying
geekbuying-531838,"FOSSiBOT SP200 Pro Bifacial Portable Solar Panel, 200W Power, 25% Solar Conversion Efficiency, 10–15% Rear-Side Power Gain, IP67 Waterproof, Foldable",FOSSiBOT SP200 Pro Bifacial Portable Solar Panel,in stock,new,289.99 USD,252.73 USD,https://bytebuy.store/product/geekbuying-531838/,https://img.gkbcdn.com/s3/p/2026-08-26/FOSSiBOT-SP200-Pro-Bifacial-Portable-Solar-Panel-531838-0.jpg,FOSSiBOT,Outdoor Generators & Portable Power,Outdoor Generators & Portable Power,geekbuying
geekbuying-531634,Akluer 520A-B Dual-Sided Walking Pad with Handle + RL-2000A Multi-Functional Arm Trainer,Brand: Akluer. Category: Smart Home & Garden.,in stock,new,379.99 USD,337.70 USD,https://bytebuy.store/product/geekbuying-531634/,https://img.gkbcdn.com/s3/p/2026-06-16/akluer-520a-b-dual-sided-walking-pad-and-arm-trainer-a10c6a-1781573295020.jpg,Akluer,Smart Home & Garden,Smart Home & Garden,geekbuying
geekbuying-531623,"Teendow HW225A Window Cleaning Robot, 5500Pa Strong Suction, Dual Water Spray System, 100ml Water Tank, APP & Remote Control, Voice Broadcast, 5 Clean",Teendow HW225A Window Cleaning Robot,in stock,new,159.99 USD,110.35 USD,https://bytebuy.store/product/geekbuying-531623/,https://img.gkbcdn.com/s3/p/2026-06-11/Teendow-HW225A-Window-Cleaning-Robot-531623-0.jpg,Teendow,Smart Home & Garden,Smart Home & Garden,geekbuying
geekbuying-524127,"LONGER RAY5 20W Laser Engraver, 32-Bit Chipset, 256-bit Color Scale, 3.5' Touch Screen, 0.08 x 0.1mm Spot, 10000mm/min Max Speed, 400mmx365mm, X/Y-axi",LONGER RAY5 20W Laser Engraver,in stock,new,587.99 USD,506.57 USD,https://bytebuy.store/product/geekbuying-524127/,https://img.gkbcdn.com/s3/p/2025-07-22/longer-ray5-20w-laser-engraver-1b2c1b-1753171735812.jpeg,LONGER,Consumer Electronics,Consumer Electronics,geekbuying
geekbuying-529650,TWO TREES TTS: 150mm Risers (8pcs),Brand: TWO TREES. Category: Consumer Electronics.,in stock,new,31.99 USD,28.68 USD,https://bytebuy.store/product/geekbuying-529650/,https://img.gkbcdn.com/s3/p/2025-07-17/TWO-TREES-150mm-Risers-for-TTS-Laser-Engraver-8-pack-529650-0.jpg,TWO TREES,Consumer Electronics,Consumer Electronics,geekbuying
geekbuying-529819,"UMLO V160 Cordless Vacuum Cleaner, 33kPa 500W Powerful Suction, 60min Runtime, Anti-Tangle Brush, for Pet Hair, Hard Floors and Carpets",UMLO V160 Cordless Vacuum Cleaner,in stock,new,139.00 USD,116.97 USD,https://bytebuy.store/product/geekbuying-529819/,https://img.gkbcdn.com/s3/p/2025-08-05/UMLO-V160-Cordless-Vacuum-Cleaner-529819-0.jpg,Other,Smart Home & Garden,Smart Home & Garden,geekbuying
geekbuying-529864,"FOSSiBOT DT3 5G Rugged Tablet, Android 15, 10.4 inch 1200x2000 Display, 12GB RAM 256GB ROM, WiFi 6, 21560mAh Battery 66W Fast Charge, 64MP+32MP Camera",FOSSiBOT DT3 5G Rugged Tablet 12GB 256GB Blue,in stock,new,399.99 USD,352.06 USD,https://bytebuy.store/product/geekbuying-529864/,https://img.gkbcdn.com/s3/p/2025-08-14/fossibot-dt3-5g-rugged-tablet-12gb-256gb-blue-007e25-1755158850888.jpg,FOSSiBOT,"Computers, Tablets & Accessories","Computers, Tablets & Accessories",geekbuying
geekbuying-531599,"FOSSiBOT S7 Smartphone, 6.9-inch 120Hz HD+ Display, 1.85-inch Custom Rear Screen, Unisoc T615 Octa-Core, 4GB RAM + 128GB ROM, 5000mAh Battery, 16MP Ca",FOSSiBOT S7 Smartphone Obsidian Black,in stock,new,219.99 USD,143.46 USD,https://bytebuy.store/product/geekbuying-531599/,https://img.gkbcdn.com/s3/p/2026-06-05/FOSSiBOT-S7-Smartphone-Obsidian-Black-531599-0.jpg,FOSSiBOT,Phones & Accessories,Phones & Accessories,geekbuying
geekbuying-531652,"FOSSiBOT F106 Plus Rugged Smartphone, 6GB RAM + 128GB ROM, 12000mAh Battery, 120dB Dual Stereo Speakers, 20MP Night Vision Camera, 50MP AI Camera, 6.7",FOSSiBOT F106 Plus Rugged Smartphone 6GB+128GB,in stock,new,269.99 USD,238.37 USD,https://bytebuy.store/product/geekbuying-531652/,https://img.gkbcdn.com/s3/p/2026-06-23/FOSSiBOT-F106-Plus-Rugged-Smartphone-6GB-128GB-531652-0.jpg,FOSSiBOT,Phones & Accessories,Phones & Accessories,geekbuying
geekbuying-531569,"48V/52V Universal Motor with 10-Inch Vacuum Tire for Ausom DT2 Pro, L2 Max / L2 Max Dual Motor",Brand: Other. Category: Sports & Outdoors.,in stock,new,166.46 USD,137.95 USD,https://bytebuy.store/product/geekbuying-531569/,https://img.gkbcdn.com/s3/p/2026-05-28/Universal-Motor-with-10-Inch-Vacuum-Tire-531569-0.jpg,Other,Sports & Outdoors,Sports & Outdoors,geekbuying
geekbuying-531595,"FOSSiBOT F115 Ultra Rugged Smartphone, Dimensity 7100 5G, 36GB RAM + 256GB ROM, 20000mAh Battery, 1200m Laser Rangefinder, Thermal Imaging, 64MP Night",FOSSiBOT F115 Ultra Rugged Smartphone,in stock,new,669.99 USD,440.35 USD,https://bytebuy.store/product/geekbuying-531595/,https://img.gkbcdn.com/s3/p/2026-06-04/FOSSiBOT-F115-Ultra-Rugged-Smartphone-531595-0.jpg,FOSSiBOT,Phones & Accessories,Phones & Accessories,geekbuying
geekbuying-531630,"AIRSEEKERS TRON Robotic Lawn Mower, RTK + VIO + 3D Vision Navigation, 15Ah Battery, 200m²/h Efficiency, 300mm Cutting Width, 33° Slope Climbing, Full",AIRSEEKERS TRON Robotic Lawn Mower,in stock,new,2199.99 USD,1875.07 USD,https://bytebuy.store/product/geekbuying-531630/,https://img.gkbcdn.com/s3/p/2026-06-15/AIRSEEKERS-TRON-Robotic-Lawn-Mower-531630-0.jpg,Other,Smart Home & Garden,Smart Home & Garden,geekbuying
geekbuying-531802,Creality Falcon A1 Pro 20W Laser Engraver + Rotary Kit,Brand: Creality. Category: Consumer Electronics.,in stock,new,1540.15 USD,1025.27 USD,https://bytebuy.store/product/geekbuying-531802/,https://img.gkbcdn.com/s3/p/2026-08-12/creality-falcon-a1-pro-20w-laser-engraver-with-rotary-kit-011672-1786515010206.jpg,Creality,Consumer Electronics,Consumer Electronics,geekbuying
geekbuying-530028,"TWOFISH V5 MAX Electric Scooter with Seat, 800W Motor, 48V 18Ah Battery, Front 11 inch & Rear 10 inch Tires, 45km/h Max Speed, 45km Range, Front & Rea",TWOFISH V5 MAX Electric Scooter with Seat 800W 48V 18Ah,in stock,new,655.99 USD,605.89 USD,https://bytebuy.store/product/geekbuying-530028/,https://img.gkbcdn.com/s3/p/2025-09-01/twofish-v5-max-electric-scooter-with-seat-800w-48v-18ah-3e4144-1756707536841.jpg,TWOFISH,Sports & Outdoors,Sports & Outdoors,geekbuying
geekbuying-527594,Tyvok Spider X1S Laser Engraver and Cutter 20W 800*2000mm,Brand: Tyvok. Category: Consumer Electronics.,in stock,new,879.99 USD,799.99 USD,https://bytebuy.store/product/geekbuying-527594/,https://img.gkbcdn.com/s3/p/2025-02-11/Tyvok-Spider-X1S-Laser-Engraver-and-Cutter-20W-800-2000mm-527594-0.jpg,Tyvok,Consumer Electronics,Consumer Electronics,geekbuying
geekbuying-528512,"NEWTRAL MAGICH003 Ergonomic Chair + Detachable Workstation Desktop, Gray",Brand: NEWTRAL. Category: Smart Home & Garden.,in stock,new,348.99 USD,263.77 USD,https://bytebuy.store/product/geekbuying-528512/,https://img.gkbcdn.com/s3/p/2025-11-19/newtral-magich003-ergonomic-office-chair-with-desktop-gray-b6e033-1763531779755.jpg,NEWTRAL,Smart Home & Garden,Smart Home & Garden,geekbuying
geekbuying-525659,"Liectroux i10 Cordless Stick Vacuum Cleaner, Smart Dust Sensing, 250W BLDC, 27kPa Suction, Colorful Touch Screen, LED Front Light, 45mins Runtime, for",Liectroux i10 Cordless Stick Vacuum Cleaner,in stock,new,147.99 USD,98.22 USD,https://bytebuy.store/product/geekbuying-525659/,https://img.gkbcdn.com/s3/p/2024-09-05/Liectroux-i10-Cordless-Stick-Vacuum-Cleaner-525659-0.jpg,Liectroux,Smart Home & Garden,Smart Home & Garden,geekbuying
geekbuying-531572,"Creality Falcon T1 5-in-1 Laser Engraver, 40W Diode Module, 10,000mm/s High Speed, 0.001mm Ultra Precision, Smart Camera, Class 1 Safety",Creality Falcon T1 40W Diode Laser Engraver,in stock,new,3999.99 USD,3038.30 USD,https://bytebuy.store/product/geekbuying-531572/,https://img.gkbcdn.com/s3/p/2026-05-28/Creality-Falcon-T1-40W-Diode-Laser-Engraver-531572-0.jpg,Creality,Consumer Electronics,Consumer Electronics,geekbuying
geekbuying-530007,"Liectroux S9 Window Cleaning Robot, Dual Roller Brushes, 6-way Water Spray, 9000Pa Suction, Remote and App Control",Brand: Liectroux. Category: Smart Home & Garden.,in stock,new,222.99 USD,198.64 USD,https://bytebuy.store/product/geekbuying-530007/,https://img.gkbcdn.com/s3/p/2026-02-19/liectroux-s9-window-cleaning-robot-white-c4aff7-1771431996772.jpg,Liectroux,Smart Home & Garden,Smart Home & Garden,geekbuying
geekbuying-525940,SCULPFUN S9 5.5W Laser Engraver + Laser Bed + Rotary Roller,Brand: SCULPFUN. Category: Consumer Electronics.,in stock,new,473.23 USD,296.88 USD,https://bytebuy.store/product/geekbuying-525940/,https://img.gkbcdn.com/s3/p/2024-10-18/sculpfun-s9-5-5w-laser-engraver-laser-bed-rotary-roller--4b5919-1729222309347.jpg,SCULPFUN,Consumer Electronics,Consumer Electronics,geekbuying
geekbuying-531805,2500W EU Plug Adapter,Brand: Other. Category: Phones & Accessories.,in stock,new,16.99 USD,9.92 USD,https://bytebuy.store/product/geekbuying-531805/,https://img.gkbcdn.com/s3/p/2026-08-13/2500W-EU-Plug-Adapter-531805-0.jpg,Other,Phones & Accessories,Phones & Accessories,geekbuying
geekbuying-526192,Mecpow 1mm & 0.8mm Gas-free Self-protection Welding Wire + Carbon Steel Electrodes,Brand: Mecpow. Category: Consumer Electronics.,in stock,new,24.78 USD,24.28 USD,https://bytebuy.store/product/geekbuying-526192/,https://img.gkbcdn.com/s3/p/2024-10-28/mecpow-1mm---0-8mm-welding-wire---carbon-steel-electrodes-c02fd7-1730098446653.jpg,Mecpow,Consumer Electronics,Consumer Electronics,geekbuying
geekbuying-522325,"Liectroux G7 Robot Vacuum Cleaner, 6500Pa Suction, Laser Navigation, 5200mAh Battery, Run 180mins - Black",Brand: Liectroux. Category: Smart Home & Garden.,in stock,new,429.99 USD,230.66 USD,https://bytebuy.store/product/geekbuying-522325/,https://img.gkbcdn.com/s3/p/2023-09-28/Liectroux-G7-Robot-Vacuum-Cleaner-522325-0.jpg,Liectroux,Smart Home & Garden,Smart Home & Garden,geekbuying
geekbuying-524125,"LONGER RAY5 5W Laser Engraver, 32-Bit Chipset, WIFI Connection, 3.5"" Touch Screen & Offline Carving, 0.08x0.08mm Spot, 24000mm/min Max Speed, 400mmx40",LONGER RAY5 5W Laser Engraver,in stock,new,289.99 USD,252.73 USD,https://bytebuy.store/product/geekbuying-524125/,https://img.gkbcdn.com/s3/p/2024-10-11/longer-ray5-5w-laser-engraver-7def37-1728626263452.jpg,LONGER,Consumer Electronics,Consumer Electronics,geekbuying
geekbuying-524126,"LONGER RAY5 10W Laser Engraver, 0.06x0.06mm Spot, 3.5'' Touch Screen & Offline Carving, 32-Bit Chipset, WiFi Connection, 24000mm/min Max Speed, 400mmx",LONGER RAY5 10W Laser Engraver,in stock,new,376.99 USD,329.99 USD,https://bytebuy.store/product/geekbuying-524126/,https://img.gkbcdn.com/s3/p/2024-10-11/longer-ray5-10w-laser-engraver-f7565c-1728626366723.jpg,LONGER,Consumer Electronics,Consumer Electronics,geekbuying
geekbuying-529637,TWO TREES TTC6050 CNC Router Machine + Router Vacuum Cleaner + 500W Air Cooling Kit,Brand: TWO TREES. Category: Consumer Electronics.,in stock,new,1600.00 USD,1433.62 USD,https://bytebuy.store/product/geekbuying-529637/,https://img.gkbcdn.com/s3/p/2025-07-17/two-trees-ttc6050-500w-cnc-router-machine-vacuum-air-cooling-kit-375419-1752719240425.jpg,TWO TREES,Consumer Electronics,Consumer Electronics,geekbuying
geekbuying-515201,Redragon M910-KS RANGER LITE RGB 2.4G Wireless/Wired Double Modes Gaming Mouse 8000 DPI with Rapid Fire Buttons - Black,"Brand: Redragon. Category: Computers, Tablets & Accessories.",in stock,new,49.99 USD,33.10 USD,https://bytebuy.store/product/geekbuying-515201/,https://img.gkbcdn.com/s3/p/2022-08-19/Redragon-M910-KS-RANGER-LITE-RGB-2-4G-Wireless-Gaming-Mouse-515201-0.jpg,Redragon,"Computers, Tablets & Accessories","Computers, Tablets & Accessories",geekbuying
geekbuying-529652,TWO TREES TR2 Pro: 4-in-1 Rotary Roller Y-Axis,Brand: TWO TREES. Category: Consumer Electronics.,in stock,new,231.99 USD,198.64 USD,https://bytebuy.store/product/geekbuying-529652/,https://img.gkbcdn.com/s3/p/2025-07-17/TWO-TREES-TR2-PRO-4-in-1-Y-axis-Rotary-Roller-529652-0.jpg,TWO TREES,Consumer Electronics,Consumer Electronics,geekbuying
geekbuying-527593,Tyvok Spider A1 Laser Engraver and Cutter 10W 800L 800x400mm,Brand: Tyvok. Category: Consumer Electronics.,in stock,new,399.99 USD,349.00 USD,https://bytebuy.store/product/geekbuying-527593/,https://img.gkbcdn.com/s3/p/2025-02-11/Tyvok-Spider-A1-Laser-Engraver-and-Cutter-10W-800L-800x400mm-527593-0.jpg,Tyvok,Consumer Electronics,Consumer Electronics,geekbuying
geekbuying-531598,"FOSSiBOT S7 Smartphone, 6.9-inch 120Hz HD+ Display, 1.85-inch Custom Rear Screen, Unisoc T615 Octa-Core, 4GB RAM + 128GB ROM, 5000mAh Battery, 16MP Ca",FOSSiBOT S7 Smartphone Golden Wheat,in stock,new,219.99 USD,143.46 USD,https://bytebuy.store/product/geekbuying-531598/,https://img.gkbcdn.com/s3/p/2026-06-05/FOSSiBOT-S7-Smartphone-Golden-Wheat-531598-0.jpg,FOSSiBOT,Phones & Accessories,Phones & Accessories,geekbuying
geekbuying-526083,"LONGER Nano 6W Portable Laser Engraver, Diode Lasers with FAC, 5000mm/s Ultra-Fast Speed, 0.05mm Precision, LightBurn & LaserGRBL, LaserBurn APP Opera",LONGER Nano 6W Portable Diode Laser Engraver,in stock,new,699.99 USD,499.00 USD,https://bytebuy.store/product/geekbuying-526083/,https://img.gkbcdn.com/s3/p/2024-10-23/LONGER-Nano-6W-Portable-Diode-Laser-Engraver-526083-0.jpg,LONGER,Consumer Electronics,Consumer Electronics,geekbuying
geekbuying-525952,"NEWTRAL MAGICH003 Ergonomic Office Chair, Auto-Following Backrest, Adaptive Lower Back Support, Adjustable Headrest Seat Depth, 3D Armrest Recliner, 3",NEWTRAL MAGICH003 Ergonomic Office Chair Black,in stock,new,279.99 USD,259.00 USD,https://bytebuy.store/product/geekbuying-525952/,https://img.gkbcdn.com/s3/p/2025-04-17/newtral-magich003-ergonomic-office-chair-4d54fe-1744856229217.jpg,NEWTRAL,Smart Home & Garden,Smart Home & Garden,geekbuying
geekbuying-524123,"SCULPFUN S30 Pro 10W Laser Engraver Cutter, Automatic Air-assist, 0.06*0.08mm Laser Focus, 32-bit Motherboard, Replaceable Lens, Engraving Size 410*40",SCULPFUN S30 Pro 10W Laser Engraver Cutter,in stock,new,612.99 USD,499.00 USD,https://bytebuy.store/product/geekbuying-524123/,https://img.gkbcdn.com/s3/p/2024-04-08/SCULPFUN-S30-Pro-10W-Laser-Engraver-Cutter-524123-0.jpg,SCULPFUN,Consumer Electronics,Consumer Electronics,geekbuying
geekbuying-531573,"Creality Falcon T1 5-in-1 Laser Engraver, 20W Fiber Module, 10,000mm/s High Speed, 0.001mm Ultra Precision, Smart Camera, Class 1 Safety",Creality Falcon T1 20W Fiber Laser Engraver,in stock,new,3299.99 USD,2738.11 USD,https://bytebuy.store/product/geekbuying-531573/,https://img.gkbcdn.com/s3/p/2026-05-28/Creality-Falcon-T1-20W-Fiber-Laser-Engraver-531573-0.jpg,Creality,Consumer Electronics,Consumer Electronics,geekbuying
geekbuying-527492,"KuKirin G2 Pro (VMP) Electric Scooter, 500W Motor, 48V 15.6Ah Battery, 9 inch Vacuum Tire, 25km/h Max Speed, 65km Range, Front & Rear Disc Brakes, Spr",KuKirin G2 Pro (VMP) Electric Scooter 500W 48V 15.6Ah,in stock,new,607.99 USD,561.75 USD,https://bytebuy.store/product/geekbuying-527492/,https://img.gkbcdn.com/s3/p/2025-01-24/KuKirin-G2-Pro--VMP--Electric-Scooter-500W-48V-15-6Ah-527492-7.jpg,KuKirin,Sports & Outdoors,Sports & Outdoors,geekbuying
geekbuying-530014,"Creality K2 Combo 3D Printer, CFS System, Up to 16-Color Printing, 260×260×260mm",Brand: Creality. Category: Consumer Electronics.,in stock,new,799.98 USD,550.71 USD,https://bytebuy.store/product/geekbuying-530014/,https://img.gkbcdn.com/s3/p/2025-08-28/Creality-K2-Combo-3D-Printer-530014-0.jpg,Creality,Consumer Electronics,Consumer Electronics,geekbuying
geekbuying-531582,"3DMakerpro Raven LiDAR Scanner, Single 12MP Camera, 100m Scan Range, 150,000 Points/s, 360°×40° FOV, 4K True-Color Capture, 32GB Storage, 12000mAh Bat",3DMakerpro Raven LiDAR Scanner,in stock,new,2199.99 USD,1764.71 USD,https://bytebuy.store/product/geekbuying-531582/,https://img.gkbcdn.com/s3/p/2026-06-01/3DMakerpro-Raven-LiDAR-Scanner-531582-0.jpg,3DMakerpro,Consumer Electronics,Consumer Electronics,geekbuying
geekbuying-530254,Creality Falcon A1 Pro 20W Laser + 150W Fume Extractor,Brand: Creality. Category: Consumer Electronics.,in stock,new,1399.99 USD,1312.22 USD,https://bytebuy.store/product/geekbuying-530254/,https://img.gkbcdn.com/s3/p/2025-09-25/creality-falcon-a1-pro-20w-laser-150w-fume-extractor-0773fd-1758779397293.jpg,Creality,Consumer Electronics,Consumer Electronics,geekbuying
geekbuying-527854,"Hydrofast C100 Countertop Water Purifier, Room Temperature & Cold Water, Reverse Osmosis Water Filter for Home, Office",Brand: Hydrofast. Category: Smart Home & Garden.,in stock,new,439.00 USD,399.00 USD,https://bytebuy.store/product/geekbuying-527854/,https://img.gkbcdn.com/s3/p/2025-03-03/Hydrofast-C100-Countertop-Water-Purifier-Room-Temperature-Cold-Water-527854-1.jpg,Hydrofast,Smart Home & Garden,Smart Home & Garden,geekbuying
geekbuying-528255,"Halo Knight T102 Electric Scooter, 1200W Motor, 52V 21Ah Battery, 10 inch Tires, 50km/h Max Speed, 45km Range, Dual Disc Brakes, Dual Suspensions",Halo Knight T102 Electric Scooter 1200W 52V 21Ah,in stock,new,890.99 USD,639.00 USD,https://bytebuy.store/product/geekbuying-528255/,https://img.gkbcdn.com/s3/p/2025-04-01/Halo-Knight-T102-Electric-Scooter-1200W-52V-21Ah-528255-0.jpg,Halo Knight,Sports & Outdoors,Sports & Outdoors,geekbuying
geekbuying-528500,"NEWTRAL MAGICH003 Ergonomic Office Chair, Auto-Following Backrest, Adaptive Lower Back Support, Adjustable Headrest Seat Depth, 3D Armrest Recliner, 3",NEWTRAL MAGICH003 Ergonomic Office Chair Gray,in stock,new,279.00 USD,259.00 USD,https://bytebuy.store/product/geekbuying-528500/,https://img.gkbcdn.com/s3/p/2025-04-17/newtral-magich003-ergonomic-office-chair-gray-940d5e-1744883770692.jpg,NEWTRAL,Smart Home & Garden,Smart Home & Garden,geekbuying
geekbuying-524672,"FOSSiBOT F3600 Pro Portable Power Station, 3840Wh LiFePO4 Battery, Max. 11520Wh Expansion, 3600W High AC Output, 2000W Max Solar Charge, 1.5h Full Cha",FOSSiBOT F3600 Pro Portable Power Station,in stock,new,2699.99 USD,1532.94 USD,https://bytebuy.store/product/geekbuying-524672/,https://img.gkbcdn.com/s3/p/2024-06-17/fossibot-f3600-pro-portable-power-station-b927bd-1718604786808.jpg,FOSSiBOT,Outdoor Generators & Portable Power,Outdoor Generators & Portable Power,geekbuying
geekbuying-531574,"Creality Falcon T1 5-in-1 Laser Engraver, 20W Diode Module, 10,000mm/s High Speed, 0.001mm Ultra Precision, Smart Camera, Class 1 Safety",Creality Falcon T1 20W Diode Laser Engraver,in stock,new,3599.99 USD,2531.73 USD,https://bytebuy.store/product/geekbuying-531574/,https://img.gkbcdn.com/s3/p/2026-05-28/Creality-Falcon-T1-20W-Diode-Laser-Engraver-531574-0.jpg,Creality,Consumer Electronics,Consumer Electronics,geekbuying
geekbuying-530015,Tronsmart Bang 2 Portable Party Speaker - Black,Brand: Tronsmart. Category: Consumer Electronics.,in stock,new,149.99 USD,143.46 USD,https://bytebuy.store/product/geekbuying-530015/,https://img.gkbcdn.com/s3/p/2025-08-29/17d8981b093f4c5c989d2705a6cf8b09-530015-0.jpg,Tronsmart,Consumer Electronics,Consumer Electronics,geekbuying
geekbuying-521563,Creality Ender-PLA Pro (PLA+) Filament - Rainbow,Brand: Creality. Category: Consumer Electronics.,in stock,new,24.99 USD,24.27 USD,https://bytebuy.store/product/geekbuying-521563/,https://img.gkbcdn.com/s3/p/2023-09-29/creality-ender-pla--1-75mm-3d-printing-filament-rainbow-f8cca8-1695980762658.jpg,Creality,Consumer Electronics,Consumer Electronics,geekbuying
geekbuying-529653,TWO TREES TR2 Pro: 4-in-1 Rotary Roller Y-Axis,Brand: TWO TREES. Category: Consumer Electronics.,in stock,new,239.99 USD,209.99 USD,https://bytebuy.store/product/geekbuying-529653/,https://img.gkbcdn.com/s3/p/2025-07-17/TWO-TREES-TR2-PRO-4-in-1-Y-axis-Rotary-Roller-529653-0.jpg,TWO TREES,Consumer Electronics,Consumer Electronics,geekbuying
geekbuying-523201,"KuKirin G2 Master Electric Scooter, 10"" Off-road Tubeless Tires 1000W*2 Dual Motor 52V 20.8Ah Battery 70km Max Range 60km/h Max Speed, Front & Rear Di",KuKirin G2 Master 1000W*2 Dual Motor 52V 20.8Ah Electric Scooter,in stock,new,1099.99 USD,925.95 USD,https://bytebuy.store/product/geekbuying-523201/,https://img.gkbcdn.com/s3/p/2025-06-13/kukirin-g2-master-1000w-2-dual-motor-52v-20-8ah-electric-scooter-a28c4e-1749804330936.jpg,KuKirin,Sports & Outdoors,Sports & Outdoors,geekbuying
geekbuying-529575,"FENGQS Q8 Electric Bike, 750W Motor, 48V 17.5Ah Battery, 27.5 inch Tires, 50km/h Max Speed, 85km Range, Mechanical Disc Brakes, 21-speed - Red",FENGQS Q8 Electric Bike 750W 48V 17.5Ah Red,in stock,new,1099.00 USD,970.09 USD,https://bytebuy.store/product/geekbuying-529575/,https://img.gkbcdn.com/s3/p/2025-07-23/fengqs-q8-electric-bike-750w-48v-17-5ah-red-3f84fe-1753257712964.jpg,FENGQS,Sports & Outdoors,Sports & Outdoors,geekbuying
geekbuying-527508,"OUKITEL P2001 Plus Portable Power Station, 2400W AC Output, 2048Wh LiFePO4 Battery, 13 Outlets, 80% Charge in 1Hr, Smart APP Control, Adjust at 400W/8",OUKITEL P2001 Plus Portable Power Station 2048Wh 2400W,in stock,new,999.99 USD,849.00 USD,https://bytebuy.store/product/geekbuying-527508/,https://img.gkbcdn.com/s3/p/2025-01-25/OUKITEL-P2001-Plus-Portable-Power-Station-US-Plug-527508-0.jpg,OUKITEL,Outdoor Generators & Portable Power,Outdoor Generators & Portable Power,geekbuying
geekbuying-528445,CHUWI Magnetic Keyboard for Hi10 Max Laptop,"Brand: Chuwi. Category: Computers, Tablets & Accessories.",in stock,new,69.99 USD,55.17 USD,https://bytebuy.store/product/geekbuying-528445/,https://img.gkbcdn.com/s3/p/2025-04-14/CHUWI-Magnetic-Keyboard-for-Hi10-Max-Laptop-528445-0.jpg,Chuwi,"Computers, Tablets & Accessories","Computers, Tablets & Accessories",geekbuying
geekbuying-531496,"MESWAO 32"" Smart Mobile Screen, Android 13, 8GB RAM 128GB ROM, Octa-Core Processor, 1080P FHD IPS Touch Display, 300nits Brightness, 10000mAh Battery,","MESWAO 32"" Smart Mobile Screen",in stock,new,775.99 USD,699.00 USD,https://bytebuy.store/product/geekbuying-531496/,https://img.gkbcdn.com/s3/p/2026-05-11/MESWAO-32--Smart-Mobile-Screen-531496-0.jpg,MESWAO,"Computers, Tablets & Accessories","Computers, Tablets & Accessories",geekbuying
geekbuying-531588,"Mecpow X3S 7W Laser Engraver, 0.05x0.07mm Laser Spot, 10000mm/min High Speed, 360×360mm Workspace",Brand: Mecpow. Category: Consumer Electronics.,in stock,new,209.99 USD,187.61 USD,https://bytebuy.store/product/geekbuying-531588/,https://img.gkbcdn.com/s3/p/2026-09-07/mecpow-x3s-7w-laser-engraver-500c1d-1788767117183.jpg,Mecpow,Consumer Electronics,Consumer Electronics,geekbuying
geekbuying-518035,"HiBREW H4A 80W Portable Car Coffee Machine,3-in-1 Expresso Coffee Maker - Black",Brand: HiBREW. Category: Smart Home & Garden.,in stock,new,199.99 USD,98.22 USD,https://bytebuy.store/product/geekbuying-518035/,https://img.gkbcdn.com/s3/p/2022-10-26/HiBREW-H4A-80W-Portable-Car-Coffee-Machine-with-Stand-518035-0.jpg,HiBREW,Smart Home & Garden,Smart Home & Garden,geekbuying
geekbuying-522358,"LONGER Laser B1 44W-48W Laser Engraver Cutter, 36000mm/min, Cut 40mm Basswood / 50mm Acrylic, Air-Assist Kit, 8 Safety Protections, 450x440mm (17.72""x",LONGER Laser B1 40W Laser Engraver Cutter,in stock,new,1599.99 USD,859.99 USD,https://bytebuy.store/product/geekbuying-522358/,https://img.gkbcdn.com/s3/p/2024-10-11/longer-laser-b1-40w-laser-engraver-cutter-1c1ca8-1728626557608.jpg,LONGER,Consumer Electronics,Consumer Electronics,geekbuying
geekbuying-526084,"LONGER Nano 6W Portable Laser Engraver, Diode Lasers with FAC, 5000mm/s Ultra-Fast Speed, 0.05mm Precision, LightBurn & LaserGRBL, LaserBurn APP Opera",LONGER Nano 6W Portable Diode Laser Engraver,in stock,new,699.99 USD,451.38 USD,https://bytebuy.store/product/geekbuying-526084/,https://img.gkbcdn.com/s3/p/2024-10-23/LONGER-Nano-6W-Portable-Diode-Laser-Engraver-526084-0.jpg,LONGER,Consumer Electronics,Consumer Electronics,geekbuying
geekbuying-526821,"Liectroux YW910 Window Cleaning Robot, Double Water Spray, 3000Pa Vacuum Suction, Laser Sensor, App & Remote Control, Memory Function",Liectroux YW910 Window Cleaning Robot,in stock,new,148.99 USD,132.43 USD,https://bytebuy.store/product/geekbuying-526821/,https://img.gkbcdn.com/s3/p/2024-11-27/Liectroux-YW910-Window-Cleaning-Robot-526821-1.jpg,Liectroux,Smart Home & Garden,Smart Home & Garden,geekbuying
geekbuying-525679,"Gweike Cloud G2 Pro 20W Fiber Laser Marking Machine, 10000mm/s Speed, 0.001mm Accuracy, 110mm*110mm, 1.5mm Max. Depth on Metal, 30+ Colors Engraving,",Gweike Cloud G2 Pro 20W Fiber Laser Marking Machine Manual Lift,in stock,new,1799.99 USD,1543.98 USD,https://bytebuy.store/product/geekbuying-525679/,https://img.gkbcdn.com/s3/p/2024-09-09/Gweike-Cloud-G2-Pro-20W-Fiber-Laser-Marking-Machine-Manual-Lift-525679-0.jpg,Other,Consumer Electronics,Consumer Electronics,geekbuying
geekbuying-527507,"OUKITEL P5000 Pro Portable Power Station, 5120Wh LiFePO4 Battery, 3600W AC Outlets, Solar Generators, APP Control, Smart Temperature Control, 15 Outpu",OUKITEL P5000 Pro 5120Wh 3600W Portable Power Station,in stock,new,3999.99 USD,3599.00 USD,https://bytebuy.store/product/geekbuying-527507/,https://img.gkbcdn.com/s3/p/2025-01-25/OUKITEL-P5000-Pro-5120Wh-3600W-Portable-Power-Station-US-Plug-527507-0.jpg,OUKITEL,Outdoor Generators & Portable Power,Outdoor Generators & Portable Power,geekbuying
geekbuying-529808,JIMMY RO-2.0S RO Membrane Filter for R9 / R9 Pro (24 Months),Brand: JIMMY. Category: Smart Home & Garden.,in stock,new,55.17 USD,,https://bytebuy.store/product/geekbuying-529808/,https://img.gkbcdn.com/s3/p/2025-08-04/JIMMY-R9-Filter-2-Reverse-Osmosis-Membrane-Filter-RO-2-0S-529808-0.jpg,JIMMY,Smart Home & Garden,Smart Home & Garden,geekbuying
geekbuying-525942,SCULPFUN S30 Pro Max 20W Laser Engraver + Rotary Roller + Laser Bed,Brand: SCULPFUN. Category: Consumer Electronics.,in stock,new,799.00 USD,584.91 USD,https://bytebuy.store/product/geekbuying-525942/,https://img.gkbcdn.com/s3/p/2024-10-18/sculpfun-s30-pro-max-20w-laser-engraver---rotary-roller---laser-bed-424f2c-1729222785297.jpg,SCULPFUN,Consumer Electronics,Consumer Electronics,geekbuying
geekbuying-529183,FOSSiBOT MC4 to XT90 Solar Charging Cable 5m for F2400 F3600 F3600 Pro,Brand: FOSSiBOT. Category: Outdoor Generators & Portable Power.,in stock,new,59.99 USD,44.13 USD,https://bytebuy.store/product/geekbuying-529183/,https://img.gkbcdn.com/s3/p/2025-06-11/FOSSiBOT-MC4-to-XT90-Solar-Charging-Cable-5m-for-F2400-F3600-F3600-Pro-529183-0.jpg,FOSSiBOT,Outdoor Generators & Portable Power,Outdoor Generators & Portable Power,geekbuying
geekbuying-526019,PVY Z20 Plus 1000W Folding Electric Bike 20*4.0 Fat Tire 48V 16.5Ah Battery 80-120km Range Shimano 7-Speed Shifter Lockable Suspension Fork and Rear S,PVY Z20 Plus E-Bike 20 inch Tires 48V 1000W 16.5Ah 50km/h Speed Khaki,in stock,new,1684.04 USD,1282.08 USD,https://bytebuy.store/product/geekbuying-526019/,https://img.gkbcdn.com/s3/p/2023-07-10/PVY-Z20-Plus-Folding-E-bike-1000W-16-5Ah-Khaki-521186-2.jpg,PVY,Sports & Outdoors,Sports & Outdoors,geekbuying
geekbuying-522357,"LONGER Laser B1 44W-48W Laser Engraver Cutter, 36000mm/min, Cut 40mm Basswood / 50mm Acrylic, Air-Assist Kit, 8 Safety Protections, 450x440mm (17.72""x",LONGER Laser B1 40W Laser Engraver Cutter,in stock,new,1599.99 USD,716.26 USD,https://bytebuy.store/product/geekbuying-522357/,https://img.gkbcdn.com/s3/p/2026-09-09/longer-laser-b1-40w-laser-engraver-cutter-7a72df-1788926215003.jpg,LONGER,Consumer Electronics,Consumer Electronics,geekbuying
geekbuying-521285,Mecpow H44: Laser Bed 440×440×22mm,Brand: Mecpow. Category: Consumer Electronics.,in stock,new,59.99 USD,43.04 USD,https://bytebuy.store/product/geekbuying-521285/,https://img.gkbcdn.com/s3/p/2023-07-15/mecpow-h44-440-440-22mm-laser-bed-1478b0-1689410922604.jpg,Mecpow,Consumer Electronics,Consumer Electronics,geekbuying
geekbuying-529405,2Pcs Hydrofast HF03 Composite Filter for W100 Water Purifier,Brand: Hydrofast. Category: Smart Home & Garden.,in stock,new,139.00 USD,104.84 USD,https://bytebuy.store/product/geekbuying-529405/,https://img.gkbcdn.com/s3/p/2025-06-27/2pcs-hydrofast-hf03-composite-filter-element-for-w100-water-purifier-c109fa-1751009146706.jpg,Hydrofast,Smart Home & Garden,Smart Home & Garden,geekbuying
geekbuying-529642,TWO TREES TS2/TTS: Air Assist Kit,Brand: TWO TREES. Category: Consumer Electronics.,in stock,new,94.99 USD,79.99 USD,https://bytebuy.store/product/geekbuying-529642/,https://img.gkbcdn.com/s3/p/2025-07-17/TWO-TREES-Air-Assist-Kit-for-TTS-TS2-US-Plug-529642-0.jpg,TWO TREES,Consumer Electronics,Consumer Electronics,geekbuying
geekbuying-527676,"ENGWE L20 BOOST Electric Bike, 250W Motor, 48V 13AH Battery, 20*4-inch Fat Tires, 25km/h Max Speed, 126km Max Range, Torque Sensor, Shimano 7-Speed, F",ENGWE L20 BOOST Electric Bike Black,in stock,new,1646.99 USD,1268.07 USD,https://bytebuy.store/product/geekbuying-527676/,https://img.gkbcdn.com/s3/p/2025-02-19/ENGWE-L20-BOOST-Electric-Bike-Black-527676-0.jpg,ENGWE,Sports & Outdoors,Sports & Outdoors,geekbuying
geekbuying-521468,LONGER RAY5: Y-Axis Extension Kit 375×825mm,Brand: LONGER. Category: Consumer Electronics.,in stock,new,99.99 USD,69.99 USD,https://bytebuy.store/product/geekbuying-521468/,https://img.gkbcdn.com/s3/p/2023-08-01/LONGER-RAY5-Laser-Engraver-Y-Axis-Extension-Kit-521468-0.jpg,LONGER,Consumer Electronics,Consumer Electronics,geekbuying
geekbuying-524902,TWO TREES TTC450/450 Pro/TTC6050: CNC Rotary Module Kit,Brand: TWO TREES. Category: Consumer Electronics.,in stock,new,145.99 USD,129.00 USD,https://bytebuy.store/product/geekbuying-524902/,https://img.gkbcdn.com/s3/p/2025-10-22/two-trees-4th-axis-cnc-rotary-module-kit-for-ttc450-laser-f7bb22-1761122264593.jpg,TWO TREES,Consumer Electronics,Consumer Electronics,geekbuying
geekbuying-531444,NEWTRAL Small Standing-Mate Ergonomic Standing Desk Chair + ACGAM Height Adjustable Electric Desk,Brand: NEWTRAL. Category: Smart Home & Garden.,in stock,new,579.99 USD,517.60 USD,https://bytebuy.store/product/geekbuying-531444/,https://img.gkbcdn.com/s3/p/2026-04-23/newtral-mt-m-standing-mate-ergonomic-standing-desk-chair-with-desk-359cbf-1776926937954.jpg,NEWTRAL,Smart Home & Garden,Smart Home & Garden,geekbuying
geekbuying-520610,Creality K1 Max AI Speedy 3D Printer with Unicorn Quick Swap Nozzle,Brand: Creality. Category: Consumer Electronics.,in stock,new,1156.05 USD,528.64 USD,https://bytebuy.store/product/geekbuying-520610/,https://img.gkbcdn.com/s3/p/2026-09-02/creality-k1-max-3d-printer--0e8585-1788313861956.jpg,Creality,Consumer Electronics,Consumer Electronics,geekbuying
geekbuying-529626,7kg Mecpow High Speed PLA+ Filament - Red/ Blue/ Skin Color/ Green/ Yellow/ Orange/ Pink,Brand: Mecpow. Category: Consumer Electronics.,in stock,new,210.00 USD,77.24 USD,https://bytebuy.store/product/geekbuying-529626/,https://img.gkbcdn.com/s3/p/2025-07-16/mecpow-high-speed-pla-3d-printer-filament-852c34-1752634583674.jpg,Mecpow,Consumer Electronics,Consumer Electronics,geekbuying
geekbuying-529641,TWO TREES TS2/TTS: Air Assist Kit,Brand: TWO TREES. Category: Consumer Electronics.,in stock,new,87.99 USD,77.24 USD,https://bytebuy.store/product/geekbuying-529641/,https://img.gkbcdn.com/s3/p/2025-07-17/TWO-TREES-Air-Assist-Kit-for-TTS-TS2-EU-Plug-529641-0.jpg,TWO TREES,Consumer Electronics,Consumer Electronics,geekbuying
geekbuying-521429,2pcs HEPA Filters for JIMMY BX6 Pro/BD7 Pro Anti Mite Vacuum Cleaner,Brand: JIMMY. Category: Smart Home & Garden.,in stock,new,29.99 USD,27.58 USD,https://bytebuy.store/product/geekbuying-521429/,https://img.gkbcdn.com/s3/p/2023-07-31/2pcs-HEPA-Filters-for-JIMMY-BX6-Pro-BD7-Pro-521429-0.jpg,JIMMY,Smart Home & Garden,Smart Home & Garden,geekbuying
geekbuying-531498,"ATOMSTACK F4N Laser Bed, 400×400×13mm",Brand: ATOMSTACK. Category: Consumer Electronics.,in stock,new,69.99 USD,55.17 USD,https://bytebuy.store/product/geekbuying-531498/,https://img.gkbcdn.com/s3/p/2026-05-11/ATOMSTACK-F4N-Laser-Bed-531498-0.jpg,ATOMSTACK,Consumer Electronics,Consumer Electronics,geekbuying
geekbuying-529721,"HiBREW H3B 3-in-1 Capsule Coffee Machine, 20Bar Pressure, 850ml Water Tank, 7-temp Settings, Magnetic Cup Holder Adjustment",Brand: HiBREW. Category: Smart Home & Garden.,in stock,new,139.00 USD,102.64 USD,https://bytebuy.store/product/geekbuying-529721/,https://img.gkbcdn.com/s3/p/2025-07-24/HIBREW-H3B-Capsule-Coffee-Machine-529721-0.jpg,HiBREW,Smart Home & Garden,Smart Home & Garden,geekbuying
geekbuying-529777,"Teendow C6 MAX 3-in-1 Carpet Cleaner - 12000Pa Suction, 1250ML Water Tank, 950ML Sewage Tank, Pet-Friendly for Upholstery & Carpet Cleaning",Teendow C6 MAX 3-In-1 Upholstery and Carpet Cleaner,in stock,new,154.63 USD,98.22 USD,https://bytebuy.store/product/geekbuying-529777/,https://img.gkbcdn.com/s3/p/2025-07-29/Teendow-C6-MAX-3-In-1-Upholstery-and-Carpet-Cleaner-529777-0.jpg,Teendow,Smart Home & Garden,Smart Home & Garden,geekbuying
geekbuying-529794,5kg Mecpow PLA Filament (2kg High-Speed PLA Matte + 3kg PLA) - Rainbow,Brand: Mecpow. Category: Consumer Electronics.,in stock,new,114.99 USD,65.11 USD,https://bytebuy.store/product/geekbuying-529794/,https://img.gkbcdn.com/s3/p/2025-07-30/mecpow-high-speed-pla-matte-rainbow-filament-1kg-frosting-cake-7b6ea2-1753863584228.jpeg,Mecpow,Consumer Electronics,Consumer Electronics,geekbuying
geekbuying-528446,CHUWI H7 Stylus,"Brand: Chuwi. Category: Computers, Tablets & Accessories.",in stock,new,39.98 USD,33.10 USD,https://bytebuy.store/product/geekbuying-528446/,https://img.gkbcdn.com/s3/p/2025-04-14/CHUWI-H7-Stylus-528446-0.jpg,Chuwi,"Computers, Tablets & Accessories","Computers, Tablets & Accessories",geekbuying
geekbuying-520479,Original Battery Charging Base for Jimmy H9 Pro/JV85 Pro,Brand: JIMMY. Category: Smart Home & Garden.,in stock,new,19.99 USD,15.99 USD,https://bytebuy.store/product/geekbuying-520479/,https://img.gkbcdn.com/s3/p/2021-06-15/jimmy-h9-pro-jv85-pro-jv85-battery-charging-base-1623752919134.jpg,JIMMY,Smart Home & Garden,Smart Home & Garden,geekbuying
geekbuying-498451,TASVAC S8 Cordless Vacuum Cleaner 23KPa Strong Suction with Washable HEPA Filter Suitable for Family Cars Pet Hair Carpet - Black,Brand: Other. Category: Smart Home & Garden.,in stock,new,199.99 USD,110.35 USD,https://bytebuy.store/product/geekbuying-498451/,https://img.gkbcdn.com/s3/p/2022-03-29/TASVAC-S8-Handheld-Cordless-Vacuum-Cleaner-498451-0.jpg,Other,Smart Home & Garden,Smart Home & Garden,geekbuying
geekbuying-516929,NEWTRAL NT001 Ergonomic Chair Adaptive Lower Back Support 3 Recline Angle Adjustable Backrest Armrest Headrest 5 Positions to Lock Nylon Base - Standa,NEWTRAL Chair Standard NT001,in stock,new,429.99 USD,379.99 USD,https://bytebuy.store/product/geekbuying-516929/,https://img.gkbcdn.com/s3/p/2022-07-22/NEWTRAL-Chair-Standard-NT001-509062-0.jpg,NEWTRAL,Smart Home & Garden,Smart Home & Garden,geekbuying
geekbuying-524390,"OUKITEL BP2000 Portable Power Station, 2048Wh/640000mAh LiFePO4 Battery Solar Generator, 2200W AC Output, 2000W UPS",Brand: OUKITEL. Category: Outdoor Generators & Portable Power.,in stock,new,1313.99 USD,1099.00 USD,https://bytebuy.store/product/geekbuying-524390/,https://img.gkbcdn.com/s3/p/2024-04-30/OUKITEL-BP2000-Portable-Power-Station-524390-1.jpg,OUKITEL,Outdoor Generators & Portable Power,Outdoor Generators & Portable Power,geekbuying
geekbuying-529869,"FOSSiBOT FAC580 580W Alternator Charger for FOSSiBOT Power Station, Black",Brand: FOSSiBOT. Category: Outdoor Generators & Portable Power.,in stock,new,299.99 USD,219.62 USD,https://bytebuy.store/product/geekbuying-529869/,https://img.gkbcdn.com/s3/p/2025-08-08/FOSSiBOT-FAC580-580W-Alternator-Charger-for-Power-Station-Black-529869-0.jpg,FOSSiBOT,Outdoor Generators & Portable Power,Outdoor Generators & Portable Power,geekbuying
geekbuying-515212,Redragon P037 Meteor L Keyboard Wrist Rest Pad Soft Memory Foam Wrist Support Anti-Slip Rubber Base Size 435*73*20mm,"Brand: Redragon. Category: Computers, Tablets & Accessories.",in stock,new,32.99 USD,21.99 USD,https://bytebuy.store/product/geekbuying-515212/,https://img.gkbcdn.com/s3/p/2022-08-19/Redragon-P037-Meteor-L-Keyboard-Wrist-Rest-Pad-515212-0.jpg,Redragon,"Computers, Tablets & Accessories","Computers, Tablets & Accessories",geekbuying
geekbuying-531421,"Akluer RJ401 Non-Motorized Treadmill with 5% Incline, 3 Speed Levels, 92x39cm Running Area, 150kg Max Load, 6-Layer Anti-Slip Belt, LED Display & Shoc",Akluer RJ401 Non-Motorized Treadmill with 5% Incline,in stock,new,199.99 USD,143.46 USD,https://bytebuy.store/product/geekbuying-531421/,https://img.gkbcdn.com/s3/p/2026-04-27/akluer-rj401-non-motorized-treadmill-with-5--incline-c41361-1777280901457.jpg,Akluer,Smart Home & Garden,Smart Home & Garden,geekbuying
geekbuying-530199,Hydrofast W100 Countertop Water Purifier + HiBREW H10A Semi Automatic Coffee Machine,Brand: Hydrofast. Category: Smart Home & Garden.,in stock,new,539.50 USD,528.64 USD,https://bytebuy.store/product/geekbuying-530199/,https://img.gkbcdn.com/s3/p/2025-09-18/hydrofast-w100-countertop-water-purifier-hibrew-h10a-coffee-machine-beeaed-1758183308095.jpg,Hydrofast,Smart Home & Garden,Smart Home & Garden,geekbuying
geekbuying-529947,"HiBREW H2C 5-in-1 Capsule Coffee Machine, Smart Touch Control, 7 Cup Sizes, Hot & Cold Brew, 20Bar Pressure",Brand: HiBREW. Category: Smart Home & Garden.,in stock,new,159.99 USD,123.61 USD,https://bytebuy.store/product/geekbuying-529947/,https://img.gkbcdn.com/s3/p/2025-08-20/HiBREW-H2C-Capsule-Coffee-Machine-Black-529947-0.jpg,HiBREW,Smart Home & Garden,Smart Home & Garden,geekbuying
geekbuying-530634,Creality K2 Combo 3D Printer + 6kg Mecpow HS PETG Filament - Pink/Orange/Yellow/Orange-White/Pink-Yellow/Pink-White,Brand: Creality. Category: Consumer Electronics.,in stock,new,959.99 USD,661.08 USD,https://bytebuy.store/product/geekbuying-530634/,https://img.gkbcdn.com/s3/p/2026-03-26/creality-k2-combo-6kg-hs-petg-1--ddb63b-1774506546677.jpg,Creality,Consumer Electronics,Consumer Electronics,geekbuying
geekbuying-525118,Mecpow X3 Pro 10W Laser Engraver With Air Assist System + G3 Pro Rotary Roller + H44 Laser Bed,Brand: Mecpow. Category: Consumer Electronics.,in stock,new,560.98 USD,331.08 USD,https://bytebuy.store/product/geekbuying-525118/,https://img.gkbcdn.com/s3/p/2025-05-15/mecpow-x3-pro-10w-laser-g3-pro-rotary-roller-h44-laser-bed-combo-e30ea9-1747290177509.jpg,Mecpow,Consumer Electronics,Consumer Electronics,geekbuying
geekbuying-527517,400pcs Mecpow 120G 8.5 x 11inch Sublimation Paper,Brand: Mecpow. Category: Consumer Electronics.,in stock,new,100.99 USD,33.10 USD,https://bytebuy.store/product/geekbuying-527517/,https://img.gkbcdn.com/s3/p/2025-01-25/400pcs-mecpow-120g-8-5-x-11inch-sublimation-paper--1fc381-1737794332821.jpg,Mecpow,Consumer Electronics,Consumer Electronics,geekbuying
geekbuying-524993,Mecpow G5: Rotary Chuck with Jaws,Brand: Mecpow. Category: Consumer Electronics.,in stock,new,119.00 USD,88.28 USD,https://bytebuy.store/product/geekbuying-524993/,https://img.gkbcdn.com/s3/p/2024-08-16/mecpow-g5-rotary-roller-chuck-for-mecpow-and-other-brands-cd35a4-1723772862266.jpg,Mecpow,Consumer Electronics,Consumer Electronics,geekbuying
geekbuying-531442,"TWO TREES U2 Handheld Ultrasonic Cutter, 40kHz High Frequency Cutting Tool, 30W High Power Output, 3200mAh Battery, Smart Safety Protection, for Resin",TWO TREES U2 Handheld Ultrasonic Cutter,in stock,new,129.99 USD,109.26 USD,https://bytebuy.store/product/geekbuying-531442/,https://img.gkbcdn.com/s3/p/2026-04-21/TWO-TREES-U2-Handheld-Ultrasonic-Cutter-531442-0.jpg,TWO TREES,Consumer Electronics,Consumer Electronics,geekbuying
geekbuying-530225,"SCULPFUN C1 3W Mini Laser Engraver, 10000mm/min, Engraving Area 150*130mm, 0.04mm Ultra-Fine Compressed Spot, 100nm-500nm Effective Filtration",SCULPFUN C1 3W Mini Laser Engraver,in stock,new,132.05 USD,120.30 USD,https://bytebuy.store/product/geekbuying-530225/,https://img.gkbcdn.com/s3/p/2025-09-23/SCULPFUN-C1-3W-Mini-Laser-Engraver-530225-0.jpg,SCULPFUN,Consumer Electronics,Consumer Electronics,geekbuying
geekbuying-530255,Creality Falcon A1 Pro 20W Laser + Rotary Kit + 150W Fume Extractor,Brand: Creality. Category: Consumer Electronics.,in stock,new,1587.98 USD,1411.54 USD,https://bytebuy.store/product/geekbuying-530255/,https://img.gkbcdn.com/s3/p/2025-09-25/creality-falcon-a1-pro-20w-laser-rotary-kit-fume-extractor-71129a-1758788086831.jpg,Creality,Consumer Electronics,Consumer Electronics,geekbuying
geekbuying-527577,"5pcs Mecpow Carbon Steel Electrodes 2.5 for MIG＆MMA, 0.9kg / pc",Brand: Mecpow. Category: Consumer Electronics.,in stock,new,49.99 USD,33.10 USD,https://bytebuy.store/product/geekbuying-527577/,https://img.gkbcdn.com/s3/p/2025-02-08/mecpow-carbon-steel-electrodes-2-5-for-mig-and-mma-dbc234-1738996903469.jpg,Mecpow,Consumer Electronics,Consumer Electronics,geekbuying
geekbuying-530196,"TWOFISH TF03 Electric Scooter with Removable Seat, 350W Motor, 48V 15Ah Battery, Front 12 inch & Rear 10 inch Tires, 28km/h Max Speed, 30km Range, Dis",TWOFISH TF03 Electric Scooter with Seat 350W 48V 15Ah 28km/h Blue,in stock,new,655.99 USD,550.71 USD,https://bytebuy.store/product/geekbuying-530196/,https://img.gkbcdn.com/s3/p/2025-09-18/TWOFISH-TF03-Electric-Scooter-with-Seat-350W-48V-15Ah-Blue-530196-0.jpg,TWOFISH,Sports & Outdoors,Sports & Outdoors,geekbuying
geekbuying-529651,TWO TREES TTS: 150mm Risers (8pcs),Brand: TWO TREES. Category: Consumer Electronics.,in stock,new,32.99 USD,29.99 USD,https://bytebuy.store/product/geekbuying-529651/,https://img.gkbcdn.com/s3/p/2025-07-17/TWO-TREES-150mm-Risers-for-TTS-Laser-Engraver-8-pack-529651-0.jpg,TWO TREES,Consumer Electronics,Consumer Electronics,geekbuying
geekbuying-527962,"Teendow C5 Carpet Cleaner Vacuum, 450W Powerful Suction, 11kPa Deep Cleaning, 1500ml Water Tank, Low Noise ≤80dB, for Carpet, Sofa & Upholstery",Teendow C5 Carpet Cleaner Vacuum,in stock,new,126.99 USD,76.15 USD,https://bytebuy.store/product/geekbuying-527962/,https://img.gkbcdn.com/s3/p/2025-03-11/Teendow-C5-Carpet-Cleaner-Vacuum-527962-0.jpg,Teendow,Smart Home & Garden,Smart Home & Garden,geekbuying
geekbuying-527677,"ACGAM CG-4746 Gaming Office Chair, Ergonomic Foam Backrest, 360° Swivel, Height Adjustable, Small Version",Brand: ACGAM. Category: Smart Home & Garden.,in stock,new,99.99 USD,89.99 USD,https://bytebuy.store/product/geekbuying-527677/,https://img.gkbcdn.com/s3/p/2025-02-19/ACGAM--CG-4746-Gaming-Office-Chair-Small-Version-527677-0.jpg,ACGAM,Smart Home & Garden,Smart Home & Garden,geekbuying
geekbuying-524250,"Creality Space Pi Filament Dryer Box for 3D Printer, PTC 360 Degrees Hot-Air Heating, 48H Timer, LCD Touch Screen",Brand: Creality. Category: Consumer Electronics.,in stock,new,79.99 USD,65.11 USD,https://bytebuy.store/product/geekbuying-524250/,https://img.gkbcdn.com/s3/p/2024-04-22/Creality-Space-Pi-Filament-Dryer-524250-0.jpg,Creality,Consumer Electronics,Consumer Electronics,geekbuying
geekbuying-530339,"TWO TREES TTC450 Ultra CNC Router Machine, 500W Spindle, Dual CNC & Laser Modes, 0.05mm High Precision, 3.5"" IPS Touch Screen, 460x460x100mm Working A",TWO TREES TTC450 Ultra CNC Router Machine,in stock,new,959.98 USD,760.40 USD,https://bytebuy.store/product/geekbuying-530339/,https://img.gkbcdn.com/s3/p/2025-10-16/TWO-TREES-TTC450-Ultra-CNC-Router-Machine-530339-0.jpg,TWO TREES,Consumer Electronics,Consumer Electronics,geekbuying
geekbuying-530328,"Tronsmart T8 Portable Outdoor Speaker, 40W Power, 18 Hours Playtime - Black",Brand: Tronsmart. Category: Consumer Electronics.,in stock,new,69.99 USD,66.21 USD,https://bytebuy.store/product/geekbuying-530328/,https://img.gkbcdn.com/s3/p/2025-10-14/4c89cfaf807e4375b83b755cc53a3d9f-530328-0.jpg,Tronsmart,Consumer Electronics,Consumer Electronics,geekbuying
geekbuying-523484,Creality Hyper-PLA Filament 1kg - Brown,Brand: Creality. Category: Consumer Electronics.,in stock,new,29.99 USD,24.99 USD,https://bytebuy.store/product/geekbuying-523484/,https://img.gkbcdn.com/s3/p/2024-03-15/creality-hyper-series-1-75mm-pla-3d-printing-filament-1kg-brown-b82716-1710480789089.jpg,Creality,Consumer Electronics,Consumer Electronics,geekbuying
geekbuying-531507,"ETOE Dolphin 2 Portable RGB Laser Projector, 1080P Google TV, 800 ANSI Lumens, 110% BT.2020, 2H Battery, Auto Keystone & Focus",Brand: ETOE. Category: Consumer Electronics.,in stock,new,999.99 USD,881.80 USD,https://bytebuy.store/product/geekbuying-531507/,https://img.gkbcdn.com/s3/p/2026-05-28/etoe-dolphin-2-projector-b05a6b-1779962540753.jpg,ETOE,Consumer Electronics,Consumer Electronics,geekbuying
geekbuying-526017,"Tronsmart SOUNFII Q20S Hybrid ANC Headphones, Hybrid Active Noise Cancellation, 60 Hours Playtime, Hi-Res Audio, 90° Swiveling Earpads, Pair with 2 De",Tronsmart SOUNFII Q20S Hybrid ANC Headphones White,in stock,new,59.99 USD,55.17 USD,https://bytebuy.store/product/geekbuying-526017/,https://img.gkbcdn.com/s3/p/2024-10-17/dce72ff89325443c808fcfb878e39a74-526016-0.jpg,Tronsmart,Consumer Electronics,Consumer Electronics,geekbuying
geekbuying-529202,Hydrofast HF02 RO Filter for W100 Water Purifier,Brand: Hydrofast. Category: Smart Home & Garden.,in stock,new,79.43 USD,65.11 USD,https://bytebuy.store/product/geekbuying-529202/,https://img.gkbcdn.com/s3/p/2026-06-11/hydrofast-hf02-ro-filter-for-w100-water-purifier-9408f5-1781160253508.jpg,Hydrofast,Smart Home & Garden,Smart Home & Garden,geekbuying
geekbuying-530382,TWO TREES TTC450 Ultra CNC Router Machine + Vacuum Cleaner,Brand: TWO TREES. Category: Consumer Electronics.,in stock,new,1059.98 USD,826.62 USD,https://bytebuy.store/product/geekbuying-530382/,https://img.gkbcdn.com/s3/p/2025-10-22/two-trees-ttc450-ultra-cnc-router-machine-vacuum-cleaner-578b19-1761111803254.jpg,TWO TREES,Consumer Electronics,Consumer Electronics,geekbuying
geekbuying-518608,Creality CR-ABS Filament 1kg - Yellow,Brand: Creality. Category: Consumer Electronics.,in stock,new,29.99 USD,19.99 USD,https://bytebuy.store/product/geekbuying-518608/,https://img.gkbcdn.com/s3/p/2022-12-08/Creality-CR-1-75mm-ABS-3D-Printing-Filament-1KG-Yellow-518608-0.jpg,Creality,Consumer Electronics,Consumer Electronics,geekbuying
geekbuying-519050,"FOSSiBOT F2400 Portable Power Station Kit + FOSSiBOT SP200 18V 200W Foldable Solar Panel, 2048Wh/640000mAh LiFePO4 Battery, 2400W(4600W Peak) Solar Ge",FOSSiBOT F2400 Portable Power Station + SP200 Solar Panel,in stock,new,1980.99 USD,1025.27 USD,https://bytebuy.store/product/geekbuying-519050/,https://img.gkbcdn.com/s3/p/2025-01-23/fossibot-f2400-portable-power-station---sp200-solar-panel-eu-plug-6a934c-1737601662736.jpeg,FOSSiBOT,Outdoor Generators & Portable Power,Outdoor Generators & Portable Power,geekbuying
geekbuying-527587,Tyvok: Honeycomb Laser Bed 400×400mm,Brand: Tyvok. Category: Consumer Electronics.,in stock,new,46.99 USD,36.99 USD,https://bytebuy.store/product/geekbuying-527587/,https://img.gkbcdn.com/s3/p/2025-02-11/Tyvok-Honeycomb-Laser-Bed-400x400mm-527587-2.jpg,Tyvok,Consumer Electronics,Consumer Electronics,geekbuying
geekbuying-528633,"LONGER RAY5 Mini 3.5W Laser Engraver, 0.04mm Precision, 12,000mm/min Speed, for Wood/ Acrylic/ Leather/ Metal, 130*140mm",Brand: LONGER. Category: Consumer Electronics.,in stock,new,139.99 USD,119.99 USD,https://bytebuy.store/product/geekbuying-528633/,https://img.gkbcdn.com/s3/p/2025-05-27/longer-ray5-mini-3-5w-laser-engraver-74dd22-1748338435342.jpg,LONGER,Consumer Electronics,Consumer Electronics,geekbuying
geekbuying-530474,"Ultenic U20 Cordless Stick Vacuum, 55,000Pa Suction, 1.5L Dustbin, 60-Min Runtime, 65cm Bendable Wand, 7-Stage Filtration, Dynamic Interactive Display",Ultenic U20 55000Pa Cordless Stick Vacuum,in stock,new,219.99 USD,164.44 USD,https://bytebuy.store/product/geekbuying-530474/,https://img.gkbcdn.com/s3/p/2025-11-04/Ultenic-U20-55000Pa-Cordless-Stick-Vacuum-530474-0.jpg,Ultenic,Smart Home & Garden,Smart Home & Garden,geekbuying
geekbuying-525513,"3DMakerpro Lynx 3D Scanner Premium Edition, 0.10mm Accuracy, 0.30mm Resolution, 10fps Frame Rate, Class 1 White Light, Visual Tracking, 250x400mm Sing",3DMakerpro Lynx 3D Scanner Premium Edition,in stock,new,594.99 USD,440.35 USD,https://bytebuy.store/product/geekbuying-525513/,https://img.gkbcdn.com/s3/p/2024-08-20/3DMakerpro-Lynx-3D-Scanner-Premium-Edition-525513-10.jpg,3DMakerpro,Consumer Electronics,Consumer Electronics,geekbuying
geekbuying-526575,SPARIN 2 Pack Privacy Screen Protector for iPhone 15 + 2 Pack Lens Protector with Installation Frame,Brand: SPARIN. Category: Phones & Accessories.,in stock,new,59.99 USD,8.99 USD,https://bytebuy.store/product/geekbuying-526575/,https://img.gkbcdn.com/s3/p/2024-11-20/SPARIN-5-Pack-Privacy-Screen-Protector-Set-for-iPhone-15-526575-0.jpg,SPARIN,Phones & Accessories,Phones & Accessories,geekbuying
geekbuying-523349,"HiBREW H7A Coffee Maker Espresso Machine, 20 Bar Pressure, Dual Boiler System, 30 Levels Grinder, 250g Coffee Bean Capacity, LCD Touch Screen",HiBREW H7A Coffee Maker Espresso Machine,in stock,new,625.99 USD,491.12 USD,https://bytebuy.store/product/geekbuying-523349/,https://img.gkbcdn.com/s3/p/2024-01-12/HiBREW-H7A-Coffee-Maker-Espresso-Machine-523349-0.jpg,HiBREW,Smart Home & Garden,Smart Home & Garden,geekbuying
geekbuying-518357,ENGWE X26 Dual Battery Electric Bike 26*4.0 inch Fat Tires 50km/h Max Speed 48V 1000W Motor 19.2Ah&10Ah 100km Range 150kg Max Load Triple Suspension S,ENGWE X26 E-Bike 1000W Motor 50Km/h 19.2Ah&10Ah Dual Battery Grey,in stock,new,2683.41 USD,2206.16 USD,https://bytebuy.store/product/geekbuying-518357/,https://img.gkbcdn.com/s3/p/2022-11-22/ENGWE-X26-Electric-Bike-48V-1000W-Motor-19Ah---7-5Ah-Dual-Battery-518357-0.jpg,ENGWE,Sports & Outdoors,Sports & Outdoors,geekbuying
geekbuying-522079,"ENGWE E26 Step-over Electric Bike, 48V 16AH Battery 250W Motor Mountain Bike Shimano 7-Speed Gear 140km Max Range 25km/h Max Speed 26*4.0 inch Fat Tir",ENGWE E26 Electric Bike Step-over 48V 16AH 250W Motor 25km/h Blue,in stock,new,1999.00 USD,1654.34 USD,https://bytebuy.store/product/geekbuying-522079/,https://img.gkbcdn.com/s3/p/2024-09-06/engwe-e26-electric-bike-step-over-48v-16ah-250w-motor-25km-h-blue-47e5d6-1725592659780.jpg,ENGWE,Sports & Outdoors,Sports & Outdoors,geekbuying
geekbuying-526061,"Tronsmart SOUNFII Q20S Hybrid ANC Headphones, Hybrid Active Noise Cancellation, 60 Hours Playtime, Hi-Res Audio, 90° Swiveling Earpads, Pair with 2 De",Tronsmart SOUNFII Q20S Hybrid ANC Headphones Black,in stock,new,59.99 USD,55.17 USD,https://bytebuy.store/product/geekbuying-526061/,https://img.gkbcdn.com/s3/p/2024-10-14/d73c50131fbd47dba5fb69a94db9622a-525997-0.jpg,Tronsmart,Consumer Electronics,Consumer Electronics,geekbuying
geekbuying-524510,"3DMakerpro Seal 3D Scanner, Blue Light Source, 0.01mm Accuracy, 0.05mm Resolution, 10fps Frame Rate, Visual Tracking, Anti-Shaking, 100x75mm Single Ca",3DMakerpro Seal 3D Scanner,in stock,new,699.99 USD,550.71 USD,https://bytebuy.store/product/geekbuying-524510/,https://img.gkbcdn.com/s3/p/2024-09-04/3dmakerpro-seal-3d-scanner-2ee5a6-1725415252038.jpg,3DMakerpro,Consumer Electronics,Consumer Electronics,geekbuying
geekbuying-528632,"LONGER RAY5 Mini 2.5W Laser Engraver, 0.04mm Precision, 12,000mm/min Speed, for Wood/ Acrylic/ Leather/ Metal, 130*140mm",Brand: LONGER. Category: Consumer Electronics.,in stock,new,129.99 USD,129.00 USD,https://bytebuy.store/product/geekbuying-528632/,https://img.gkbcdn.com/s3/p/2025-05-27/longer-ray5-mini-2-5w-laser-engraver--dba718-1748338411991.jpg,LONGER,Consumer Electronics,Consumer Electronics,geekbuying
geekbuying-528628,"LONGER RAY5 Mini 3.5W Laser Engraver, 0.04mm Precision, 12,000mm/min Speed, for Wood/ Acrylic/ Leather/ Metal, 130*140mm",Brand: LONGER. Category: Consumer Electronics.,in stock,new,139.99 USD,110.35 USD,https://bytebuy.store/product/geekbuying-528628/,https://img.gkbcdn.com/s3/p/2025-05-27/longer-ray5-mini-3-5w-laser-engraver-2cde9b-1748338455485.jpg,LONGER,Consumer Electronics,Consumer Electronics,geekbuying
geekbuying-513810,"Personalized Bone-Shaped Funny Pet ID Tag, 40mm*21mm, Engraved Pet Name, Stainless Steel Cat Puppy Dog ID Tag Pendant - Silver",Brand: Other. Category: Smart Home & Garden.,in stock,new,8.50 USD,7.71 USD,https://bytebuy.store/product/geekbuying-513810/,https://img.gkbcdn.com/s3/p/2022-08-11/Personalized-Bone-Shaped-Funny-Pet-ID-Tag-Silver-513810-0.jpg,Other,Smart Home & Garden,Smart Home & Garden,geekbuying
geekbuying-498453,TASVAC S8 Cordless Vacuum Cleaner 23KPa Strong Suction with Washable HEPA Filter Suitablefor Family Cars Pet Hair Carpet - Gray,Brand: Other. Category: Smart Home & Garden.,in stock,new,199.99 USD,99.99 USD,https://bytebuy.store/product/geekbuying-498453/,https://img.gkbcdn.com/s3/p/2022-03-29/TASVAC-S8-Handheld-Cordless-Vacuum-Cleaner-498453-0.jpg,Other,Smart Home & Garden,Smart Home & Garden,geekbuying
geekbuying-523963,6Pcs LIECTROUX YW710 Fiber Mopping Cloths for Window Cleaning Robot,Brand: Other. Category: Smart Home & Garden.,in stock,new,40.99 USD,38.62 USD,https://bytebuy.store/product/geekbuying-523963/,https://img.gkbcdn.com/s3/p/2024-03-26/6Pcs-LIECTROUX-YW710-Fiber-Mopping-Cloths-for-Window-Cleaning-Robot-523963-0.jpg,Other,Smart Home & Garden,Smart Home & Garden,geekbuying
geekbuying-529713,TWO TREES TTC450/450 Pro/TTC6050: 800W 30000RPM Wood Trimmer Router,Brand: TWO TREES. Category: Consumer Electronics.,in stock,new,145.99 USD,129.99 USD,https://bytebuy.store/product/geekbuying-529713/,https://img.gkbcdn.com/s3/p/2025-07-23/TWO-TREES-800W-30000RPM-Wood-Trimmer-Router-529713-0.jpg,TWO TREES,Consumer Electronics,Consumer Electronics,geekbuying
geekbuying-530381,"Halo Knight T107 Pro Electric Scooter, 3000W*2 Motor, 60V 38.4Ah Battery, 11 inch Tires, 95km/h Max Speed, 80km Range, Dual Hydraulic Brakes, Front Hy",Halo Knight T107 Pro Electric Scooter 2025 Version Dual Motor 95km/h,in stock,new,2000.00 USD,1654.34 USD,https://bytebuy.store/product/geekbuying-530381/,https://img.gkbcdn.com/s3/p/2025-10-21/Halo-Knight-T107-Pro-Electric-Scooter-2025-Version-Dual-Motor-95km-h-530381-0.jpg,Halo Knight,Sports & Outdoors,Sports & Outdoors,geekbuying
geekbuying-531378,"KuKirin G2 (VMP) Electric Scooter, 500W Motor, 48V 15.6Ah Battery, 25km/h Max Speed, 65km Range, 10-inch Tubeless Tires, Dual Disc Brakes, 20° Climbin",KuKirin G2 Electric Scooter 500W 48V 15.6Ah,in stock,new,699.00 USD,539.68 USD,https://bytebuy.store/product/geekbuying-531378/,https://img.gkbcdn.com/s3/p/2026-05-22/kukirin-g2-electric-scooter-500w-48v-15-6ah-39d349-1779418850117.jpg,KuKirin,Sports & Outdoors,Sports & Outdoors,geekbuying
geekbuying-522359,"FOSSiBOT F800 Portable Power Station, 512Wh LiFePO4 Solar Generator, 800W AC Output, 200W Max Solar Input, 8 Outlets, LED Light - Black",FOSSiBOT F800 Portable Power Station Black,in stock,new,359.00 USD,299.00 USD,https://bytebuy.store/product/geekbuying-522359/,https://img.gkbcdn.com/s3/p/2023-10-09/FOSSiBOT-F800-Portable-Power-Station-Black-522359-0.jpg,FOSSiBOT,Outdoor Generators & Portable Power,Outdoor Generators & Portable Power,geekbuying
geekbuying-481991,"SCULPFUN S9 5.5W Laser Engraver, 0.06mm Ultra-Fine Compressed Spot, Diode Laser, 0.08mm High Precision, Cut 15mm Thick Wood 10mm Acrylic, Fixed Focus,",Sculpfun S9 Laser Engraver,in stock,new,473.20 USD,198.64 USD,https://bytebuy.store/product/geekbuying-481991/,https://img.gkbcdn.com/s3/p/2024-10-10/sculpfun-s9-laser-engraver-8d9c81-1728539928964.jpg,SCULPFUN,Consumer Electronics,Consumer Electronics,geekbuying
geekbuying-526085,"LONGER Nano Pro 12W Smart Laser Engraver, Two Diode Lasers with FAC, 5000mm/s Ultra-Fast Speed, 0.02mm Precision with Field Lens, LightBurn & LaserGRB",LONGER Nano Pro 12W Portable Laser Engraver,in stock,new,1099.00 USD,594.86 USD,https://bytebuy.store/product/geekbuying-526085/,https://img.gkbcdn.com/s3/p/2025-07-23/longer-nano-pro-12w-portable-laser-engraver-7f69f0-1753238764272.jpg,LONGER,Consumer Electronics,Consumer Electronics,geekbuying
geekbuying-529032,SCULPFUN H5 Gen2: Laser Bed 650×650mm + Fan,Brand: SCULPFUN. Category: Consumer Electronics.,in stock,new,259.99 USD,199.00 USD,https://bytebuy.store/product/geekbuying-529032/,https://img.gkbcdn.com/s3/p/2025-05-29/SCULPFUN-H5-Gen2-Honeycomb-Laser-Bed-EU-Plug-529032-0.jpg,SCULPFUN,Consumer Electronics,Consumer Electronics,geekbuying
geekbuying-528912,"Mecpow B40W: 40W Diode Laser Module + Adapter Plate & Cable (Mecpow X5/X5 Pro/X4/X4 Pro, Aomstack A5/A12/X12 PRO/A24Pro/X24 Ultra series)",Mecpow B40W 40W Laser Module for X5 Series and X4 Series,in stock,new,599.00 USD,517.60 USD,https://bytebuy.store/product/geekbuying-528912/,https://img.gkbcdn.com/s3/p/2025-05-20/Mecpow-B40W-40W-Laser-Module-with-10A-Power-Adapter-528912-0.jpg,Mecpow,Consumer Electronics,Consumer Electronics,geekbuying
geekbuying-530737,"FOSSiBOT F113 5G Rugged Smartphone, 36GB RAM + 256GB ROM, 6.78"" 120Hz FHD+ Screen, 20000mAh Battery, 33W Fast Charging, 64MP Night Vision & 50MP Camer",FOSSiBOT F113 5G Rugged Smartphone,in stock,new,399.99 USD,296.88 USD,https://bytebuy.store/product/geekbuying-530737/,https://img.gkbcdn.com/s3/p/2025-12-03/FOSSiBOT-F113-5G-Rugged-Smartphone-530737-0.jpg,FOSSiBOT,Phones & Accessories,Phones & Accessories,geekbuying
geekbuying-531911,"OUKITEL HFE12KLO2A 12kW Hybrid Inverter, 51.2V LiFePO4 Battery System, 7.68kW Max Charging Power, 10.24kW Max Discharge Power, CAN/RS485/RS232 Communi",OUKITEL HFE12KLO2A 12kW Hybrid Inverter,in stock,new,1259.99 USD,881.80 USD,https://bytebuy.store/product/geekbuying-531911/,https://img.gkbcdn.com/s3/p/2026-09-10/OUKITEL-HFE12KLO2A-12KW-Hybrid-Inverter-531911-0.jpg,OUKITEL,Consumer Electronics,Consumer Electronics,geekbuying
geekbuying-499799,"Creality Sprite Extruder, 260 Celsius Degrees, for Ender-3 S1 3D Printer",Brand: Creality. Category: Consumer Electronics.,in stock,new,79.99 USD,,https://bytebuy.store/product/geekbuying-499799/,https://img.gkbcdn.com/s3/p/2022-04-20/Creality-Sprite-Extruder-260-High-Temperature-Printing-499799-0.jpg,Creality,Consumer Electronics,Consumer Electronics,geekbuying
geekbuying-530850,"(Compatible with OpenClaw) ALLIWAVA U58 Mini PC, AMD Ryzen 7 5825U 8 Cores Max 4.5GHz, 16GB RAM 512GB SSD, 2*HDMI+USB-C 4K@60Hz Three Screen Display,",ALLIWAVA U58 Mini PC 16GB 512GB,in stock,new,505.99 USD,462.42 USD,https://bytebuy.store/product/geekbuying-530850/,https://img.gkbcdn.com/s3/p/2025-12-18/ALLIWAVA-U58-Mini-PC-16GB-512GB-530850-0.jpg,ALLIWAVA,TV Boxes & Mini PCs,TV Boxes & Mini PCs,geekbuying
geekbuying-530857,FOSSiBOT F7200 Portable Power Station + 800W Micro-inverter,Brand: FOSSiBOT. Category: Outdoor Generators & Portable Power.,in stock,new,3999.99 USD,3420.15 USD,https://bytebuy.store/product/geekbuying-530857/,https://img.gkbcdn.com/s3/p/2025-12-23/fossibot-f7200-7200w-5222-4-wh-portable-power-station-97214f-1766452862092.jpg,FOSSiBOT,Outdoor Generators & Portable Power,Outdoor Generators & Portable Power,geekbuying
geekbuying-519108,SCULPFUN S30 Series: XY-Axis Expansion Kit 400×935mm,Brand: SCULPFUN. Category: Consumer Electronics.,in stock,new,79.99 USD,39.00 USD,https://bytebuy.store/product/geekbuying-519108/,https://img.gkbcdn.com/s3/p/2022-10-18/SCULPFUN-S30-Series-Engraving-Area-Expansion-Kit-517928-0.jpg,SCULPFUN,Consumer Electronics,Consumer Electronics,geekbuying
geekbuying-521467,LONGER RAY5: Y-Axis Extension Kit 375×825mm,Brand: LONGER. Category: Consumer Electronics.,in stock,new,99.99 USD,51.86 USD,https://bytebuy.store/product/geekbuying-521467/,https://img.gkbcdn.com/s3/p/2023-08-01/LONGER-RAY5-Laser-Engraver-Y-Axis-Extension-Kit-521467-0.jpg,LONGER,Consumer Electronics,Consumer Electronics,geekbuying
geekbuying-531571,"ONECNA GT7 Foldable Electric Scooter, Dual 2800W Motors, 60V 27Ah Battery, 45MPH Top Speed, 88km Range, 11-Inch Off-Road Fat Tires, 45° Climbing Angle",ONECNA GT7 Electric Scooter 2800W*2 60V 27Ah,in stock,new,1499.99 USD,1102.53 USD,https://bytebuy.store/product/geekbuying-531571/,https://img.gkbcdn.com/s3/p/2026-05-28/FENGQS-GT7-Electric-Scooter-2800W-2-60V-27Ah-531571-0.jpg,ONECNA,Sports & Outdoors,Sports & Outdoors,geekbuying
geekbuying-530384,TWO TREES TTC450 Ultra CNC Router Machine + Air Cooling Kit + Wood Trimmer Router,Brand: TWO TREES. Category: Consumer Electronics.,in stock,new,1229.99 USD,881.80 USD,https://bytebuy.store/product/geekbuying-530384/,https://img.gkbcdn.com/s3/p/2025-10-22/two-trees-ttc450-ultra-cnc-router-with-air-cool-kit-and-wood-trimmer-756c51-1761114880162.jpg,TWO TREES,Consumer Electronics,Consumer Electronics,geekbuying
geekbuying-531494,"Mecpow X3S 12W Laser Engraver and Cutter, WiFi Control, 0.06×0.08mm Precision, 10000mm/min Speed, 360×360mm Work Area",Brand: Mecpow. Category: Consumer Electronics.,in stock,new,299.99 USD,242.79 USD,https://bytebuy.store/product/geekbuying-531494/,https://img.gkbcdn.com/s3/p/2026-09-17/mecpow-x3s-12w-laser-engraver-and-cutter-72b5cb-1789617707273.jpg,Mecpow,Consumer Electronics,Consumer Electronics,geekbuying
geekbuying-529617,"TWO TREES TTC6050 CNC Router Machine, 500W Spindle Motor, 4-Axis, 5000mm/min Speed, 600x500x100mm",Brand: TWO TREES. Category: Consumer Electronics.,in stock,new,1499.99 USD,1212.89 USD,https://bytebuy.store/product/geekbuying-529617/,https://img.gkbcdn.com/s3/p/2025-07-15/TWO-TREES-TTC6050-500W-CNC-Router-Machine-EU-Plug-529617-0.jpg,TWO TREES,Consumer Electronics,Consumer Electronics,geekbuying
geekbuying-531674,4kg Creality Hyper-PLA Filament - Yellow / Orange / Green / Brown,Brand: Creality. Category: Consumer Electronics.,in stock,new,119.99 USD,55.17 USD,https://bytebuy.store/product/geekbuying-531674/,https://img.gkbcdn.com/s3/p/2026-07-01/4kg-creality-hyper-pla-filament-ae2bd8-1782901017223.jpg,Creality,Consumer Electronics,Consumer Electronics,geekbuying
geekbuying-530984,52V 23.4Ah Battery for Ausom DT2 Pro,Brand: Other. Category: Sports & Outdoors.,in stock,new,499.00 USD,374.13 USD,https://bytebuy.store/product/geekbuying-530984/,https://img.gkbcdn.com/s3/p/2026-01-16/52V-23-4Ah-Battery-for-Ausom-DT2-Pro-530984-0.jpg,Other,Sports & Outdoors,Sports & Outdoors,geekbuying
geekbuying-530999,"Proscenic F10 Ultra 3-in-1 Cordless Wet & Dry Vacuum Cleaner, 60min Runtime, 1.3L Dual Water Tank, LED Display, Self-Cleaning & 3 Modes",Proscenic F10 Ultra 3-in-1 Cordless Wet & Dry Vacuum Cleaner,in stock,new,269.99 USD,160.03 USD,https://bytebuy.store/product/geekbuying-530999/,https://img.gkbcdn.com/s3/p/2026-01-22/Proscenic-F10-Ultra-3-in-1-Cordless-Vacuum-Cleaner-530999-0.jpg,Other,Smart Home & Garden,Smart Home & Garden,geekbuying
geekbuying-530359,Mecpow M1 FDA Class 1 5W Laser Engraver + 1.2W IR Module + Fume Extractor,Brand: Mecpow. Category: Consumer Electronics.,in stock,new,539.99 USD,341.02 USD,https://bytebuy.store/product/geekbuying-530359/,https://img.gkbcdn.com/s3/p/2025-10-18/mecpow-m1-fda-class-1-5w-laser-engraver-d00793-1760766744379.jpg,Mecpow,Consumer Electronics,Consumer Electronics,geekbuying
geekbuying-531179,"LEOBOG Hi65 Tri-Mode Wireless Mechanical Keyboard, 65% Layout, Gasket Mount, Hot-Swappable Jasper Linear Switch, PBT Dye-Sublimation Keycaps, RGB Back",LEOBOG Hi65 Tri-Mode Wireless Mechanical Keyboard,in stock,new,129.98 USD,99.99 USD,https://bytebuy.store/product/geekbuying-531179/,https://img.gkbcdn.com/s3/p/2026-03-12/leobog-hi65-tri-mode-wireless-mechanical-keyboard-ab224b-1773302797443.jpg,LEOBOG,"Computers, Tablets & Accessories","Computers, Tablets & Accessories",geekbuying
geekbuying-530388,"Halo Knight T108 Pro Electric Scooter, 2*3000W Motor, 60V 38.4Ah Battery, 11-inch Tires, 95km/h Max Speed, 80km Range, Dual Hydraulic Brakes, Front &",Halo Knight T108 Pro Electric Scooter 2025 Version Dual Motor 95km/h,in stock,new,1998.90 USD,1654.34 USD,https://bytebuy.store/product/geekbuying-530388/,https://img.gkbcdn.com/s3/p/2025-10-22/Halo-Knight-T108-Pro-Electric-Scooter-2025-Version-Dual-Motor-95km-h-530388-0.jpg,Halo Knight,Sports & Outdoors,Sports & Outdoors,geekbuying
geekbuying-522342,TWO TREES TTC450: 500W Air Cooled Spindle Motor,Brand: TWO TREES. Category: Consumer Electronics.,in stock,new,181.99 USD,146.99 USD,https://bytebuy.store/product/geekbuying-522342/,https://img.gkbcdn.com/s3/p/2023-10-05/TWO-TREES-500W-Motor-Set-522342-0.jpg,TWO TREES,Consumer Electronics,Consumer Electronics,geekbuying
geekbuying-530334,4kg Mecpow High-Speed PETG Transparent Filament - Black/Pink/Light Blue/Light Pink,Brand: Mecpow. Category: Consumer Electronics.,in stock,new,99.99 USD,43.03 USD,https://bytebuy.store/product/geekbuying-530334/,https://img.gkbcdn.com/s3/p/2026-01-16/4kg-mecpow-high-speed-petg-transparent-4bef59-1768551197080.jpg,Mecpow,Consumer Electronics,Consumer Electronics,geekbuying
geekbuying-529528,"HiBREW H4D 2-in-1 Portable Espresso Maker, Manual Hand Press for Coffee Capsules & Grounds, Hot/Cold Coffee Machine for Travel & Home Use",HIBREW H4D 2 in 1 Portable Coffee Machine,in stock,new,58.99 USD,49.66 USD,https://bytebuy.store/product/geekbuying-529528/,https://img.gkbcdn.com/s3/p/2025-07-04/HIBREW-H4D-2-in-1-Portable-Coffee-Machine-529528-0.jpg,HiBREW,Smart Home & Garden,Smart Home & Garden,geekbuying
geekbuying-521561,Creality Ender-PLA Pro (PLA+) Filament - Orange,Brand: Creality. Category: Consumer Electronics.,in stock,new,24.99 USD,24.27 USD,https://bytebuy.store/product/geekbuying-521561/,https://img.gkbcdn.com/s3/p/2023-08-08/Creality-Ender-PLA--1-75mm-3D-Printing-Filament-Orange-521561-0.jpg,Creality,Consumer Electronics,Consumer Electronics,geekbuying
geekbuying-527586,"SHMAG 12V 100Ah LiFePO4 Lithium Battery, BMS 4000+Deep Cycles for Home RV, Non-Bluetooth",Brand: Other. Category: Outdoor Generators & Portable Power.,in stock,new,249.99 USD,189.00 USD,https://bytebuy.store/product/geekbuying-527586/,https://img.gkbcdn.com/s3/p/2025-02-10/SHMAG-12V-100Ah-LiFePO4-Lithium-Battery-Non-Bluetooth-527586-0.jpg,Other,Outdoor Generators & Portable Power,Outdoor Generators & Portable Power,geekbuying
geekbuying-531756,"Ultenic M50 Robot Vacuum and Mop, 20,000Pa Suction, Hot Water Self-Wash & Drying, LiDAR Navigation, Self-Emptying Station, Carpet Boost, 180-Min Runti","Ultenic MX50 20,000Pa Robot Vacuum Cleaner",in stock,new,739.99 USD,419.37 USD,https://bytebuy.store/product/geekbuying-531756/,https://img.gkbcdn.com/s3/p/2026-07-29/Ultenic-MX50-Robot-Vacuum-Cleaner-531756-0.jpg,Ultenic,Smart Home & Garden,Smart Home & Garden,geekbuying
geekbuying-527660,LONGER: Laser Bed 440×440×22mm,Brand: LONGER. Category: Consumer Electronics.,in stock,new,60.99 USD,49.99 USD,https://bytebuy.store/product/geekbuying-527660/,https://img.gkbcdn.com/s3/p/2025-02-18/Longer-Honeycomb-Laser-Bed-440-440-22mm-527660-0.jpg,LONGER,Consumer Electronics,Consumer Electronics,geekbuying
geekbuying-530893,Creality Enclosure for K1 SE/K2 SE Series,Brand: Creality. Category: Consumer Electronics.,in stock,new,79.99 USD,65.11 USD,https://bytebuy.store/product/geekbuying-530893/,https://img.gkbcdn.com/s3/p/2025-12-30/creality-space-pi-filament-dryer-fa135e-1767075526476.jpg,Creality,Consumer Electronics,Consumer Electronics,geekbuying
geekbuying-531499,"ATOMSTACK F2N Laser Bed, 300×300×13mm",Brand: ATOMSTACK. Category: Consumer Electronics.,in stock,new,49.99 USD,36.41 USD,https://bytebuy.store/product/geekbuying-531499/,https://img.gkbcdn.com/s3/p/2026-05-11/ATOMSTACK-F2N-Laser-Bed-531499-0.jpg,ATOMSTACK,Consumer Electronics,Consumer Electronics,geekbuying
geekbuying-524520,"JIMMY PW11 Pro 4-in-1 Cordless Vacuum & Washer, 460W Strong Power, Double Cleaning, Hot Air Fast Dry, LED Screen, 180° Lay Flat Design, Dual Roller Br",JIMMY PW11 Pro 4-in-1 Cordless Vacuum & Washer Silver-black,in stock,new,647.90 USD,550.71 USD,https://bytebuy.store/product/geekbuying-524520/,https://img.gkbcdn.com/s3/p/2024-06-14/jimmy-pw11-pro-4-in-1-cordless-vacuum---washer-silver-black-5bad15-1718334536960.jpg,JIMMY,Smart Home & Garden,Smart Home & Garden,geekbuying
geekbuying-531178,"LEOBOG Hi65 Tri-Mode Wireless Mechanical Keyboard, 65% Layout, Gasket Mount, Hot-Swappable Jasper Linear Switch, PBT Dye-Sublimation Keycaps, RGB Back",LEOBOG Hi65 Tri-Mode Wireless Mechanical Keyboard,in stock,new,129.98 USD,89.00 USD,https://bytebuy.store/product/geekbuying-531178/,https://img.gkbcdn.com/s3/p/2026-03-12/leobog-hi65-tri-mode-wireless-mechanical-keyboard-b9eb52-1773302802351.jpg,LEOBOG,"Computers, Tablets & Accessories","Computers, Tablets & Accessories",geekbuying
geekbuying-525459,Mecpow X5 Pro 33W Laser + Laser Bed + Rotary Roller,Brand: Mecpow. Category: Consumer Electronics.,in stock,new,1199.99 USD,639.00 USD,https://bytebuy.store/product/geekbuying-525459/,https://img.gkbcdn.com/s3/p/2025-05-15/mecpow-x5-pro-33w-laser---rotary-roller---laser-bed-d3029e-1747290106574.jpg,Mecpow,Consumer Electronics,Consumer Electronics,geekbuying
geekbuying-526578,SPARIN 2 Pack HD Screen Protector for iPhone 15 Plus + 2 Pack Lens Protector with Installation Frame,Brand: SPARIN. Category: Phones & Accessories.,in stock,new,59.99 USD,8.99 USD,https://bytebuy.store/product/geekbuying-526578/,https://img.gkbcdn.com/s3/p/2024-11-20/SPARIN-5-Pack-HD-Screen-Protector-Set-for-iPhone-15-Plus-526578-0.jpg,SPARIN,Phones & Accessories,Phones & Accessories,geekbuying
geekbuying-518143,HiBREW H2B 5 in 1 Multi-Capsule Cold & Hot Coffee Maker (Black),Brand: HiBREW. Category: Smart Home & Garden.,in stock,new,150.42 USD,103.74 USD,https://bytebuy.store/product/geekbuying-518143/,https://img.gkbcdn.com/s3/p/2022-11-07/HiBREW-H2B-5-in-1-Coffee-Maker-Black-518143-0.jpg,HiBREW,Smart Home & Garden,Smart Home & Garden,geekbuying
geekbuying-529648,TWO TREES: Laser Bed 500×500mm,Brand: TWO TREES. Category: Consumer Electronics.,in stock,new,75.99 USD,65.10 USD,https://bytebuy.store/product/geekbuying-529648/,https://img.gkbcdn.com/s3/p/2025-07-17/TWO-TREES-500x500mm-Laser-Bed-529648-0.jpg,TWO TREES,Consumer Electronics,Consumer Electronics,geekbuying
geekbuying-524522,Creality K1 Series Ceramic Heating Block Kit—Quick-swap Nozzle,Brand: Creality. Category: Consumer Electronics.,in stock,new,38.55 USD,33.10 USD,https://bytebuy.store/product/geekbuying-524522/,https://img.gkbcdn.com/s3/p/2024-05-13/Creality-K1-Series-Ceramic-Heating-Block-Kit-524522-0.jpg,Creality,Consumer Electronics,Consumer Electronics,geekbuying
geekbuying-531319,"PHILIAM ET9 Dual Motor Electric Bike, 1000W*2 (Peak 3000W), 52V 50Ah Dual Battery, 50km/h Max Speed, 320km PAS Range, 7-Speed Shimano, 4-Piston Hydrau",PHILIAM ET9 Dual Motor Electric Bike 1000W*2 52V 25Ah*2,in stock,new,1929.99 USD,1599.16 USD,https://bytebuy.store/product/geekbuying-531319/,https://img.gkbcdn.com/s3/p/2026-07-22/philiam-et9-dual-motor-electric-bike-1000w-2-52v-25ah-2-121308-1784716422262.jpg,PHILIAM,Sports & Outdoors,Sports & Outdoors,geekbuying
geekbuying-529574,"FENGQS Q8 Electric Bike, 750W Motor, 48V 17.5Ah Battery, 27.5 inch Tires, 50km/h Max Speed, 85km Range, Mechanical Disc Brakes, 21-speed - Blue",FENGQS Q8 Electric Bike 750W 48V 17.5Ah Blue,in stock,new,1099.00 USD,970.09 USD,https://bytebuy.store/product/geekbuying-529574/,https://img.gkbcdn.com/s3/p/2025-07-23/fengqs-q8-electric-bike-750w-48v-17-5ah-blue-bd887a-1753257246445.jpg,FENGQS,Sports & Outdoors,Sports & Outdoors,geekbuying
geekbuying-524508,Bristle Roller Brush for Jigoo C500 Cordless Stick Vacuum,Brand: JIGOO. Category: Smart Home & Garden.,in stock,new,19.99 USD,17.65 USD,https://bytebuy.store/product/geekbuying-524508/,https://img.gkbcdn.com/s3/p/2024-05-11/Bristle-Roller-Brush-for-Jigoo-C500-Cordless-Stick-Vacuum-524508-0.jpg,JIGOO,Smart Home & Garden,Smart Home & Garden,geekbuying
geekbuying-531679,"ATOMSTACK A70 MAX 70W Laser Engraver Cutter, 800×850mm Working Area, 400mm/s Speed, 0.02mm Precision, One-Click Auto Focus, Offline Touchscreen Contro",ATOMSTACK A70 MAX 70W Laser Engraver Cutter,in stock,new,2699.99 USD,1875.07 USD,https://bytebuy.store/product/geekbuying-531679/,https://img.gkbcdn.com/s3/p/2026-07-02/ATOMSTACK-A70-MAX-70W-Laser-Engraver-Cutter-531679-0.jpg,ATOMSTACK,Consumer Electronics,Consumer Electronics,geekbuying
geekbuying-530259,Mecpow R1: 1064nm 1.2W IR Laser Module for X3 Series/M1 Series/X4 Series/X5 Series/Creality Falcon A1,Brand: Mecpow. Category: Consumer Electronics.,in stock,new,220.00 USD,208.59 USD,https://bytebuy.store/product/geekbuying-530259/,https://img.gkbcdn.com/s3/p/2025-09-26/Mecpow-R1-1064nm-1-2W-Infrared-Laser-Module-530259-0.jpg,Mecpow,Consumer Electronics,Consumer Electronics,geekbuying
geekbuying-526069,"2pcs Tronsmart SOUNFII Q20S Hybrid ANC Headphones, Hybrid Active Noise Cancellation, 60 Hours Playtime, Hi-Res Audio, 90° Swiveling Earpads, Pair with",2pcs Tronsmart SOUNFII Q20S Hybrid ANC Headphones White + Black,in stock,new,109.99 USD,104.83 USD,https://bytebuy.store/product/geekbuying-526069/,https://img.gkbcdn.com/s3/p/2024-10-22/tronsmart-sounfii-q20s-hybrid-anc-headphones-white---black-b0e282-1729581928081.jpg,Tronsmart,Consumer Electronics,Consumer Electronics,geekbuying
geekbuying-529788,HEPA Filter for JIGOO C300 Cordless Stick Vacuum,Brand: JIGOO. Category: Smart Home & Garden.,in stock,new,26.99 USD,16.55 USD,https://bytebuy.store/product/geekbuying-529788/,https://img.gkbcdn.com/s3/p/2025-07-30/HEPA-Filter-for-JIGOO-C300-Cordless-Stick-Vacuum-529788-0.jpg,JIGOO,Smart Home & Garden,Smart Home & Garden,geekbuying
geekbuying-520349,Creality Hyper-PLA Filament 1kg - Red,Brand: Creality. Category: Consumer Electronics.,in stock,new,29.99 USD,24.99 USD,https://bytebuy.store/product/geekbuying-520349/,https://img.gkbcdn.com/s3/p/2024-03-15/creality-hyper-series-1-75mm-pla-3d-printing-filament-1kg-red-f47f36-1710478086455.jpg,Creality,Consumer Electronics,Consumer Electronics,geekbuying
geekbuying-518144,HiBREW H2B 5 in 1 Multi-Capsule Cold & Hot Coffee Maker (White),Brand: HiBREW. Category: Smart Home & Garden.,in stock,new,139.99 USD,103.74 USD,https://bytebuy.store/product/geekbuying-518144/,https://img.gkbcdn.com/s3/p/2022-11-07/HiBREW-H2B-5-in-1-Coffee-Maker-White-518144-0.jpg,HiBREW,Smart Home & Garden,Smart Home & Garden,geekbuying
geekbuying-531675,4kg Creality Hyper-PLA Filament - Purple / Golden / Blue / Peachy-pink,Brand: Creality. Category: Consumer Electronics.,in stock,new,119.99 USD,55.17 USD,https://bytebuy.store/product/geekbuying-531675/,https://img.gkbcdn.com/s3/p/2026-07-01/4kg-creality-hyper-pla-filament-763daa-1782901141127.jpg,Creality,Consumer Electronics,Consumer Electronics,geekbuying
geekbuying-529795,"Creality Falcon A1 Pro 20W Laser Engraver & Cutter – 600mm/s Speed, AI Camera, 4.3"" Touchscreen, 358x268mm",Brand: Creality. Category: Consumer Electronics.,in stock,new,1400.00 USD,909.38 USD,https://bytebuy.store/product/geekbuying-529795/,https://img.gkbcdn.com/s3/p/2025-07-30/Creality-Falcon-A1-Pro-20W-Laser-Engraver-Cutter-Gray-529795-0.jpg,Creality,Consumer Electronics,Consumer Electronics,geekbuying
geekbuying-531748,"BOYUEDA M2 Electric Scooter, 10000W Dual Motor, 95km/h Speed, 72V 40Ah 2880Wh Lithium Battery, 150km Max Range, 45° Climbing, 12"" Off-Road Tires, Hydr",BOYUEDA M2 Electric Scooter 5000W*2 72V 40AH,in stock,new,2369.99 USD,1930.25 USD,https://bytebuy.store/product/geekbuying-531748/,https://img.gkbcdn.com/s3/p/2026-07-27/BOYUEDA-M2-Electric-Scooter-5000W-2-72V-40AH-531748-0.jpg,BOYUEDA,Sports & Outdoors,Sports & Outdoors,geekbuying
geekbuying-531676,4kg Creality Hyper-PLA Filament - Gray / Red / Strawberry Red / Skin Color,Brand: Creality. Category: Consumer Electronics.,in stock,new,119.99 USD,55.17 USD,https://bytebuy.store/product/geekbuying-531676/,https://img.gkbcdn.com/s3/p/2026-07-01/4kg-creality-hyper-pla-filament-daf9d8-1782901239533.jpg,Creality,Consumer Electronics,Consumer Electronics,geekbuying
geekbuying-531308,"Y18 Electric Motorcycle, 2000W Motor, 48V 20Ah Battery, 55km/h Max Speed, 90km Range, 15""×3.0"" All-Terrain Tires, 150kg Max Load, Dual Damping & Disc",Y18 Electric Motorcycle 2000W 48V 20Ah,in stock,new,1199.99 USD,992.16 USD,https://bytebuy.store/product/geekbuying-531308/,https://img.gkbcdn.com/s3/p/2026-03-27/Y18-Electric-Motorcycle-2000W-48V-20Ah-531308-0.jpg,Other,Sports & Outdoors,Sports & Outdoors,geekbuying
geekbuying-458296,Floor Brush (Brush Head + Bursh) for JIMMY JV85 Pro Handheld Wireless Vacuum Cleaner,Brand: JIMMY. Category: Smart Home & Garden.,in stock,new,65.99 USD,55.17 USD,https://bytebuy.store/product/geekbuying-458296/,https://img.gkbcdn.com/s3/p/2026-03-31/floor-brush--brush-head---bursh--for-jimmy-jv85-pro-vacuum-cleaner-9fd773-1774927995789.jpeg,JIMMY,Smart Home & Garden,Smart Home & Garden,geekbuying
geekbuying-531318,"PHILIAM F3 PRO Dual Motor Electric Bike, 1000W*2 (3000W Peak), 52V 23Ah Battery, 60km/h Max Speed, 160km Range, 26""×4"" Fat Tire, 4-Piston Hydraulic Br",PHILIAM F3 PRO Dual Motor Electric Bike 1000W*2 52V 23Ah,in stock,new,1559.99 USD,1510.87 USD,https://bytebuy.store/product/geekbuying-531318/,https://img.gkbcdn.com/s3/p/2026-03-31/PHILIAM-F3-PRO-Dual-Motor-Electric-Bike-1000W-2-52V-23Ah-531318-0.jpg,PHILIAM,Sports & Outdoors,Sports & Outdoors,geekbuying
geekbuying-528549,"HiBREW H16 Automatic Espresso Machine with Grinder, 20Bar Extraction, 4.3inch Touch Screen, 1.5L Removable Milk Tank",Brand: HiBREW. Category: Smart Home & Garden.,in stock,new,759.00 USD,699.00 USD,https://bytebuy.store/product/geekbuying-528549/,https://img.gkbcdn.com/s3/p/2025-04-21/HiBREW-H16-Automatic-Espresso-Machine-with-Grinder-528549-0.jpg,HiBREW,Smart Home & Garden,Smart Home & Garden,geekbuying
geekbuying-527863,"HiBREW H7B Espresso Machine, Dual-heating System, 58mm Portafilter, Built-in Grinder with 30 Size Settings, Touch Screen, for Cafe Hotel Restaurant",HiBREW H7B Espresso Machine,in stock,new,799.00 USD,735.99 USD,https://bytebuy.store/product/geekbuying-527863/,https://img.gkbcdn.com/s3/p/2025-03-03/HiBREW-H7B-Espresso-Machine-527863-0.jpg,HiBREW,Smart Home & Garden,Smart Home & Garden,geekbuying
geekbuying-531120,"AstroShell Alpha 1 Classic Exoskeleton, 45% Leg Boost, AI Adaptive Assist, 1200W Peak Power, Dual-Battery Hot-Swap, 24km Range, 12 Motion Modes, 15-Se",AstroShell Alpha 1 Classic Exoskeleton,in stock,new,1299.00 USD,1199.00 USD,https://bytebuy.store/product/geekbuying-531120/,https://img.gkbcdn.com/s3/p/2026-03-18/astroshell-alpha-1-pro-exoskeleton-024686-1773803002190.jpg,AstroShell,Wearable Devices,Wearable Devices,geekbuying
geekbuying-524901,"NEWTRAL MagicH-GPro Ergonomic Chair with Footrest + Detachable Workstation Desktop, Gray",Brand: NEWTRAL. Category: Smart Home & Garden.,in stock,new,499.99 USD,352.06 USD,https://bytebuy.store/product/geekbuying-524901/,https://img.gkbcdn.com/s3/p/2025-12-03/newtral-magich-gpro-ergonomic-chair-with-footrest-and-desktop-gray-860231-1764758102107.jpg,NEWTRAL,Smart Home & Garden,Smart Home & Garden,geekbuying
geekbuying-529868,"FOSSiBOT FAC580 580W Alternator Charger for FOSSiBOT Power Station, Gray",Brand: FOSSiBOT. Category: Outdoor Generators & Portable Power.,in stock,new,299.99 USD,219.62 USD,https://bytebuy.store/product/geekbuying-529868/,https://img.gkbcdn.com/s3/p/2025-08-08/FOSSiBOT-FAC580-580W-Alternator-Charger-for-Power-Station-Gray-529868-0.jpg,FOSSiBOT,Outdoor Generators & Portable Power,Outdoor Generators & Portable Power,geekbuying
geekbuying-527432,Mecpow 45cm Leather Welding Hood + 40cm Heat Resistant Welding Gloves,Brand: Mecpow. Category: Consumer Electronics.,in stock,new,50.99 USD,28.68 USD,https://bytebuy.store/product/geekbuying-527432/,https://img.gkbcdn.com/s3/p/2025-01-15/mecpow-leather-welding-hood-ba4662-1736927196603.jpg,Mecpow,Consumer Electronics,Consumer Electronics,geekbuying
geekbuying-527853,"Hydrofast B100 Countertop Water Purifier, Room Temperature, Reverse Osmosis Water Filter for Home, Office",Brand: Hydrofast. Category: Smart Home & Garden.,in stock,new,329.00 USD,299.00 USD,https://bytebuy.store/product/geekbuying-527853/,https://img.gkbcdn.com/s3/p/2025-12-26/hydrofast-b100-countertop-water-purifier-room-temperature-c5f60a-1766717094942.jpg,Hydrofast,Smart Home & Garden,Smart Home & Garden,geekbuying
geekbuying-517363,KuKirin G2 Max Electric Scooter 10 Inch Off-road Tires 1000W Motor 55Km/h Max Speed 48V 20.8Ah Battery 70km Range 120KG Max Load Detachable Seat Adjus,KUKIRIN G2 MAX Electric Scooter 10 Inch 48V 20.8AH 55KM/H 1000W Motor,in stock,new,851.97 USD,716.26 USD,https://bytebuy.store/product/geekbuying-517363/,https://img.gkbcdn.com/s3/p/2024-09-23/kukirin-g2-max-electric-scooter-10-inch-48v-20ah-55km-h-1000w-motor-b1da36-1727054518298.jpg,KuKirin,Sports & Outdoors,Sports & Outdoors,geekbuying
geekbuying-523489,"NEWTRAL MAGICH003 Ergonomic Chair, Auto-Following Backrest, Adaptive Lower Back Support, Adjustable Headrest Seat Depth, 3D Armrest Recliner, 3 Positi",NEWTRAL MAGICH003 Ergonomic Chair,in stock,new,237.99 USD,208.59 USD,https://bytebuy.store/product/geekbuying-523489/,https://img.gkbcdn.com/s3/p/2025-04-17/newtral-magich003-ergonomic-chair-992d08-1744856116892.jpg,NEWTRAL,Smart Home & Garden,Smart Home & Garden,geekbuying
geekbuying-517374,"SCULPFUN S30 Pro 10W Laser Engraver Cutter, Automatic Air-assist, 0.06*0.08mm Laser Focus, 32-bit Motherboard, Replaceable Lens, Engraving Size 410*40",SCULPFUN S30 Pro 10W Laser Engraver Cutter,in stock,new,529.00 USD,297.97 USD,https://bytebuy.store/product/geekbuying-517374/,https://img.gkbcdn.com/s3/p/2024-10-10/sculpfun-s30-pro-10w-laser-engraver-cutter-e36f30-1728546861735.jpg,SCULPFUN,Consumer Electronics,Consumer Electronics,geekbuying
geekbuying-531455,Creality K2 SE Combo 3D Printer + 4kg Mecpow High Speed PLA+ Filament - Black/White/Gray/Lilac,Brand: Creality. Category: Consumer Electronics.,in stock,new,699.99 USD,561.75 USD,https://bytebuy.store/product/geekbuying-531455/,https://img.gkbcdn.com/s3/p/2026-04-24/creality-k2-se-combo-3d-printer-74410f-1777016233839.jpg,Creality,Consumer Electronics,Consumer Electronics,geekbuying
geekbuying-522233,Battery for Proscenic WashVac F20 Cordless Wet Dry Vacuum Cleaner,Brand: Proscenic. Category: Smart Home & Garden.,in stock,new,70.99 USD,60.69 USD,https://bytebuy.store/product/geekbuying-522233/,https://img.gkbcdn.com/s3/p/2023-09-19/Battery-for-Proscenic-F20-Cordless-Wet-Dry-Vacuum-Cleaner-522233-0.jpg,Proscenic,Smart Home & Garden,Smart Home & Garden,geekbuying
geekbuying-529920,"Mecpow G1 Slide Extension for X1 Engraver, 370 x 105 mm",Brand: Mecpow. Category: Consumer Electronics.,in stock,new,199.99 USD,76.15 USD,https://bytebuy.store/product/geekbuying-529920/,https://img.gkbcdn.com/s3/p/2025-08-18/Mecpow-G1-Slide-Extension-for-Mecpow-X1-529920-4.jpg,Mecpow,Consumer Electronics,Consumer Electronics,geekbuying
geekbuying-530047,"NEWTRAL Freedom-X-FF Criss Cross Chair with Armrests & Wheels, Multi-Position Recliner Chair, Ergonomic Cross Legged Chair, Adjustable Laptop Tray, Wa",NEWTRAL Freedom-X-FF Multi-Posture Chair with Armrests Dark Gray,in stock,new,466.99 USD,307.91 USD,https://bytebuy.store/product/geekbuying-530047/,https://img.gkbcdn.com/s3/p/2025-09-01/Newtral-FF-DG-Freedom-X-Multi-Posture-Chair-with-Armrest-Dark-Grey-530047-0.jpg,NEWTRAL,Smart Home & Garden,Smart Home & Garden,geekbuying
geekbuying-471004,JIMMY Water Tank for JV83/JV85/JV85 Pro/H8 Flex/H9 Pro/H9 Flex/H10 Flex/H10 Pro Vacuum Cleaner,Brand: JIMMY. Category: Smart Home & Garden.,in stock,new,49.99 USD,35.99 USD,https://bytebuy.store/product/geekbuying-471004/,https://img.gkbcdn.com/s3/p/2021-04-07/JIMMY-JV83-JV85-JV85-PRO-H9-PRO-Vacuum-cleaner-Water-Tank-Accessories-458298-0.jpg,JIMMY,Smart Home & Garden,Smart Home & Garden,geekbuying
geekbuying-522118,"OUKITEL MC4 Cable for Connect Micro-inverter with the BP2000, Connecting Solar Panels",Brand: OUKITEL. Category: Outdoor Generators & Portable Power.,in stock,new,21.65 USD,11.03 USD,https://bytebuy.store/product/geekbuying-522118/,https://img.gkbcdn.com/s3/p/2023-09-12/OUKITEL-MC4-Cable-for-Connecting-Solar-Panels-522118-0.jpg,OUKITEL,Outdoor Generators & Portable Power,Outdoor Generators & Portable Power,geekbuying
geekbuying-530044,"NEWTRAL Freedom-X-FB Multi-Posture Chair with Armrests, Criss Corss Legged Office Chair with Laptop Tray, Adjustable Ergonomic Recliner for Work from",NEWTRAL Freedom-X-FB Multi-Posture Chair with Armrest Dark Gray,in stock,new,399.99 USD,274.80 USD,https://bytebuy.store/product/geekbuying-530044/,https://img.gkbcdn.com/s3/p/2025-09-01/Newtral-FB-DG-Freedom-X-Multi-Posture-Chair-with-Armrest-Dark-Grey-530044-0.jpg,NEWTRAL,Smart Home & Garden,Smart Home & Garden,geekbuying
geekbuying-530045,"NEWTRAL Freedom-X-FB Multi-Posture Chair with Armrests, Criss Corss Legged Office Chair with Laptop Tray, Adjustable Ergonomic Recliner for Work from",NEWTRAL Freedom-X-FB Multi-Posture Chair with Armrest Pink,in stock,new,399.99 USD,274.80 USD,https://bytebuy.store/product/geekbuying-530045/,https://img.gkbcdn.com/s3/p/2025-09-01/Newtral-FB-P-Freedom-X-Multi-Posture-Chair-with-Armrest-Pink-530045-0.jpg,NEWTRAL,Smart Home & Garden,Smart Home & Garden,geekbuying
geekbuying-526576,SPARIN 2 Pack HD Screen Protector for iPhone 15 Pro + 2 Pack Lens Protector with Installation Frame,Brand: SPARIN. Category: Phones & Accessories.,in stock,new,59.99 USD,8.99 USD,https://bytebuy.store/product/geekbuying-526576/,https://img.gkbcdn.com/s3/p/2024-11-20/SPARIN-5-Pack-HD-Screen-Protector-Set-for-iPhone-15-Pro-526576-0.jpg,SPARIN,Phones & Accessories,Phones & Accessories,geekbuying
geekbuying-530409,JIMMY Dual Roller Brush Clean Water Tank for PW11 Pro Max/ PW11 Pro/ HW11 Pro Max,Brand: JIMMY. Category: Smart Home & Garden.,in stock,new,59.99 USD,25.37 USD,https://bytebuy.store/product/geekbuying-530409/,https://img.gkbcdn.com/s3/p/2025-10-23/JIMMY-PW11-Pro-Max-PW11-Pro-HW11-Pro-Max-Dual-Roller-Brush-530409-0.jpg,JIMMY,Smart Home & Garden,Smart Home & Garden,geekbuying
geekbuying-530331,"Liectroux S11 Window Cleaning Robot, 8000Pa Strong Suction, 4-Way Auto Water Spray, Intelligent Navigation, Tuya App & Remote Control, Voice Prompts",Liectroux S11 Window Cleaning Robot,in stock,new,249.99 USD,164.44 USD,https://bytebuy.store/product/geekbuying-530331/,https://img.gkbcdn.com/s3/p/2025-10-15/Liectroux-S11-Window-Cleaning-Robot-530331-0.jpg,Liectroux,Smart Home & Garden,Smart Home & Garden,geekbuying
geekbuying-530385,TWO TREES TTC450 Ultra CNC Router Machine + Vacuum Cleaner + Wood Trimmer Router + Air Cooling Kit,Brand: TWO TREES. Category: Consumer Electronics.,in stock,new,1329.99 USD,892.84 USD,https://bytebuy.store/product/geekbuying-530385/,https://img.gkbcdn.com/s3/p/2025-10-22/two-trees-ttc450-ultra-cnc-router-with-cleaner-wood-trimmer-air-cool-f04d89-1761112336340.jpg,TWO TREES,Consumer Electronics,Consumer Electronics,geekbuying
geekbuying-522829,"NEWTRAL MagicH-BPro Ergonomic Chair with Footrest, Auto-Following Backrest Headrest, Adaptive Lower Back Support, Adjustable Armrest, 3 Positions to L",NEWTRAL MagicH-BPro Ergonomic Chair with Footrest Black,in stock,new,500.01 USD,296.88 USD,https://bytebuy.store/product/geekbuying-522829/,https://img.gkbcdn.com/s3/p/2025-12-25/newtral-magich-bpro-ergonomic-chair-with-footrest-black-18dd76-1766656732210.jpg,NEWTRAL,Smart Home & Garden,Smart Home & Garden,geekbuying
geekbuying-522636,Creality: Rotary Roller (Creality Lasers Only),Brand: Creality. Category: Consumer Electronics.,in stock,new,89.99 USD,87.19 USD,https://bytebuy.store/product/geekbuying-522636/,https://img.gkbcdn.com/s3/p/2023-11-01/Creality-Rotary-Roller-for-Laser-Engraving-Machine-522636-0.jpg,Creality,Consumer Electronics,Consumer Electronics,geekbuying
geekbuying-530221,"SCULPFUN C1 3W Mini Laser Engraver, 10000mm/min, Engraving Area 150*130mm, 0.04mm Ultra-Fine Compressed Spot, 100nm-500nm Effective Filtration",SCULPFUN C1 3W Mini Laser Engraver,in stock,new,125.99 USD,110.35 USD,https://bytebuy.store/product/geekbuying-530221/,https://img.gkbcdn.com/s3/p/2025-09-23/SCULPFUN-C1-3W-Mini-Laser-Engraver-530221-0.jpg,SCULPFUN,Consumer Electronics,Consumer Electronics,geekbuying
geekbuying-531535,"OUKITEL B2000L 2048Wh Expansion Battery, Compatible with BP3000E Only",Brand: OUKITEL. Category: Outdoor Generators & Portable Power.,in stock,new,999.99 USD,771.44 USD,https://bytebuy.store/product/geekbuying-531535/,https://img.gkbcdn.com/s3/p/2026-05-19/OUKITEL-B2000L-Expansion-Battery-for-BP3000E-531535-0.jpg,OUKITEL,Outdoor Generators & Portable Power,Outdoor Generators & Portable Power,geekbuying
geekbuying-509063,"NEWTRAL NT002 Ergonomic Office Chair with Adjustable Footrest & Headrest, Adaptive Lumbar Support and 4D Armrests, Black",Brand: NEWTRAL. Category: Smart Home & Garden.,in stock,new,465.14 USD,352.06 USD,https://bytebuy.store/product/geekbuying-509063/,https://img.gkbcdn.com/s3/p/2024-11-25/newtral-chair-pro-nt002-29950d-1732517976337.jpg,NEWTRAL,Smart Home & Garden,Smart Home & Garden,geekbuying
geekbuying-531893,"Tronsmart D07 Adjustable Laptop Stand, 9-Level Height Adjustment, 7–27cm Height, 0–42° Adjustable Angle, Compatible with 10–17"" Laptops, 10kg Load Cap",Tronsmart D07 Adjustable Laptop Stand,in stock,new,29.99 USD,22.06 USD,https://bytebuy.store/product/geekbuying-531893/,https://img.gkbcdn.com/s3/p/2026-09-07/Tronsmart-D07-Adjustable-Laptop-Stand-531893-0.jpg,Tronsmart,"Computers, Tablets & Accessories","Computers, Tablets & Accessories",geekbuying
geekbuying-527769,"ATOMSTACK A20 Pro V2 20W Laser Engraver, 400mm/s High Speed, 0.01mm Precision, 0.08 x 0.1mm Spot, 400*365mm",Brand: ATOMSTACK. Category: Consumer Electronics.,in stock,new,499.00 USD,396.20 USD,https://bytebuy.store/product/geekbuying-527769/,https://img.gkbcdn.com/s3/p/2025-02-24/AtomStack-A20-Pro-V2-20W-Laser-Engraver-527769-0.jpg,ATOMSTACK,Consumer Electronics,Consumer Electronics,geekbuying
geekbuying-509067,"LONGER RAY5 10W Laser Engraver, 0.06x0.06mm Laser Spot, Touch Screen, Offline Carving, 32-Bit Chipset, WiFi Connection, Working Area 400x400mm",LONGER RAY5 10W Laser Engraver US Plug,in stock,new,529.99 USD,239.00 USD,https://bytebuy.store/product/geekbuying-509067/,https://img.gkbcdn.com/s3/p/2024-10-11/longer-ray5-10w-laser-engraver-us-plug-8b061f-1728626373851.jpg,LONGER,Consumer Electronics,Consumer Electronics,geekbuying
geekbuying-526571,SODI 2 Pack Screen Protector for iPad Air 11 Inch (2024) with 1 Installation Frame,Brand: SODI. Category: Phones & Accessories.,in stock,new,19.99 USD,9.99 USD,https://bytebuy.store/product/geekbuying-526571/,https://img.gkbcdn.com/s3/p/2024-11-20/SODI-3-Pack-Screen-Protector-Set-for-iPad-Air-11-Inch--2024--526571-0.jpg,SODI,Phones & Accessories,Phones & Accessories,geekbuying
geekbuying-525223,Cartoon Helmet for Hyper GOGO Pioneer/Challenger/Cruiser Series Children Electric Motorcycle,Brand: Other. Category: Sports & Outdoors.,in stock,new,49.99 USD,38.62 USD,https://bytebuy.store/product/geekbuying-525223/,https://img.gkbcdn.com/s3/p/2024-07-24/Cartoon-Helmet-for-Hyper-GOGO-Children-Electric-Motorcycle-525223-0.jpg,Other,Sports & Outdoors,Sports & Outdoors,geekbuying
geekbuying-518731,ENGWE Engine X Folding Electric Bike 20*4.0 Inch Chaoyang Off-Road Fat Tires 250W Motor E-Bike 48V 13Ah Battery 25Km/h Max Speed 100KM Range Dual Disc,ENGWE X Electric Bike 20 Inch 25Km/h 48V 13AH Battery 250W Motor Black,in stock,new,1531.96 USD,1433.62 USD,https://bytebuy.store/product/geekbuying-518731/,https://img.gkbcdn.com/s3/p/2024-09-13/engwe-x-electric-bike-20-inch-25km-h-48v-13ah-battery-250w-motor-black-d6f2e3-1726201756457.jpg,ENGWE,Sports & Outdoors,Sports & Outdoors,geekbuying
geekbuying-531607,"X36-mini Mini PC, RK3566 Quad-Core Cortex-A55 Up to 1.8GHz, 2GB DDR4 32GB eMMC, HDMI 2.0 4K Output, 3×USB, RJ45 Gigabit LAN, 2×3.5mm Audio, WiFi 5, Bl",X36-mini Mini PC 2GB DDR4 32GB eMMC,in stock,new,249.00 USD,169.96 USD,https://bytebuy.store/product/geekbuying-531607/,https://img.gkbcdn.com/s3/p/2026-06-08/X36-Mini-Mini-PC-2GB-DDR4-32GB-eMMC-531607-0.jpg,Other,TV Boxes & Mini PCs,TV Boxes & Mini PCs,geekbuying
geekbuying-530651,"MESWAO B3 Pro Tablet, 15.6 inch 1920*1080 IPS Screen, MTK Helio G99 8 Cores, 8GB RAM 256GB ROM, Android 14, WiFi 5 Bluetooth 5.0, 12000mAh Battery, 32",MESWAO B3 Pro 15.6 inch Tablet 8GB 256GB US Plug Black,in stock,new,499.99 USD,389.99 USD,https://bytebuy.store/product/geekbuying-530651/,https://img.gkbcdn.com/s3/p/2025-11-21/MESWAO-B3-Pro-15-6-inch-Tablet-8GB-256GB-US-Plug-Black-530651-0.jpg,MESWAO,"Computers, Tablets & Accessories","Computers, Tablets & Accessories",geekbuying
geekbuying-522826,NEWTRAL LAPD Detachable Workstation Desktop for MagicH-BP/MagicH-BPro Ergonomic Chair - Black,Brand: NEWTRAL. Category: Smart Home & Garden.,in stock,new,69.99 USD,55.17 USD,https://bytebuy.store/product/geekbuying-522826/,https://img.gkbcdn.com/s3/p/2023-11-16/NEWTRAL-LAPD-Detachable-Workstation-Desktop-Black-522826-0.jpg,NEWTRAL,Smart Home & Garden,Smart Home & Garden,geekbuying
geekbuying-530326,"FOSSiBOT F110 Pro 5G Rugged Smartphone, 20GB RAM + 128GB ROM, 6.745-inch HD+ Display, 10000mAh Battery, 50MP AI Camera, NFC & Fingerprint & Face Unloc",FOSSiBOT F110 Pro 5G Rugged Smartphone 20+128GB,in stock,new,279.99 USD,219.62 USD,https://bytebuy.store/product/geekbuying-530326/,https://img.gkbcdn.com/s3/p/2025-10-14/FOSSiBOT-F110-Pro-5G-Rugged-Smartphone-20-128GB-530326-0.jpg,FOSSiBOT,Phones & Accessories,Phones & Accessories,geekbuying
geekbuying-530327,"FOSSiBOT F110 Pro 5G Rugged Smartphone, 20GB RAM + 128GB ROM, 6.745-inch HD+ Display, 10000mAh Battery, 50MP AI Camera, NFC & Fingerprint & Face Unloc",FOSSiBOT F110 Pro 5G Rugged Smartphone 20+128GB,in stock,new,279.99 USD,219.62 USD,https://bytebuy.store/product/geekbuying-530327/,https://img.gkbcdn.com/s3/p/2025-10-14/FOSSiBOT-F110-Pro-5G-Rugged-Smartphone-20-128GB-530327-0.jpg,FOSSiBOT,Phones & Accessories,Phones & Accessories,geekbuying
geekbuying-530333,4kg Mecpow High-Speed PETG Transparent Filament - Transparent Rainbow,Brand: Mecpow. Category: Consumer Electronics.,in stock,new,99.99 USD,43.03 USD,https://bytebuy.store/product/geekbuying-530333/,https://img.gkbcdn.com/s3/p/2025-10-15/4kg-mecpow-high-speed-petg-transparent-dc118a-1760512411901.jpg,Mecpow,Consumer Electronics,Consumer Electronics,geekbuying
geekbuying-522827,NEWTRAL LAPD Detachable Workstation Desktop for MagicH-BP/MagicH-BPro Ergonomic Chair - Grey,Brand: NEWTRAL. Category: Smart Home & Garden.,in stock,new,69.99 USD,55.17 USD,https://bytebuy.store/product/geekbuying-522827/,https://img.gkbcdn.com/s3/p/2023-11-16/NEWTRAL-LAPD-Detachable-Workstation-Desktop-Grey-522827-0.jpg,NEWTRAL,Smart Home & Garden,Smart Home & Garden,geekbuying
geekbuying-529201,"Hydrofast W100 Countertop Water Purifier with Hot & Ambient Water, 8 Temperatures, Hot Water in 3 Seconds, 6 Levels Reverse Osmosis Filtration,15 leve",Hydrofast W100 Countertop Water Purifier,in stock,new,440.04 USD,385.17 USD,https://bytebuy.store/product/geekbuying-529201/,https://img.gkbcdn.com/s3/p/2025-11-29/hydrofast-w100-countertop-water-purifier-533687-1764403136304.jpg,Hydrofast,Smart Home & Garden,Smart Home & Garden,geekbuying
geekbuying-530355,"KuKirin T3 Electric Scooter, 800W Motor, 48V 15.6Ah Battery, 10 inch Tires, 45km/h Max Speed, 58km Range, Front & Rear Disc Brake, Four-arm Shock Abso",KuKirin T3 Electric Scooter 800W 48V 15.6Ah 45km/h,in stock,new,659.00 USD,539.68 USD,https://bytebuy.store/product/geekbuying-530355/,https://img.gkbcdn.com/s3/p/2025-10-17/KuKirin-T3-Electric-Scooter-800W-48V-15-6Ah-45km-h-530355-0.jpg,KuKirin,Sports & Outdoors,Sports & Outdoors,geekbuying
geekbuying-530356,"Liectroux C7 Robot Vacuum and Mop Combo, 6000Pa Powerful Suction, Smart Mapping, WiFi App & Remote Control, Brushless Motor, Works with Alexa & Google",Liectroux C7 Robot Vacuum Cleaner and Wet Mop Combo,in stock,new,249.99 USD,132.43 USD,https://bytebuy.store/product/geekbuying-530356/,https://img.gkbcdn.com/s3/p/2025-10-17/LIECTROUX-C7-Robot-Vacuum-Cleaner-and-Wet-Mop-Combo-530356-0.jpg,Other,Smart Home & Garden,Smart Home & Garden,geekbuying
geekbuying-525287,Mecpow X3 Pro 10W Laser Engraver With Air Assist System + H44 Laser Bed,Brand: Mecpow. Category: Consumer Electronics.,in stock,new,335.99 USD,264.86 USD,https://bytebuy.store/product/geekbuying-525287/,https://img.gkbcdn.com/s3/p/2025-05-15/mecpow-x3-pro-10w-laser-h44-laser-bed-combo-2fd7b5-1747291004142.jpg,Mecpow,Consumer Electronics,Consumer Electronics,geekbuying
geekbuying-523402,"3DMakerpro Seal 3D Scanner, Blue Light Source, 0.01mm Accuracy, 0.05mm Resolution, 10fps Frame Rate, Visual Tracking, Anti-Shaking, Color Scanning, 10",3DMakerpro Seal 3D Scanner,in stock,new,770.99 USD,489.00 USD,https://bytebuy.store/product/geekbuying-523402/,https://img.gkbcdn.com/s3/p/2024-09-03/3dmakerpro-seal-3d-scanner-455e41-1725342523876.jpg,3DMakerpro,Consumer Electronics,Consumer Electronics,geekbuying
geekbuying-530895,"Creality K2 SE Combo 3D Printer, 500mm/s Speed, 0.1mm Precision, 220×215×245mm Build Volume, Auto Leveling, 300°C Nozzle for Multi-Material Printing",Creality K2 SE Combo 3D Printer,in stock,new,699.99 USD,429.31 USD,https://bytebuy.store/product/geekbuying-530895/,https://img.gkbcdn.com/s3/p/2026-01-13/creality-k2-se-combo-3d-printer-9da1b1-1768297411378.jpg,Creality,Consumer Electronics,Consumer Electronics,geekbuying
geekbuying-530329,"Tronsmart T8 Portable Outdoor Speaker, 40W Power, 18 Hours Playtime - Blue",Brand: Tronsmart. Category: Consumer Electronics.,in stock,new,69.99 USD,66.21 USD,https://bytebuy.store/product/geekbuying-530329/,https://img.gkbcdn.com/s3/p/2025-10-14/7a8b698789134a9da454545d8680f42f-530329-0.jpg,Tronsmart,Consumer Electronics,Consumer Electronics,geekbuying
geekbuying-523083,"Mecpow X5 Pro Laser Engraver Cutter, 33W Laser Power, Auto Air Assist, 0.08x0.1mm Laser Spot, 28000mm/min Engraving Speed, Safety Lock, Emergency Stop",Mecpow X5 Pro 33W Laser Engraver,in stock,new,999.90 USD,550.71 USD,https://bytebuy.store/product/geekbuying-523083/,https://img.gkbcdn.com/s3/p/2025-09-29/mecpow-x5-pro-33w-laser-engraver---121241-1759128361518.jpg,Mecpow,Consumer Electronics,Consumer Electronics,geekbuying
geekbuying-524425,4kg Creality Hyper-ABS Filament - White,Brand: Creality. Category: Consumer Electronics.,in stock,new,84.99 USD,60.70 USD,https://bytebuy.store/product/geekbuying-524425/,https://img.gkbcdn.com/s3/p/2024-05-08/creality-hyper-abs-3d-printing-filament-4kg-white-54f8b2-1715135507694.jpg,Creality,Consumer Electronics,Consumer Electronics,geekbuying
geekbuying-526574,SPARIN 2 Pack HD Screen Protector for iPhone 15 + 2 Pack Lens Protector with Installation Frame,Brand: SPARIN. Category: Phones & Accessories.,in stock,new,29.99 USD,6.99 USD,https://bytebuy.store/product/geekbuying-526574/,https://img.gkbcdn.com/s3/p/2024-11-20/SPARIN-5-Pack-HD-Screen-Protector-Set-for-iPhone-15-526574-0.jpg,SPARIN,Phones & Accessories,Phones & Accessories,geekbuying
geekbuying-531666,"HIKNIGHT H6 PRO Electric Bike, 4000W Peak Dual Motors, 52V 20Ah Removable Battery, 145km Range, 64km/h Max Speed, 200N·m Torque, Dual-Crown Front Fork",HIKNIGHT H6 PRO 4000W Electric Bike Gray,in stock,new,1999.99 USD,1654.34 USD,https://bytebuy.store/product/geekbuying-531666/,https://img.gkbcdn.com/s3/p/2026-06-25/HIKNIGHT-H6-PRO-4000W-Electric-Bike-Gray-531666-0.jpg,HIKNIGHT,Sports & Outdoors,Sports & Outdoors,geekbuying
geekbuying-517841,"Liectroux HCR-10 Robot Window Vacuum Cleaner, 30ml Water Tank, Ultrasonic Water Spraying, 2800Pa Suction, 6.8cm Ultra-thin Body - Black",Liectroux HCR-10 Robot Window Cleaner Black,in stock,new,199.99 USD,109.26 USD,https://bytebuy.store/product/geekbuying-517841/,https://img.gkbcdn.com/s3/p/2022-10-12/Liectroux-HCR-10-Robot-Window-Cleaner-Black-517841-0.jpg,Liectroux,Smart Home & Garden,Smart Home & Garden,geekbuying
geekbuying-531760,"Teendow SC-05 Floor Steam Cleaner, 1300W Power, 15s Fast Heating, 300ml Water Tank, 30-Min Runtime, 2 Adjustable Steam Modes, 7m Power Cord, 180° Swiv",Teendow SC-05 1300W Floor Steam Cleaner,in stock,new,89.99 USD,52.97 USD,https://bytebuy.store/product/geekbuying-531760/,https://img.gkbcdn.com/s3/p/2026-07-29/Teendow-SC-05-1300W-Floor-Steam-Cleaner-531760-0.jpg,Teendow,Smart Home & Garden,Smart Home & Garden,geekbuying
geekbuying-530383,TWO TREES TTC450 Ultra CNC Router Machine + Vacuum Cleaner + Rotary Module Kit,Brand: TWO TREES. Category: Consumer Electronics.,in stock,new,1199.99 USD,936.98 USD,https://bytebuy.store/product/geekbuying-530383/,https://img.gkbcdn.com/s3/p/2025-10-22/two-trees-ttc450-ultra-cnc-router-machine-with-cleaner-and-rotary-kit-c64b68-1761111904802.jpg,TWO TREES,Consumer Electronics,Consumer Electronics,geekbuying
geekbuying-529407,Hydrofast HF02 RO Filter + Hydrofast HF03 Composite Filter for W100 Water Purifier,Brand: Hydrofast. Category: Smart Home & Garden.,in stock,new,159.00 USD,115.88 USD,https://bytebuy.store/product/geekbuying-529407/,https://img.gkbcdn.com/s3/p/2025-06-27/hydrofast-hf02-ro-filter---hydrofast-hf03-composite-filter-368bd7-1751009667291.jpg,Hydrofast,Smart Home & Garden,Smart Home & Garden,geekbuying
geekbuying-531970,OUKITEL EP2000E Expansion Battery Pack for EP2500,Brand: OUKITEL. Category: Outdoor Generators & Portable Power.,in stock,new,699.00 USD,550.71 USD,https://bytebuy.store/product/geekbuying-531970/,https://img.gkbcdn.com/s3/p/2026-09-21/OUKITEL-EP2500-Expansion-Battery-Pack-2048Wh-531970-0.jpg,OUKITEL,Outdoor Generators & Portable Power,Outdoor Generators & Portable Power,geekbuying
geekbuying-520941,Tronsmart Halo 200 Karaoke Party Speaker 120W with 2 Wireless Microphones - Black,Brand: Tronsmart. Category: Consumer Electronics.,in stock,new,259.99 USD,253.82 USD,https://bytebuy.store/product/geekbuying-520941/,https://img.gkbcdn.com/s3/p/2023-06-19/Tronsmart-Halo-200-Bluetooth-Speaker-520941-0.jpg,Tronsmart,Consumer Electronics,Consumer Electronics,geekbuying
geekbuying-519051,"FOSSiBOT F2400 Portable Power Station Kit + 2 x FOSSiBOT SP200 18V 200W Foldable Solar Panel, 2048Wh LiFePO4 Battery 2400W Output Solar Generator, 3xA",FOSSiBOT F2400 Portable Power Station + 2 x SP200 Solar Panel,in stock,new,2399.99 USD,1234.96 USD,https://bytebuy.store/product/geekbuying-519051/,https://img.gkbcdn.com/s3/p/2025-01-23/fossibot-f2400-portable-power-station---2-x-sp200-solar-panel-c2d219-1737601627086.jpg,FOSSiBOT,Outdoor Generators & Portable Power,Outdoor Generators & Portable Power,geekbuying
geekbuying-529649,TWO TREES: Laser Bed 500×500mm,Brand: TWO TREES. Category: Consumer Electronics.,in stock,new,81.99 USD,69.99 USD,https://bytebuy.store/product/geekbuying-529649/,https://img.gkbcdn.com/s3/p/2025-07-17/TWO-TREES-500x500mm-Laser-Bed-529649-0.jpg,TWO TREES,Consumer Electronics,Consumer Electronics,geekbuying
geekbuying-530462,"GELEIPU Z1 Electric Scooter, 1200W Motor, 48V 20Ah Battery, 10 inch Tires, 60km/h Max Speed, 60km Range, Front & Rear Disc Brake, Four-arm Shock Absor",GELEIPU Z1 Electric Scooter 1200W 48V 20Ah 60km/h,in stock,new,679.99 USD,462.42 USD,https://bytebuy.store/product/geekbuying-530462/,https://img.gkbcdn.com/s3/p/2025-11-03/GELEIPU-Z1-Electric-Scooter-1200W-48V-20Ah-60km-h-530462-0.jpg,GELEIPU,Sports & Outdoors,Sports & Outdoors,geekbuying
geekbuying-531177,"SP-STAR D82 PRO Wireless Mechanical Keyboard, 80% Compact Layout, Tri-Mode 2.4G/Bluetooth/USB-C, 2.4-Inch IPS Screen, Hot-Swappable White Switch V2 Li",SP-STAR D82 PRO Wireless Mechanical Keyboard,in stock,new,179.99 USD,159.99 USD,https://bytebuy.store/product/geekbuying-531177/,https://img.gkbcdn.com/s3/p/2026-03-12/70d4ceb7185644638036d2fe1d155f6b-531177-0.jpg,SP-STAR,"Computers, Tablets & Accessories","Computers, Tablets & Accessories",geekbuying
geekbuying-530335,4kg Mecpow High-Speed PETG Filament - 2kg Black/Pink,Brand: Mecpow. Category: Consumer Electronics.,in stock,new,99.99 USD,43.03 USD,https://bytebuy.store/product/geekbuying-530335/,https://img.gkbcdn.com/s3/p/2026-01-16/4kg-mecpow-high-speed-petg-transparent-83a86a-1768551545258.jpg,Mecpow,Consumer Electronics,Consumer Electronics,geekbuying
geekbuying-522719,"NEWTRAL MagicH-BPro Ergonomic Chair with Footrest, Auto-Following Backrest Headrest, Adaptive Lower Back Support, Adjustable Armrest, 4 Positions to L",NEWTRAL MagicH-BPro Ergonomic Chair with Footrest Grey,in stock,new,399.99 USD,349.99 USD,https://bytebuy.store/product/geekbuying-522719/,https://img.gkbcdn.com/s3/p/2023-11-09/NEWTRAL-MagicH-BPro-Ergonomic-Chair-with-Footrest-Grey-522719-0.jpg,NEWTRAL,Smart Home & Garden,Smart Home & Garden,geekbuying
geekbuying-528368,TWO TREES TTC450 Pro CNC Router Machine,Brand: TWO TREES. Category: Consumer Electronics.,in stock,new,589.99 USD,517.60 USD,https://bytebuy.store/product/geekbuying-528368/,https://img.gkbcdn.com/s3/p/2025-04-07/TWO-TREES-TTC450-Pro-CNC-Router-Machine-528368-0.jpg,TWO TREES,Consumer Electronics,Consumer Electronics,geekbuying
geekbuying-530624,"Akluer 520A-B Dual-Sided Walking Pad with Handle, 2.5HP Quiet Motor, 4MPH Max Speed, 150kg Capacity, Dual LED Display, Manual Incline & Built-in Foot",Akluer 520A-B Dual-Sided Walking Pad with Handle,in stock,new,259.99 USD,219.00 USD,https://bytebuy.store/product/geekbuying-530624/,https://img.gkbcdn.com/s3/p/2025-11-20/akluer-520a-b-dual-sided-walking-pad-with-handle-47e2bb-1763611139828.jpg,Akluer,Smart Home & Garden,Smart Home & Garden,geekbuying
geekbuying-528369,TWO TREES TTC450 Pro CNC Router Machine + Vacuum Cleaner,Brand: TWO TREES. Category: Consumer Electronics.,in stock,new,690.99 USD,616.93 USD,https://bytebuy.store/product/geekbuying-528369/,https://img.gkbcdn.com/s3/p/2025-04-07/two-trees-ttc450-pro-cnc-router-machine-22b376-1744010177546.jpeg,TWO TREES,Consumer Electronics,Consumer Electronics,geekbuying
geekbuying-531554,"3DMakerpro Fox 3D Scanner, AI Visual Tracking, 0.07mm Accuracy, 0.10mm Resolution, NIR Light Source, Marker-Free Scanning, 10fps Frame Rate, Compatibl",3DMakerpro Fox 3D Scanner,in stock,new,329.99 USD,224.04 USD,https://bytebuy.store/product/geekbuying-531554/,https://img.gkbcdn.com/s3/p/2026-05-26/3DMakerpro-Fox-3D-Scanner-531554-0.jpg,3DMakerpro,Consumer Electronics,Consumer Electronics,geekbuying
geekbuying-525514,"3DMakerpro Lynx 3D Scanner Luxury Edition, 0.10mm Accuracy, 0.30mm Resolution, 10fps Frame Rate, Class 1 White Light, Visual Tracking, 250x400mm Singl",3DMakerpro Lynx 3D Scanner Luxury Edition,in stock,new,754.99 USD,495.53 USD,https://bytebuy.store/product/geekbuying-525514/,https://img.gkbcdn.com/s3/p/2024-08-20/3DMakerpro-Lynx-3D-Scanner-Luxury-Edition-525514-11.jpg,3DMakerpro,Consumer Electronics,Consumer Electronics,geekbuying
geekbuying-531686,"Crigge MINI-C Smart Cat Litter Box, Open-Top Self-Cleaning System, WiFi App Control, Health Tracking, 35dB Ultra-Quiet Operation, Dual Infrared Safety",Crigge MINI-C Smart Cat Litter Box White,in stock,new,459.99 USD,318.95 USD,https://bytebuy.store/product/geekbuying-531686/,https://img.gkbcdn.com/s3/p/2026-07-06/Crigge-MINI-C-Smart-Cat-Litter-Box-White-531686-0.jpg,Crigge,Smart Home & Garden,Smart Home & Garden,geekbuying
geekbuying-528374,"SCULPFUN S9 Pro 10W Laser Engraver, 0.06mm High Precision, 15mm Wood Cutting, Support LaserGRBL/LightBurn, 400*410mm (15.7*16.2 inch)",SCULPFUN S9 Pro 10W Laser Engraver,in stock,new,299.00 USD,230.66 USD,https://bytebuy.store/product/geekbuying-528374/,https://img.gkbcdn.com/s3/p/2025-04-08/SCULPFUN-S9-Pro-10W-Dual-Laser-Engraver-EU-Plug-528374-0.jpg,SCULPFUN,Consumer Electronics,Consumer Electronics,geekbuying
geekbuying-526579,SPARIN 2 Pack Privacy Screen Protector for iPhone 15 Plus + 2 Pack Lens Protector with Installation Frame,Brand: SPARIN. Category: Phones & Accessories.,in stock,new,59.99 USD,9.99 USD,https://bytebuy.store/product/geekbuying-526579/,https://img.gkbcdn.com/s3/p/2024-11-20/SPARIN-5-Pack-Privacy-Screen-Protector-Set-for-iPhone-15-Plus-526579-0.jpg,SPARIN,Phones & Accessories,Phones & Accessories,geekbuying
geekbuying-509062,"NEWTRAL NT001 Ergonomic Office Chair, Adaptive Lumbar Support, Adjustable Mesh Back, 3-Angle Recline & 3D Armrests, Black",Brand: NEWTRAL. Category: Smart Home & Garden.,in stock,new,363.99 USD,274.80 USD,https://bytebuy.store/product/geekbuying-509062/,https://img.gkbcdn.com/s3/p/2024-11-29/newtral-chair-standard-nt001-e61225-1732878026215.jpg,NEWTRAL,Smart Home & Garden,Smart Home & Garden,geekbuying
geekbuying-522076,"ENGWE E26 Step-thru Electric Bike, 48V 16AH Battery 250W Motor Mountain Bike Shimano 7-Speed Gear 140km Max Range 25km/h Max Speed 26*4.0 inch Fat Tir",ENGWE E26 Electric Bike Step-thru 48V 16AH 250W Motor 25km/h Yellow,in stock,new,2299.00 USD,1654.34 USD,https://bytebuy.store/product/geekbuying-522076/,https://img.gkbcdn.com/s3/p/2024-09-06/engwe-e26-electric-bike-step-thru-48v-16ah-250w-motor-25km-h-yellow-5f3f72-1725606779102.jpg,ENGWE,Sports & Outdoors,Sports & Outdoors,geekbuying
geekbuying-528380,SCULPFUN S9 Pro 10W Laser Engraver + Rotary Roller + H44 Laser Bed,Brand: SCULPFUN. Category: Consumer Electronics.,in stock,new,479.99 USD,352.06 USD,https://bytebuy.store/product/geekbuying-528380/,https://img.gkbcdn.com/s3/p/2025-04-09/sculpfun-s9-pro-10w-laser-engraver-rotary-roller-laser-bed-c086b9-1744190215231.jpg,SCULPFUN,Consumer Electronics,Consumer Electronics,geekbuying
geekbuying-523087,Mecpow FC3: Fireproof Enclosure 1300×730×460mm,Brand: Mecpow. Category: Consumer Electronics.,in stock,new,119.99 USD,88.28 USD,https://bytebuy.store/product/geekbuying-523087/,https://img.gkbcdn.com/s3/p/2023-12-13/Mecpow-FC3-Oversized-Laser-Engraver-Enclosure-523087-0.jpg,Mecpow,Consumer Electronics,Consumer Electronics,geekbuying
geekbuying-531763,"PONGBOT Pace S Pro AI Tennis Ball Machine, 130km/h Speed, 60rps Spin, 564+ Drills, AI Movement Tracking, Full-Court Training, App & Remote Control",PONGBOT Pace S Pro AI Tennis Ball Machine,in stock,new,1779.99 USD,1378.43 USD,https://bytebuy.store/product/geekbuying-531763/,https://img.gkbcdn.com/s3/p/2026-07-30/PONGBOT-Pace-S-Pro-Tennis-Ball-Machine-531763-0.jpg,PONGBOT,Sports & Outdoors,Sports & Outdoors,geekbuying
geekbuying-523688,"TWO TREES TTS-20 Pro 20W Laser Engraver, 32-bit Mainboard, 0.08*0.08mm Compressed Spot, 0.1mm Precision, 418*418mm",Brand: TWO TREES. Category: Consumer Electronics.,in stock,new,661.99 USD,439.00 USD,https://bytebuy.store/product/geekbuying-523688/,https://img.gkbcdn.com/s3/p/2025-05-09/two-trees-tts-20-pro-20w-laser-engraver-cutter-abc6b7-1746771797848.jpg,TWO TREES,Consumer Electronics,Consumer Electronics,geekbuying
geekbuying-522718,"NEWTRAL MagicH-BPro Ergonomic Chair with Footrest, Auto-Following Backrest Headrest, Adaptive Lower Back Support, Adjustable Armrest, 4 Positions to L",NEWTRAL MagicH-BPro Ergonomic Chair with Footrest Black,in stock,new,399.97 USD,349.99 USD,https://bytebuy.store/product/geekbuying-522718/,https://img.gkbcdn.com/s3/p/2023-11-09/NEWTRAL-MagicH-BPro-Ergonomic-Chair-with-Footrest-Black-522718-0.jpg,NEWTRAL,Smart Home & Garden,Smart Home & Garden,geekbuying
geekbuying-530466,"Akluer 520A-A Dual-Sided Walking Pad with Shiatsu Foot Massager, 2.5HP Quiet Motor, 330lbs Max Capacity, LED Display & Remote Control",Akluer 520A-A Dual-Sided Under Desk Treadmill with Foot Massager,in stock,new,309.99 USD,208.59 USD,https://bytebuy.store/product/geekbuying-530466/,https://img.gkbcdn.com/s3/p/2025-11-03/Akluer-Dual-Sided-Under-Desk-Treadmill-with-Shiatsu-Foot-Massager-530466-0.jpg,Akluer,Smart Home & Garden,Smart Home & Garden,geekbuying
geekbuying-523520,Creality Spider Water-Cooled Ceramic Hotend for Ender-3 Pro / Ender-3 / Ender-3 V2 / Ender-5 / Ender-5 Pro / Ender-5 Plus / Ender-3s / Ender-6 / Ender,Creality Spider Water-Cooled Ceramic Hotend,in stock,new,59.99 USD,37.52 USD,https://bytebuy.store/product/geekbuying-523520/,https://img.gkbcdn.com/s3/p/2024-02-01/Creality-Spider-Water-Cooled-Ceramic-Hotend-523520-0.jpg,Creality,Consumer Electronics,Consumer Electronics,geekbuying
geekbuying-531979,OUKITEL EP2500 Balcony Energy Storage System + EP2000E Expansion Battery Pack,Brand: OUKITEL. Category: Outdoor Generators & Portable Power.,in stock,new,1899.99 USD,1488.80 USD,https://bytebuy.store/product/geekbuying-531979/,https://img.gkbcdn.com/s3/p/2026-09-22/oukitel-ep2500-2048wh-2500w-portable-power-station-54b38f-1790058507964.jpg,OUKITEL,Outdoor Generators & Portable Power,Outdoor Generators & Portable Power,geekbuying
geekbuying-528627,"LONGER RAY5 Mini 2.5W Laser Engraver, 0.04mm Precision, 12,000mm/min Speed, for Wood/ Acrylic/ Leather, 130*140mm",Brand: LONGER. Category: Consumer Electronics.,in stock,new,129.99 USD,99.32 USD,https://bytebuy.store/product/geekbuying-528627/,https://img.gkbcdn.com/s3/p/2025-05-27/longer-ray5-mini-2-5w-laser-engraver-09a78f-1748338469416.jpg,LONGER,Consumer Electronics,Consumer Electronics,geekbuying
geekbuying-527768,"ATOMSTACK A10 Pro V2 10W Laser Engraver, 400mm/s High Speed, 0.01mm Precision, 0.06*0.08mm Spot, 410*380mm",Brand: ATOMSTACK. Category: Consumer Electronics.,in stock,new,299.00 USD,252.73 USD,https://bytebuy.store/product/geekbuying-527768/,https://img.gkbcdn.com/s3/p/2025-02-24/AtomStack-A10-Pro-V2-10W-Laser-Engraver-527768-0.jpg,ATOMSTACK,Consumer Electronics,Consumer Electronics,geekbuying
geekbuying-530554,Original Silent & Anti-Tangle Roller Brush 2.0 for Narwal Flow/Flow 2/Flow 2 (Compact Station),Brand: Narwal. Category: Smart Home & Garden.,in stock,new,55.99 USD,51.86 USD,https://bytebuy.store/product/geekbuying-530554/,https://img.gkbcdn.com/s3/p/2025-11-11/Narwal-Flow-Silent---Anti-Tangle-Roller-Brush-530554-0.jpg,Narwal,Smart Home & Garden,Smart Home & Garden,geekbuying
geekbuying-530556,"KTC H24B9 Office Monitor, 23.8 inch 100Hz 1920*1080 VA Panel, 4000:1 Contrast Ratio, 16:9 Aspect Ratio, 99% sRGB, 1*HDMI 1.4 (100Hz), 1*VGA (75Hz), Lo",KTC H24B9 23.8 inch 100Hz Office Monitor,in stock,new,129.99 USD,88.28 USD,https://bytebuy.store/product/geekbuying-530556/,https://img.gkbcdn.com/s3/p/2025-11-11/KTC-H24B9-Flat--16-9-VA-FHD-Office-Monitor-530556-0.jpg,KTC,"Computers, Tablets & Accessories","Computers, Tablets & Accessories",geekbuying
geekbuying-526734,"[Netflix & Android TV Certifie] ETOE Starfish Projector, Android TV 11.0, Dolby Digital, Touch Night Light, 140° Rotation, 300 ANSI, 4K Decoding, Wide",ETOE Starfish Android TV 11.0 Projector,in stock,new,269.99 USD,175.48 USD,https://bytebuy.store/product/geekbuying-526734/,https://img.gkbcdn.com/s3/p/2024-11-26/etoe-starfish-android-tv-11-0-projector-4fdeb3-1732613902470.jpg,ETOE,Consumer Electronics,Consumer Electronics,geekbuying
geekbuying-531671,"LONGER LK10 Plus 3D Printer, 500mm/s High Speed, 0.1mm Accuracy, 320×320×400mm Build Volume, Full Auto Leveling, 4.3-inch Touchscreen, Dual Z-Axis, 30",LONGER LK10 Plus FDM 3D Printer,in stock,new,619.99 USD,396.20 USD,https://bytebuy.store/product/geekbuying-531671/,https://img.gkbcdn.com/s3/p/2026-06-26/LONGER-LK10-Plus-FDM-3D-Printer-531671-0.jpg,LONGER,Consumer Electronics,Consumer Electronics,geekbuying
geekbuying-519240,"LONGER RAY5 20W Laser Engraver Cutter, Fixed Focus, 0.08*0.1mm Laser Spot, Color Touchscreen, 32-Bit Chipset, Support APP Connection, Working Area 400",LONGER RAY5 20W Laser Engraver,in stock,new,999.99 USD,352.06 USD,https://bytebuy.store/product/geekbuying-519240/,https://img.gkbcdn.com/s3/p/2024-09-14/longer-ray5-20w-laser-engraver-9a5f2e-1726310041392.jpg,LONGER,Consumer Electronics,Consumer Electronics,geekbuying
geekbuying-531422,"Akluer P03-B Brushless Treadmill with 6% Incline, 2.5HP Quiet Motor, 0.97–6.44km/h Speed, 38x88cm Running Area, 150kg Max Load, LED Display & Dual Rem",Akluer P03-B Brushless Treadmill with 6% Incline,in stock,new,219.99 USD,142.37 USD,https://bytebuy.store/product/geekbuying-531422/,https://img.gkbcdn.com/s3/p/2026-04-16/Akluer-P03-B-Brushless-Treadmill-with-6--Incline-531422-0.jpg,Akluer,Smart Home & Garden,Smart Home & Garden,geekbuying
geekbuying-528394,HEPA Filter for JIGOO V700 Cordless Vacuum Cleaner,Brand: JIGOO. Category: Smart Home & Garden.,in stock,new,29.99 USD,24.27 USD,https://bytebuy.store/product/geekbuying-528394/,https://img.gkbcdn.com/s3/p/2025-04-09/HEPA-Filter-for-JIGOO-V700-Cordless-Vacuum-Cleaner-528394-0.jpg,JIGOO,Smart Home & Garden,Smart Home & Garden,geekbuying
geekbuying-530043,"NEWTRAL Freedom-X-FP Criss Cross Legged Chair without Armrests, Ergonomic Multi-Posture Home Office Desk Chair, Adjustable Laptop Tray for Work & Rela",NEWTRAL Freedom-X-FP Multi-Posture Chair without Armrests,in stock,new,299.99 USD,164.44 USD,https://bytebuy.store/product/geekbuying-530043/,https://img.gkbcdn.com/s3/p/2025-09-01/Newtral-FP-A-Freedom-X-Multi-Posture-Cross-Legged-Chair--No-Armrests--530043-0.jpg,NEWTRAL,Smart Home & Garden,Smart Home & Garden,geekbuying
geekbuying-531883,"BOYUEDA G6 Foldable Electric Scooter, Dual 1600W Motors, 3600W Peak Power, 70km/h Max Speed, 52V 28Ah Battery, 120km Range, 10-Inch All-Terrain Tires,",BOYUEDA G6 Foldable Electric Scooter,in stock,new,1479.99 USD,992.16 USD,https://bytebuy.store/product/geekbuying-531883/,https://img.gkbcdn.com/s3/p/2026-09-01/BOYUEDA-G6-Foldable-Electric-Scooter-531883-0.jpg,BOYUEDA,Sports & Outdoors,Sports & Outdoors,geekbuying
geekbuying-530633,Creality K2 Combo 3D Printer + 6kg Mecpow HS PETG Filament - Indigo-White/Blue-Green/Blue-White-Orange/Blue-White/Green-Purple/Blue-Purple,Creality K2 Combo 6kg HS PETG 2,in stock,new,959.99 USD,661.08 USD,https://bytebuy.store/product/geekbuying-530633/,https://img.gkbcdn.com/s3/p/2026-03-26/creality-k2-combo-6kg-hs-petg-2-81423c-1774505754271.jpg,Creality,Consumer Electronics,Consumer Electronics,geekbuying
geekbuying-530635,FOSSiBOT F7200 Portable Power Station + FB5222 5222Wh Expansion Battery Pack,Brand: FOSSiBOT. Category: Outdoor Generators & Portable Power.,in stock,new,5799.99 USD,4921.09 USD,https://bytebuy.store/product/geekbuying-530635/,https://img.gkbcdn.com/s3/p/2025-11-20/fossibot-f7200-7200w-5222-4-wh-portable-power-station-f5dfab-1763605793239.jpg,FOSSiBOT,Outdoor Generators & Portable Power,Outdoor Generators & Portable Power,geekbuying
geekbuying-530636,Creality K2 Combo 3D Printer + 4kg Mecpow HS PLA+ Filament - White/Lilac/Gray/Black,Brand: Creality. Category: Consumer Electronics.,in stock,new,939.98 USD,639.00 USD,https://bytebuy.store/product/geekbuying-530636/,https://img.gkbcdn.com/s3/p/2025-11-20/creality-k2-combo-3d-printer-with-4kg-mecpow-hs-pla--filament-f2d30b-1763620496820.jpg,Creality,Consumer Electronics,Consumer Electronics,geekbuying
geekbuying-530637,8kg Mecpow HS PETG Filament - Pink-White/Blue-Purple/Indigo-White/Blue-Green/Orange-White/Blue-White/Pink-Yellow/Green-Purple,Brand: Mecpow. Category: Consumer Electronics.,in stock,new,149.99 USD,87.19 USD,https://bytebuy.store/product/geekbuying-530637/,https://img.gkbcdn.com/s3/p/2025-11-20/4kg-mecpow-high-speed-petg-filament--69cd31-1763621096161.jpg,Mecpow,Consumer Electronics,Consumer Electronics,geekbuying
geekbuying-531171,"AULA HERO84 75% Wired Magnetic Gaming Keyboard, 84-Key Hall Effect Switch, 8000Hz Polling Rate, RGB Backlit, Adjustable Actuation","Brand: AULA. Category: Computers, Tablets & Accessories.",in stock,new,69.99 USD,49.00 USD,https://bytebuy.store/product/geekbuying-531171/,https://img.gkbcdn.com/s3/p/2026-03-11/e53925936f8c44e19263f1d5e809ec62-531171-0.jpg,AULA,"Computers, Tablets & Accessories","Computers, Tablets & Accessories",geekbuying
geekbuying-528825,"ATOMSTACK A40 Pro V2 48W Laser Engraver, with Auto Air Assist, 500mm/s Speed, 0.01mm Precision, 0.08x0.1mm Laser Spot, 25mm Paulownia/ 9mm MDF Wood in",AtomStack A40 Pro V2 48W Laser Engraver,in stock,new,1092.99 USD,999.00 USD,https://bytebuy.store/product/geekbuying-528825/,https://img.gkbcdn.com/s3/p/2025-05-19/AtomStack-A40-Pro-V2-48W-Laser-Engraver-US-Plug-528825-0.jpg,ATOMSTACK,Consumer Electronics,Consumer Electronics,geekbuying
geekbuying-530700,"Teendow D65S MAX Robot Vacuum Cleaner, 70-Day Auto-Empty, 6000Pa Suction, 17kPa Dust Station, 220min Runtime, 20mm Obstacle Crossing, 4-Level Power Co",Teendow D65S MAX Auto-Empty Robot Vacuum Cleaner,in stock,new,299.99 USD,198.64 USD,https://bytebuy.store/product/geekbuying-530700/,https://img.gkbcdn.com/s3/p/2025-12-19/teendow-d65s-max-auto-empty-robot-vacuum-cleaner-a76453-1766135877074.jpg,Teendow,Smart Home & Garden,Smart Home & Garden,geekbuying
geekbuying-531819,SCULPFUN E1 12W Laser Engraver + Rotary Kit,Brand: SCULPFUN. Category: Consumer Electronics.,in stock,new,899.99 USD,704.12 USD,https://bytebuy.store/product/geekbuying-531819/,https://img.gkbcdn.com/s3/p/2026-08-20/sculpfun-e1-12w-laser---rotary-kit-71b79d-1787205602087.jpg,SCULPFUN,Consumer Electronics,Consumer Electronics,geekbuying
geekbuying-530731,Steel Filter for JIGOO T600,Brand: JIGOO. Category: Smart Home & Garden.,in stock,new,23.99 USD,22.06 USD,https://bytebuy.store/product/geekbuying-530731/,https://img.gkbcdn.com/s3/p/2025-12-01/Steel-Filter-for-JIGOO-T600-530731-0.jpg,JIGOO,Smart Home & Garden,Smart Home & Garden,geekbuying
geekbuying-530735,"FOSSiBOT F110L 4G Rugged Smartphone, 12GB+128GB, 6.745"" HD+ Display, 128dB Ultra-Loud Speaker, 10000mAh Battery, 20W Fast Charging, 50MP Camera, IP68/",FOSSiBOT F110L 4G Rugged Smartphone Black,in stock,new,199.99 USD,142.37 USD,https://bytebuy.store/product/geekbuying-530735/,https://img.gkbcdn.com/s3/p/2025-12-03/FOSSiBOT-F110L-4G-Rugged-Smartphone-Black-530735-0.jpg,FOSSiBOT,Phones & Accessories,Phones & Accessories,geekbuying
geekbuying-530736,"FOSSiBOT F110L 4G Rugged Smartphone, 12GB+128GB, 6.745"" HD+ Display, 128dB Ultra-Loud Speaker, 10000mAh Battery, 20W Fast Charging, 50MP Camera, IP68/",FOSSiBOT F110L 4G Rugged Smartphone Orange,in stock,new,199.99 USD,142.37 USD,https://bytebuy.store/product/geekbuying-530736/,https://img.gkbcdn.com/s3/p/2025-12-03/FOSSiBOT-F110L-4G-Rugged-Smartphone-Orange-530736-0.jpg,FOSSiBOT,Phones & Accessories,Phones & Accessories,geekbuying
geekbuying-519775,"OUKITEL PV400 400W Foldable Portable Solar Panel with Kickstand, 23% Energy Conversion Rate, IP65 Waterproof",Brand: OUKITEL. Category: Outdoor Generators & Portable Power.,in stock,new,683.99 USD,550.71 USD,https://bytebuy.store/product/geekbuying-519775/,https://img.gkbcdn.com/s3/p/2023-03-10/OUKITEL-PV400-400W-Foldable-Portable-Solar-Panel-519775-0.jpg,OUKITEL,Outdoor Generators & Portable Power,Outdoor Generators & Portable Power,geekbuying
geekbuying-530739,"Proscenic Q8 Max+ Robot Vacuum and Mop, 8000Pa Suction, 200min Runtime, 3200mAh Battery, 60-Day Auto-Empty, 3L Dust Bag, LDS LiDAR Navigation, Multi-F",Proscenic Q8 Max+ Robot Vacuum and Mop,in stock,new,359.99 USD,230.66 USD,https://bytebuy.store/product/geekbuying-530739/,https://img.gkbcdn.com/s3/p/2025-12-04/Proscenic-Q8-Max--Robot-Vacuum-and-Mop-530739-0.jpg,Proscenic,Smart Home & Garden,Smart Home & Garden,geekbuying
geekbuying-531818,"LOOKROAD L28 MIN Electric Bike, 500W Motor, 35km/h Max Speed, 36V 18Ah Battery, 120km Range, 28×2.0"" Tires, Shimano 7-Speed, 25° Climbing Ability, Fro",LOOKROAD L28 MIN Electric Bike 500W 36V 18Ah Gray,in stock,new,1609.99 USD,1036.31 USD,https://bytebuy.store/product/geekbuying-531818/,https://img.gkbcdn.com/s3/p/2026-08-18/LOOKROAD-L28-MIN-Electric-Bike-500W-36V-18Ah-Gray-531818-0.jpg,LOOKROAD,Sports & Outdoors,Sports & Outdoors,geekbuying
geekbuying-530066,Mecpow M1 FDA Class 1 5W Laser Engraver + Rotary Roller,Brand: Mecpow. Category: Consumer Electronics.,in stock,new,269.99 USD,197.55 USD,https://bytebuy.store/product/geekbuying-530066/,https://img.gkbcdn.com/s3/p/2025-09-04/mecpow-m1-5w-laser-engraver-rotary-roller-117abd-1756971537252.jpg,Mecpow,Consumer Electronics,Consumer Electronics,geekbuying
geekbuying-522788,SCULPFUN SF-A9 40W Laser Cutter,Brand: SCULPFUN. Category: Consumer Electronics.,in stock,new,1399.01 USD,848.69 USD,https://bytebuy.store/product/geekbuying-522788/,https://img.gkbcdn.com/s3/p/2023-11-14/SCULPFUN-SF-A9-Laser-Engraver-Cutter-EU-Plug-522788-2.jpg,SCULPFUN,Consumer Electronics,Consumer Electronics,geekbuying
geekbuying-525561,"KTC H32S17F 32'' Curved Gaming Monitor, 1920*1080 HVA Panel, 240Hz Refresh Rate, 125% sRGB, 3500:1 Contrast Ratio, Adaptive Sync, HDR10, 3ms Response","KTC H32S17F 32"" Curved Gaming Monitor 240Hz 1500R 1920x1080 FHD",in stock,new,349.99 USD,187.61 USD,https://bytebuy.store/product/geekbuying-525561/,https://img.gkbcdn.com/s3/p/2024-08-26/KTC-H32S17F-32--Curved-Gaming-Monitor--240Hz--1500R--1920x1080-FHD-525561-12.jpg,KTC,"Computers, Tablets & Accessories","Computers, Tablets & Accessories",geekbuying
geekbuying-529031,"SCULPFUN S70 MAX 70W Laser Engraver, 36,000mm/min Fast Speed, 0.15×0.12mm Laser Spot, 830*800mm",Brand: SCULPFUN. Category: Consumer Electronics.,in stock,new,1963.99 USD,1654.34 USD,https://bytebuy.store/product/geekbuying-529031/,https://img.gkbcdn.com/s3/p/2025-06-03/sculpfun-s70-max-70w-laser-engraver-7e0151-1748918492812.jpg,SCULPFUN,Consumer Electronics,Consumer Electronics,geekbuying
geekbuying-493959,Creality BL Touch Auto Leveling Kit 32 Bit for Ender-3/Ender-3S/Ender-3 V2/Ender-3 MAX/ Ender-3 Pro/Ender-5 3D Printer,Brand: Creality. Category: Consumer Electronics.,in stock,new,44.99 USD,29.99 USD,https://bytebuy.store/product/geekbuying-493959/,https://img.gkbcdn.com/s3/p/2022-01-18/Creality-BL-Touch-Auto-Leveling-Kit-32-Bit-493959-0.jpg,Creality,Consumer Electronics,Consumer Electronics,geekbuying
geekbuying-523777,6Pcs Cleaning Mop Cloths for Proscenic P11 Mopping,Brand: Proscenic. Category: Smart Home & Garden.,in stock,new,35.99 USD,22.06 USD,https://bytebuy.store/product/geekbuying-523777/,https://img.gkbcdn.com/s3/p/2024-03-08/6Pcs-Cleaning-Mop-Cloths-for-Proscenic-P11-Mopping-523777-0.jpg,Proscenic,Smart Home & Garden,Smart Home & Garden,geekbuying
geekbuying-530853,"FOSSiBOT 800W Micro-inverter for F7200, 97% High Efficiency, Dual-Channel MPPT, 60V Max DC, Plug-and-Play, IP67 Waterproof",Brand: FOSSiBOT. Category: Outdoor Generators & Portable Power.,in stock,new,159.99 USD,142.37 USD,https://bytebuy.store/product/geekbuying-530853/,https://img.gkbcdn.com/s3/p/2025-12-22/FOSSiBOT-800W-MicroInverter-for-F7200-Power-Station-530853-0.jpg,FOSSiBOT,Outdoor Generators & Portable Power,Outdoor Generators & Portable Power,geekbuying
geekbuying-531761,"AstroShell Alpha 1 Leg Exoskeleton, 1000W Peak Power, 2ms Response Time, Aerospace Magnesium Alloy Frame, Dual Hot-Swap Batteries, 24km Range, 8H Runt",AstroShell Alpha 1 Leg Exoskeleton,in stock,new,1899.99 USD,1323.25 USD,https://bytebuy.store/product/geekbuying-531761/,https://img.gkbcdn.com/s3/p/2026-07-30/AstroShell-Alpha-1-Leg-Exoskeleton-531761-0.jpg,AstroShell,Wearable Devices,Wearable Devices,geekbuying
geekbuying-530896,"Creality K2 SE Combo 3D Printer with Enclosure, 500mm/s Speed, 0.1mm Precision, 220×215×245mm Build Volume, Auto Leveling, 300°C Nozzle for Multi-Mate",Creality K2 SE Combo 3D Printer with Enclosure,in stock,new,759.99 USD,572.78 USD,https://bytebuy.store/product/geekbuying-530896/,https://img.gkbcdn.com/s3/p/2026-03-03/creality-k2-se-combo-3d-printer-with-enclosure-e4a704-1772534594554.jpg,Creality,Consumer Electronics,Consumer Electronics,geekbuying
geekbuying-530909,"HiBREW H21 Espresso Coffee Machine, Triple-Boiler Dual-Pump, PID Temperature Control, 9-Bar Pressure, 58mm Portafilter, Simultaneous Brewing & Steamin",HiBREW H21 Espresso Machine,in stock,new,816.00 USD,661.08 USD,https://bytebuy.store/product/geekbuying-530909/,https://img.gkbcdn.com/s3/p/2026-01-04/HiBREW-H21-Espresso-Machine-530909-0.jpg,HiBREW,Smart Home & Garden,Smart Home & Garden,geekbuying
geekbuying-530910,"ACGAM CG-5345M Ergonomic Office Chair with Adjustable Lumbar Support, 3D Armrests, Mesh Back & Memory Foam Seat, 90°-130° Recline, 150kg Capacity",ACGAM CG-5345M Ergonomic Office Chair,in stock,new,238.44 USD,186.51 USD,https://bytebuy.store/product/geekbuying-530910/,https://img.gkbcdn.com/s3/p/2026-01-04/ACGAM-CG-5345M-Adjustable-Ergonomic-Chair-530910-1.jpg,ACGAM,Smart Home & Garden,Smart Home & Garden,geekbuying
geekbuying-529203,Hydrofast HF03 Composite Filter for W100 Water Purifier,Brand: Hydrofast. Category: Smart Home & Garden.,in stock,new,69.00 USD,54.08 USD,https://bytebuy.store/product/geekbuying-529203/,https://img.gkbcdn.com/s3/p/2025-06-13/Hydrofast-HF03-Composite-Filter-Element-for-W100-529203-0.jpg,Hydrofast,Smart Home & Garden,Smart Home & Garden,geekbuying
geekbuying-530855,"(Compatible with OpenClaw) ALLIWAVA GH8 Gaming Mini PC, AMD Ryzen 9 8945HS 8 Cores Max 5.2GHz, 32GB RAM 1TB SSD, HDMI+DP+USB4+USB-C Quad Display, WiFi",ALLIWAVA GH8 Gaming Mini PC 32GB 1TB,in stock,new,1499.99 USD,1102.53 USD,https://bytebuy.store/product/geekbuying-530855/,https://img.gkbcdn.com/s3/p/2025-12-22/ALLIWAVA-GH8-Gaming-Mini-PC-32GB-1TB-530855-0.jpg,ALLIWAVA,TV Boxes & Mini PCs,TV Boxes & Mini PCs,geekbuying
geekbuying-521020,"Fluffee Cheese Shape Automatic Interactive Cat Toy, Battery Type",Brand: Fluffee. Category: Smart Home & Garden.,in stock,new,29.99 USD,14.34 USD,https://bytebuy.store/product/geekbuying-521020/,https://img.gkbcdn.com/s3/p/2023-06-26/Fluffee-Cheese-Shaped-Interactive-Cat-Toy--Batteries-are-not-included--521020-0.jpg,Fluffee,Smart Home & Garden,Smart Home & Garden,geekbuying
geekbuying-526572,SODI 2 Pack Screen Protector for iPad Pro 13 Inch (2024) + 2 Pack Lens Protector with Installation Frame,Brand: SODI. Category: Phones & Accessories.,in stock,new,29.99 USD,13.99 USD,https://bytebuy.store/product/geekbuying-526572/,https://img.gkbcdn.com/s3/p/2024-11-20/SODI-5-Pack-Screen-Protector-Set-for-iPad-Pro-13-Inch--2024--526572-0.jpg,SODI,Phones & Accessories,Phones & Accessories,geekbuying
geekbuying-522791,NEWTRAL LAPD Detachable Workstation Desktop for MagicH-BP/MagicH-BPro Ergonomic Chair - Black,Brand: NEWTRAL. Category: Smart Home & Garden.,in stock,new,69.99 USD,55.99 USD,https://bytebuy.store/product/geekbuying-522791/,https://img.gkbcdn.com/s3/p/2023-11-14/NEWTRAL-LAPD-Detachable-Workstation-Desktop-Black-522791-0.jpg,NEWTRAL,Smart Home & Garden,Smart Home & Garden,geekbuying
geekbuying-531097,"JIMMY HF9 Pro Multi-Styler & High-Speed Hair Dryer, 110000RPM, 23m/s Wind Speed, 20M Negative Ions, 1.8m Cable, Dry, Style, Curl & Nourish",JIMMY HF9 Pro Multi-Styler & High-Speed Hair Dryer,in stock,new,199.99 USD,153.41 USD,https://bytebuy.store/product/geekbuying-531097/,https://img.gkbcdn.com/s3/p/2026-02-24/JIMMY-HF9-Pro-Multi-Styler---High-Speed-Hair-Dryer-531097-0.jpg,JIMMY,Smart Home & Garden,Smart Home & Garden,geekbuying
geekbuying-519776,"OUKITEL PV400 400W Foldable Portable Solar Panel with Kickstand, 23% Energy Conversion Rate, IP65 Waterproof",Brand: OUKITEL. Category: Outdoor Generators & Portable Power.,in stock,new,683.99 USD,589.00 USD,https://bytebuy.store/product/geekbuying-519776/,https://img.gkbcdn.com/s3/p/2023-03-10/OUKITEL-PV400-400W-Foldable-Portable-Solar-Panel-519776-0.jpg,OUKITEL,Outdoor Generators & Portable Power,Outdoor Generators & Portable Power,geekbuying
geekbuying-517375,"SCULPFUN S30 Pro Max 20W Laser Engraver Cutter, Automatic Air-assist, 0.08*0.1mm Laser Focus, 32-bit Motherboard, Replaceable Lens, Engraving Size 410",SCULPFUN S30 Pro Max 20W Laser Engraver Cutter,in stock,new,928.94 USD,496.62 USD,https://bytebuy.store/product/geekbuying-517375/,https://img.gkbcdn.com/s3/p/2024-10-10/sculpfun-s30-pro-max-20w-laser-engraver-cutter-92d28e-1728539290232.jpg,SCULPFUN,Consumer Electronics,Consumer Electronics,geekbuying
geekbuying-520648,Mecpow H66: Laser Bed 650×650×22mm,Brand: Mecpow. Category: Consumer Electronics.,in stock,new,99.99 USD,84.97 USD,https://bytebuy.store/product/geekbuying-520648/,https://img.gkbcdn.com/s3/p/2025-06-12/mecpow-h66-650-650-22mm-laser-bed-6820d1-1749715223824.jpg,Mecpow,Consumer Electronics,Consumer Electronics,geekbuying
geekbuying-519777,"OUKITEL PV400 400W Foldable Portable Solar Panel with Kickstand, 23% Energy Conversion Rate, IP65 Waterproof",Brand: OUKITEL. Category: Outdoor Generators & Portable Power.,in stock,new,757.99 USD,629.00 USD,https://bytebuy.store/product/geekbuying-519777/,https://img.gkbcdn.com/s3/p/2023-03-10/OUKITEL-PV400-400W-Foldable-Portable-Solar-Panel-519777-0.jpg,OUKITEL,Outdoor Generators & Portable Power,Outdoor Generators & Portable Power,geekbuying
geekbuying-529327,HiBREW H10A Semi Automatic Espresso Coffee Machine + G3 Coffee Grinder,Brand: HiBREW. Category: Smart Home & Garden.,in stock,new,379.99 USD,285.84 USD,https://bytebuy.store/product/geekbuying-529327/,https://img.gkbcdn.com/s3/p/2025-06-23/hibrew-h10a-semi-automatic-espresso-coffee-machine-silver-a68cb5-1750661491470.jpg,HiBREW,Smart Home & Garden,Smart Home & Garden,geekbuying
geekbuying-530985,48V 20.8Ah Battery for Ausom L2 Max Dual Motor Electric Scooter,Brand: Other. Category: Sports & Outdoors.,in stock,new,499.00 USD,347.64 USD,https://bytebuy.store/product/geekbuying-530985/,https://img.gkbcdn.com/s3/p/2026-01-16/48V-20-8Ah-Battery-for-Ausom-L2-Max-Dual-Motor-Electric-Scooter-530985-0.jpg,Other,Sports & Outdoors,Sports & Outdoors,geekbuying
geekbuying-529335,HiBREW H10A Semi Automatic Espresso Coffee Machine + G7 Coffee Grinder,Brand: HiBREW. Category: Smart Home & Garden.,in stock,new,418.99 USD,329.99 USD,https://bytebuy.store/product/geekbuying-529335/,https://img.gkbcdn.com/s3/p/2025-06-23/hibrew-h10a-semi-automatic-espresso-coffee-machine-silver-43c4e7-1750660044336.jpg,HiBREW,Smart Home & Garden,Smart Home & Garden,geekbuying
geekbuying-531000,Hydrofast HF04 Composite Filter for C300 Water Purifier,Brand: Hydrofast. Category: Smart Home & Garden.,in stock,new,123.63 USD,110.35 USD,https://bytebuy.store/product/geekbuying-531000/,https://img.gkbcdn.com/s3/p/2026-01-23/Hydrofast-HF04-Filter-for-C300-531000-0.jpg,Hydrofast,Smart Home & Garden,Smart Home & Garden,geekbuying
geekbuying-531002,Hydrofast C300 RO Countertop Water Purifier + HF04 Composite Filter,Brand: Hydrofast. Category: Smart Home & Garden.,in stock,new,899.99 USD,871.86 USD,https://bytebuy.store/product/geekbuying-531002/,https://img.gkbcdn.com/s3/p/2026-01-23/hydrofast-c300-ro-countertop-water-purifier-with-iced-sparkling-water-91fd5c-1769147453459.jpg,Hydrofast,Smart Home & Garden,Smart Home & Garden,geekbuying
geekbuying-529342,"JIMMY H11 Pro Cordless Vacuum Cleaner, 700W/260AW Suction, 90 mins Runtime, Flexible Mental Tube, 7 Cleaning Tools, LED Display, for Carpets/Hard Floo",JIMMY H11 Pro Cordless Vacuum Cleaner Dark Gray,in stock,new,549.00 USD,440.35 USD,https://bytebuy.store/product/geekbuying-529342/,https://img.gkbcdn.com/s3/p/2025-07-23/jimmy-h11-pro-cordless-vacuum-cleaner-dark-gray-8ea5c5-1753263102630.jpg,JIMMY,Smart Home & Garden,Smart Home & Garden,geekbuying
geekbuying-530068,Mecpow M1 FDA Class 1 5W Laser Engraver + Fume Extractor,Brand: Mecpow. Category: Consumer Electronics.,in stock,new,319.99 USD,186.51 USD,https://bytebuy.store/product/geekbuying-530068/,https://img.gkbcdn.com/s3/p/2025-09-25/mecpow-m1-fda-class-1-5w-laser-engraver-air-purifier-f12119-1758790415406.jpg,Mecpow,Consumer Electronics,Consumer Electronics,geekbuying
geekbuying-531012,"(Compatible with OpenClaw) ALLIWAVA GH9 Mini PC, Intel Core i9-12900HK 14 Cores Max 5.0GHz, 16GB RAM 1TB SSD, DP (8K@60Hz) + HDMI (4K@60Hz) + Type-C (",ALLIWAVA GH9 Mini PC i9-12900HK 16GB 1TB,in stock,new,804.99 USD,738.33 USD,https://bytebuy.store/product/geekbuying-531012/,https://img.gkbcdn.com/s3/p/2026-01-26/ALLIWAVA-GH9-Mini-PC-i9-12900HK-16GB-1TB-531012-0.jpg,ALLIWAVA,TV Boxes & Mini PCs,TV Boxes & Mini PCs,geekbuying
geekbuying-526344,"3DMakerpro Moose Lite 3D Scanner, NIR Light Source, 0.05mm Accuracy, 0.10mm Resolution, 24-bit Color Camera, 10fps Frame Rate, Anti-Shake Lenses, Comp",3DMakerpro Moose Lite 3D Scanner Luxury Version,in stock,new,799.00 USD,627.97 USD,https://bytebuy.store/product/geekbuying-526344/,https://img.gkbcdn.com/s3/p/2024-11-06/3DMakerpro-Moose-Lite-3D-Scanner-Luxury-Version-526344-0.jpg,3DMakerpro,Consumer Electronics,Consumer Electronics,geekbuying
geekbuying-531037,"(Compatible with OpenClaw) ALLIWAVA H90 Pro Mini PC, AMD Ryzen 7 8745HS 8 Cores Max 4.9GHz, 16GB DDR5 RAM 1TB SSD, HDMI+DP+USB-C Triple Display, WiFi",ALLIWAVA H90 Pro Mini PC 16GB 1TB,in stock,new,778.99 USD,705.22 USD,https://bytebuy.store/product/geekbuying-531037/,https://img.gkbcdn.com/s3/p/2026-02-02/ALLIWAVA-H90-Pro-Mini-PC-16GB-1TB-531037-0.jpg,ALLIWAVA,TV Boxes & Mini PCs,TV Boxes & Mini PCs,geekbuying
geekbuying-522717,"NEWTRAL MagicH-BP Ergonomic Chair with Footrest, Auto-Following Backrest, Adaptive Lower Back Support, Adjustable Armrest Headrest, 3 Positions to Loc",NEWTRAL MagicH-BP Ergonomic Chair with Footrest Black,in stock,new,359.99 USD,279.00 USD,https://bytebuy.store/product/geekbuying-522717/,https://img.gkbcdn.com/s3/p/2025-12-08/newtral-magich-bp-ergonomic-chair-with-footrest-black-8a3753-1765164765431.jpg,NEWTRAL,Smart Home & Garden,Smart Home & Garden,geekbuying
geekbuying-522124,JIMMY H10 Flex Cordless Vacuum Cleaner + Water Tank for Mopping Function,Brand: JIMMY. Category: Smart Home & Garden.,in stock,new,419.96 USD,329.99 USD,https://bytebuy.store/product/geekbuying-522124/,https://img.gkbcdn.com/s3/p/2024-12-10/jimmy-h10-flex-mopping-version-handheld-cordless-vacuum-cleaner-245aw-e618d9-1733817182611.jpg,JIMMY,Smart Home & Garden,Smart Home & Garden,geekbuying
geekbuying-526518,"NEWTRAL NT002 Ergonomic Office Chair with Adjustable Footrest & Headrest, Adaptive Lumbar Support and 4D Armrests, Gray",Brand: NEWTRAL. Category: Smart Home & Garden.,in stock,new,465.14 USD,352.06 USD,https://bytebuy.store/product/geekbuying-526518/,https://img.gkbcdn.com/s3/p/2024-11-25/newtral-nt002-ergonomic-chair-gray-4a5eeb-1732518605696.jpg,NEWTRAL,Smart Home & Garden,Smart Home & Garden,geekbuying
geekbuying-531663,"HIKNIGHT H2 PRO Electric Bike, 3000W Peak Dual Motors, 61km/h Max Speed, 145km Range, 52V 20Ah Removable Battery, 35° Climbing Ability, 26""×4.0"" Fat T",HIKNIGHT H2 PRO 3000W Electric Bike Blue,in stock,new,1899.99 USD,1654.34 USD,https://bytebuy.store/product/geekbuying-531663/,https://img.gkbcdn.com/s3/p/2026-06-25/HIKNIGHT-H2-PRO-3000W-Electric-Bike-Blue-531663-0.jpg,HIKNIGHT,Sports & Outdoors,Sports & Outdoors,geekbuying
geekbuying-525327,"ENGWE L20 BOOST Electric Bike, 250W Motor, 48V 13AH Battery, 20*4-inch Fat Tires, 25km/h Max Speed, 126km Max Range, Torque Sensor, Shimano 7-Speed, F",ENGWE L20 BOOST Electric Bike Green,in stock,new,1646.99 USD,1268.07 USD,https://bytebuy.store/product/geekbuying-525327/,https://img.gkbcdn.com/s3/p/2024-08-02/ENGWE-L20-BOOST-Electric-Bike-Green-525327-0.jpg,ENGWE,Sports & Outdoors,Sports & Outdoors,geekbuying
geekbuying-522792,NEWTRAL LAPD Detachable Workstation Desktop for MagicH-BP/MagicH-BPro Ergonomic Chair - Grey,Brand: NEWTRAL. Category: Smart Home & Garden.,in stock,new,69.99 USD,55.99 USD,https://bytebuy.store/product/geekbuying-522792/,https://img.gkbcdn.com/s3/p/2023-11-14/NEWTRAL-LAPD-Detachable-Workstation-Desktop-Grey-522792-0.jpg,NEWTRAL,Smart Home & Garden,Smart Home & Garden,geekbuying
geekbuying-529529,"HiBREW H5A Semi Automatic Coffee Machine, 1.2L Water Tank, 15Bar & Smart Brew",Brand: HiBREW. Category: Smart Home & Garden.,in stock,new,159.99 USD,99.33 USD,https://bytebuy.store/product/geekbuying-529529/,https://img.gkbcdn.com/s3/p/2025-07-04/HIBREW-H5A-Semi-Automatic-Coffee-Machine-529529-0.jpg,HiBREW,Smart Home & Garden,Smart Home & Garden,geekbuying
geekbuying-530478,Narwal Flow Accessories Pack,Brand: Narwal. Category: Smart Home & Garden.,in stock,new,269.99 USD,242.79 USD,https://bytebuy.store/product/geekbuying-530478/,https://img.gkbcdn.com/s3/p/2025-11-05/Narwal-Flow-Accessories-Pack-530478-0.jpg,Narwal,Smart Home & Garden,Smart Home & Garden,geekbuying
geekbuying-526086,"LONGER Nano Pro 12W Smart Laser Engraver, Two Diode Lasers with FAC, 5000mm/s Ultra-Fast Speed, 0.02mm Precision with Field Lens, LightBurn & LaserGRB",LONGER Nano Pro 12W Portable Laser Engraver,in stock,new,1099.00 USD,699.00 USD,https://bytebuy.store/product/geekbuying-526086/,https://img.gkbcdn.com/s3/p/2025-07-23/longer-nano-pro-12w-portable-laser-engraver-07394f-1753238844596.jpg,LONGER,Consumer Electronics,Consumer Electronics,geekbuying
geekbuying-527032,Narwal Freo X Ultra / Freo X Plus/Freo Z Ultra Original Roller Brush,Brand: Narwal. Category: Smart Home & Garden.,in stock,new,48.99 USD,33.10 USD,https://bytebuy.store/product/geekbuying-527032/,https://img.gkbcdn.com/s3/p/2024-03-21/Original-Roller-Brush-for-Narwal-Freo-X-Ultra---Freo-X-Plus-523908-0.jpg,Narwal,Smart Home & Garden,Smart Home & Garden,geekbuying
geekbuying-531088,HiBREW H13 Semi-automatic Coffee Machine + G7 Coffee Grinder,Brand: HiBREW. Category: Smart Home & Garden.,in stock,new,449.99 USD,419.37 USD,https://bytebuy.store/product/geekbuying-531088/,https://img.gkbcdn.com/s3/p/2026-02-11/hibrew-h13-semi-automatic-coffee-machine-with-grinder-8e2962-1770790931645.jpg,HiBREW,Smart Home & Garden,Smart Home & Garden,geekbuying
geekbuying-531089,HiBREW H13 Semi-automatic Coffee Machine + G5 Coffee Grinder,Brand: HiBREW. Category: Smart Home & Garden.,in stock,new,479.99 USD,441.44 USD,https://bytebuy.store/product/geekbuying-531089/,https://img.gkbcdn.com/s3/p/2026-02-11/hibrew-h13-semi-automatic-coffee-machine-with-grinder-824d9b-1770790910751.jpg,HiBREW,Smart Home & Garden,Smart Home & Garden,geekbuying
geekbuying-529584,7kg Mecpow High-Speed PETG Transparent Filament - Smoke Gray/ Blue/ Light Blue/ Cyan/ Transparent/ Light Purple/ Pink,Brand: Mecpow. Category: Consumer Electronics.,in stock,new,110.99 USD,77.24 USD,https://bytebuy.store/product/geekbuying-529584/,https://img.gkbcdn.com/s3/p/2025-07-10/mecpow-petg-filament-1kg-transparent-light-pink-a6f4d3-1752135957013.jpeg,Mecpow,Consumer Electronics,Consumer Electronics,geekbuying
geekbuying-531600,"FOSSiBOT S7 Smartphone, 6.9-inch 120Hz HD+ Display, 1.85-inch Custom Rear Screen, Unisoc T615 Octa-Core, 4GB RAM + 128GB ROM, 5000mAh Battery, 16MP Ca",FOSSiBOT S7 Smartphone Pearl Silver,in stock,new,219.99 USD,143.46 USD,https://bytebuy.store/product/geekbuying-531600/,https://img.gkbcdn.com/s3/p/2026-06-05/FOSSiBOT-S7-Smartphone-Pearl-Silver-531600-0.jpg,FOSSiBOT,Phones & Accessories,Phones & Accessories,geekbuying
geekbuying-500009,"TWO TREES TTS-55 Pro 5.5W Laser Engraver, 32-bit Mainboard, 0.08*0.08mm Compressed Spot, 0.1mm Precision, 300*300mm",Brand: TWO TREES. Category: Consumer Electronics.,in stock,new,302.46 USD,193.13 USD,https://bytebuy.store/product/geekbuying-500009/,https://img.gkbcdn.com/s3/p/2025-05-09/two-trees-tts-5-5w-laser-engraver-cutter-c5153d-1746759213049.jpg,TWO TREES,Consumer Electronics,Consumer Electronics,geekbuying
geekbuying-523482,"SCULPFUN iCube Pro Max 10W Laser Engraver, 0.08mm Laser Spot, 10000mm/min Engraving Speed, 32-bit Motherboard, Replaceable Lens, Smoke Filter, Tempera",SCULPFUN iCube Pro Max 10W Laser Engraver,in stock,new,369.00 USD,220.72 USD,https://bytebuy.store/product/geekbuying-523482/,https://img.gkbcdn.com/s3/p/2023-12-07/Sculpfun-iCube-Pro-Max-10W-Laser-Engraver-EU-Plug-523018-0.jpg,SCULPFUN,Consumer Electronics,Consumer Electronics,geekbuying
geekbuying-529586,"3DMakerpro Eagle LiDAR 3D Scanner, 2cm Accuracy at 10M Distance, 8K Ultra Imaging, Up to 140m Range, 3.5-inch Screen",Brand: 3DMakerpro. Category: Consumer Electronics.,in stock,new,4999.00 USD,3199.43 USD,https://bytebuy.store/product/geekbuying-529586/,https://img.gkbcdn.com/s3/p/2025-07-14/3dmakerpro-eagle-lidar-3d-scanner-9e96be-1752456164622.jpg,3DMakerpro,Consumer Electronics,Consumer Electronics,geekbuying
geekbuying-530046,"NEWTRAL Freedom-X-FF Criss Cross Chair with Armrests & Wheels, Multi-Position Recliner Chair, Ergonomic Cross Legged Chair, Adjustable Laptop Tray, Wa",NEWTRAL Freedom-X-FF Multi-Posture Chair with Armrests Orange,in stock,new,466.99 USD,307.91 USD,https://bytebuy.store/product/geekbuying-530046/,https://img.gkbcdn.com/s3/p/2025-09-01/Newtral-FF-O-Freedom-X-Multi-Posture-Chair-with-Armrest-Orange-530046-0.jpg,NEWTRAL,Smart Home & Garden,Smart Home & Garden,geekbuying
geekbuying-526950,TALLPOWER TP400 400W Portable Solar Panel,Brand: TALLPOWER. Category: Outdoor Generators & Portable Power.,in stock,new,499.99 USD,329.99 USD,https://bytebuy.store/product/geekbuying-526950/,https://img.gkbcdn.com/s3/p/2024-12-07/TALLPOWER-TP400-400W-Portable-Solar-Panel-526950-0.jpg,TALLPOWER,Outdoor Generators & Portable Power,Outdoor Generators & Portable Power,geekbuying
geekbuying-531764,"PONGBOT Halo S Pro Automatic Table Tennis Robot, 702+ Drills, Full-Table Training, 100r/s Spin, 15m/s Speed, 250-Ball Capacity",Brand: PONGBOT. Category: Sports & Outdoors.,in stock,new,2139.99 USD,1654.34 USD,https://bytebuy.store/product/geekbuying-531764/,https://img.gkbcdn.com/s3/p/2026-07-30/PONGBOT-Halo-S-Pro-AI-Table-Tennis-Serving-Robot-531764-0.jpg,PONGBOT,Sports & Outdoors,Sports & Outdoors,geekbuying
geekbuying-522828,"NEWTRAL MagicH-BP Ergonomic Chair with Footrest, Auto-Following Backrest, Adaptive Lower Back Support, Adjustable Armrest Headrest, 3 Positions to Loc",NEWTRAL MagicH-BP Ergonomic Chair with Footrest Black,in stock,new,399.99 USD,252.73 USD,https://bytebuy.store/product/geekbuying-522828/,https://img.gkbcdn.com/s3/p/2025-12-08/newtral-magich-bp-ergonomic-chair-with-footrest-black-9bd7d1-1765165093960.jpg,NEWTRAL,Smart Home & Garden,Smart Home & Garden,geekbuying
geekbuying-531762,"PONGBOT Nova S Pro Portable Table Tennis Serving Robot, 264+ Training Drills, 15m/s Ball Speed, 9 Spin Types, 150-Ball Capacity, App & Remote Control",PONGBOT Nova S Pro Portable Table Tennis Serving Robot,in stock,new,429.99 USD,329.99 USD,https://bytebuy.store/product/geekbuying-531762/,https://img.gkbcdn.com/s3/p/2026-07-30/PONGBOT-Nova-S-Pro-Table-Tennis-Serving-Robot-531762-0.jpg,PONGBOT,Sports & Outdoors,Sports & Outdoors,geekbuying
geekbuying-522701,"TALLPOWER V2400 Portable Power Station, 2160Wh LiFePo4 Solar Generator, 2400W AC Output, Adjustable Input Power, PD 100W USB-C, UPS Function, LED Ligh",TALLPOWER V2400 Portable Power Station,in stock,new,1099.99 USD,716.26 USD,https://bytebuy.store/product/geekbuying-522701/,https://img.gkbcdn.com/s3/p/2023-11-08/TALLPOWER-V2400-Portable-Power-Station-522701-0.jpg,TALLPOWER,Outdoor Generators & Portable Power,Outdoor Generators & Portable Power,geekbuying
geekbuying-526951,"TALLPOWER V2400 Portable Power Station + 1x TP400 400W Portable Solar Panel, 2160Wh LiFePo4 Solar Generator, 2400W AC Output, Adjustable Input Power,",TALLPOWER V2400 2160Wh Power Station + 1x 400W Solar Panel,in stock,new,1599.99 USD,1212.89 USD,https://bytebuy.store/product/geekbuying-526951/,https://img.gkbcdn.com/s3/p/2024-12-07/tallpower-v2400-portable-power-station-7b93e8-1733556181839.jpg,TALLPOWER,Outdoor Generators & Portable Power,Outdoor Generators & Portable Power,geekbuying
geekbuying-526952,"TALLPOWER V2400 Portable Power Station + 2x TP400 400W Portable Solar Panel, 2160Wh LiFePo4 Solar Generator, 2400W AC Output, Adjustable Input Power,",TALLPOWER V2400 2160Wh Power Station + 2x 400W Solar Panel,in stock,new,1946.99 USD,1543.98 USD,https://bytebuy.store/product/geekbuying-526952/,https://img.gkbcdn.com/s3/p/2024-12-07/tallpower-v2400-2160wh-power-station---1x-400w-solar-panel-fe2342-1733556322560.jpg,TALLPOWER,Outdoor Generators & Portable Power,Outdoor Generators & Portable Power,geekbuying
geekbuying-531142,"Proscenic Q20 Plus Robot Vacuum and Mop, 10000Pa Powerful Suction, Self-Emptying Base, LiDAR Navigation, 200-Min Runtime, 2-in-1 Dustbin & Water Tank,",Proscenic Q20 Plus Robot Vacuum Mop Auto Empty,in stock,new,379.99 USD,252.73 USD,https://bytebuy.store/product/geekbuying-531142/,https://img.gkbcdn.com/s3/p/2026-03-09/Proscenic-Q20-Plus-Robot-Vacuum-and-Mop-531142-0.jpg,Proscenic,Smart Home & Garden,Smart Home & Garden,geekbuying
geekbuying-517154,X98Q TV BOX Android 11 Amlogic S905W2 Quad Core ARM Cortex A53 2G RAM 16GB ROM 2.4G+5G WiFi 4K AV1 - EU Plug,Brand: Other. Category: TV Boxes & Mini PCs.,in stock,new,100.01 USD,69.99 USD,https://bytebuy.store/product/geekbuying-517154/,https://img.gkbcdn.com/s3/p/2022-09-22/X98Q-TV-BOX-Amlogic-S905W2-2G-RAM-16G-ROM-5G-WiFi-AV1-4K-EU-Plug-517154-0.jpg,Other,TV Boxes & Mini PCs,TV Boxes & Mini PCs,geekbuying
geekbuying-530650,"MESWAO B3 Pro Tablet, 15.6 inch 1920*1080 IPS Screen, MTK Helio G99 8 Cores, 8GB RAM 256GB ROM, Android 14, WiFi 5 Bluetooth 5.0, 12000mAh Battery, 32",MESWAO B3 Pro 15.6 inch Tablet 8GB 256GB EU Plug Black,in stock,new,499.99 USD,441.44 USD,https://bytebuy.store/product/geekbuying-530650/,https://img.gkbcdn.com/s3/p/2025-11-21/MESWAO-B3-Pro-15-6-inch-Tablet-8GB-256GB-EU-Plug-Black-530650-0.jpg,MESWAO,"Computers, Tablets & Accessories","Computers, Tablets & Accessories",geekbuying
geekbuying-530332,4kg Mecpow High-Speed PETG Transparent Filament - Black/Red/Solid Blue/Yellow,Brand: Mecpow. Category: Consumer Electronics.,in stock,new,99.99 USD,43.03 USD,https://bytebuy.store/product/geekbuying-530332/,https://img.gkbcdn.com/s3/p/2025-10-15/4kg-mecpow-high-speed-petg-transparent-101954-1760511813240.jpg,Mecpow,Consumer Electronics,Consumer Electronics,geekbuying
geekbuying-530555,Original Track Mop for Narwal Flow/Flow 2/Flow 2 (Compact Station),Brand: Narwal. Category: Smart Home & Garden.,in stock,new,29.99 USD,26.48 USD,https://bytebuy.store/product/geekbuying-530555/,https://img.gkbcdn.com/s3/p/2025-11-11/Narwal-Flow-Original-Track-Mop-530555-0.jpg,Narwal,Smart Home & Garden,Smart Home & Garden,geekbuying
geekbuying-522830,"NEWTRAL MagicH-GPRO Ergonomic Chair with Footrest, Auto-Following Backrest Headrest, Adaptive Lower Back Support, Adjustable Armrest, 3 Positions to L",NEWTRAL MagicH-GPRO Ergonomic Chair with Footrest Gray,in stock,new,499.99 USD,296.88 USD,https://bytebuy.store/product/geekbuying-522830/,https://img.gkbcdn.com/s3/p/2025-12-03/newtral-magich-gpro-ergonomic-chair-with-footrest-gray-4fe8fe-1764757367472.jpg,NEWTRAL,Smart Home & Garden,Smart Home & Garden,geekbuying
geekbuying-526573,SODI 2 Pack Screen Protector for iPad Pro 11 Inch (2024) + 2 Pack Lens Protector with Installation Frame,Brand: SODI. Category: Phones & Accessories.,in stock,new,29.99 USD,9.99 USD,https://bytebuy.store/product/geekbuying-526573/,https://img.gkbcdn.com/s3/p/2024-11-20/SODI-5-Pack-Screen-Protector-Set-for-iPad-Pro-11-Inch--2024--526573-0.jpg,SODI,Phones & Accessories,Phones & Accessories,geekbuying
geekbuying-527173,LONGER RAY5 20W Laser Engraver + Laser Bed + Rotary Roller,Brand: LONGER. Category: Consumer Electronics.,in stock,new,1130.99 USD,429.31 USD,https://bytebuy.store/product/geekbuying-527173/,https://img.gkbcdn.com/s3/p/2025-05-29/longer-ray5-20w-laser-engraver---laser-bed---rotary-roller-92c19b-1748485424148.jpg,LONGER,Consumer Electronics,Consumer Electronics,geekbuying
geekbuying-531194,"KuKirin G2 Pro ABE Electric Scooter, 500W Motor, 48V 15.6Ah Battery, 9-Inch Vacuum Tires, 20km/h Max Speed, 65km Range, Dual Disc Brakes, 19° Climbing",KuKirin G2 Pro ABE Electric Scooter 500W 48V 15.6Ah,in stock,new,599.98 USD,550.71 USD,https://bytebuy.store/product/geekbuying-531194/,https://img.gkbcdn.com/s3/p/2026-03-25/kukirin-g2-pro-abe-electric-scooter-500w-48v-15-6ah-799c39-1774403344972.png,KuKirin,Sports & Outdoors,Sports & Outdoors,geekbuying
geekbuying-520777,Mecpow H44: Laser Bed 440×440×22mm,Brand: Mecpow. Category: Consumer Electronics.,in stock,new,59.99 USD,38.62 USD,https://bytebuy.store/product/geekbuying-520777/,https://img.gkbcdn.com/s3/p/2025-06-12/mecpow-h44-440-440-22mm-laser-bed-5e3dfb-1749715259718.jpg,Mecpow,Consumer Electronics,Consumer Electronics,geekbuying
geekbuying-531195,"FOSSiBOT F1800 Portable Power Station, 1024Wh LiFePO4, 1800W AC Output, Ultra-Fast 1200W AC & 500W Solar Charging, Multi-Port USB/Type-C/Car Output, A",FOSSiBOT F1800 1024Wh 1800W Portable Power Station,in stock,new,699.99 USD,495.53 USD,https://bytebuy.store/product/geekbuying-531195/,https://img.gkbcdn.com/s3/p/2026-03-16/FOSSiBOT-F1800-1024Wh-1800W-Portable-Power-Station-531195-0.jpg,FOSSiBOT,Outdoor Generators & Portable Power,Outdoor Generators & Portable Power,geekbuying
geekbuying-522635,"Creality: Rotary Kit Pro (Curved Surface, Creality Lasers Only)",Brand: Creality. Category: Consumer Electronics.,in stock,new,123.99 USD,98.22 USD,https://bytebuy.store/product/geekbuying-522635/,https://img.gkbcdn.com/s3/p/2023-11-01/Creality-Rotary-Kit-Pro-for-Curved-Surface-Engraving-522635-0.jpg,Creality,Consumer Electronics,Consumer Electronics,geekbuying
geekbuying-519778,"OUKITEL Abearl P5000 Portable Power Station, 5120Wh LiFePO4 Battery, 5x2200W AC Outlets (4000W Surge), Seamless UPS Battery Backup, 92% Inverter, 1800",OUKITEL ABEARL P5000 Portable Power Station,in stock,new,4599.00 USD,2999.00 USD,https://bytebuy.store/product/geekbuying-519778/,https://img.gkbcdn.com/s3/p/2023-03-10/OUKITEL-ABEARL-P5000-Portable-Power-Station-US-Plug-519778-0.jpg,OUKITEL,Outdoor Generators & Portable Power,Outdoor Generators & Portable Power,geekbuying
geekbuying-524742,"TASVAC EB5 Electric Spin Scrubber, 450RPM Cordless Shower Brush with 5 Replaceable Cleaning Heads & Adjustable Extension Arm",Brand: Other. Category: Smart Home & Garden.,in stock,new,61.99 USD,55.17 USD,https://bytebuy.store/product/geekbuying-524742/,https://img.gkbcdn.com/s3/p/2024-06-05/TASVAC-EB5-Electric-Spin-Scrubber-524742-0.jpg,Other,Smart Home & Garden,Smart Home & Garden,geekbuying
geekbuying-530064,"Mecpow M1 FDA Class 1 5W Laser Engraver, 0.01 mm Accuracy, 10000 mm/min, 100 x 100 mm Engraving Area, WIFI & USB & TF Card Connections - White and Gre",Mecpow M1 FDA Class 1 5W Laser Engraver,in stock,new,219.99 USD,164.44 USD,https://bytebuy.store/product/geekbuying-530064/,https://img.gkbcdn.com/s3/p/2025-09-03/Mecpow-M1-Laser-Engraver-5W--EU--530064-1.jpg,Mecpow,Consumer Electronics,Consumer Electronics,geekbuying
geekbuying-527177,LONGER RAY5 10W Laser Engraver + Laser Bed + Rotary Roller,Brand: LONGER. Category: Consumer Electronics.,in stock,new,662.00 USD,296.88 USD,https://bytebuy.store/product/geekbuying-527177/,https://img.gkbcdn.com/s3/p/2025-05-29/longer-ray5-10w-laser-engraver---laser-bed---rotary-roller-43561e-1748482810697.jpg,LONGER,Consumer Electronics,Consumer Electronics,geekbuying
geekbuying-527765,Mecpow X3S/X3/X3 Pro: Air Assist 30L/min,Brand: Mecpow. Category: Consumer Electronics.,in stock,new,59.99 USD,44.13 USD,https://bytebuy.store/product/geekbuying-527765/,https://img.gkbcdn.com/s3/p/2025-02-24/mecpow-a4-air-assist-with-a-30l-min-air-pump-for-mecpow-x3-x3-pro-1c2d9d-1740389493055.jpg,Mecpow,Consumer Electronics,Consumer Electronics,geekbuying
geekbuying-527176,LONGER Laser B1 20W Laser Engraver + Laser Bed + Rotary Roller with Bracket,Brand: LONGER. Category: Consumer Electronics.,in stock,new,1238.01 USD,583.82 USD,https://bytebuy.store/product/geekbuying-527176/,https://img.gkbcdn.com/s3/p/2024-12-25/longer-laser-b1-20w-laser---laser-bed---rotary-roller-with-bracket-2e344a-1735093185146.jpg,LONGER,Consumer Electronics,Consumer Electronics,geekbuying
geekbuying-531670,"LONGER LK10 3D Printer, 500mm/s Print Speed, 0.1mm Accuracy, 225×225×265mm Build Volume, Full Auto Leveling, 4.3-inch Touchscreen, Dual Z-Axis, 300°C",LONGER LK10 FDM 3D Printer,in stock,new,459.99 USD,296.88 USD,https://bytebuy.store/product/geekbuying-531670/,https://img.gkbcdn.com/s3/p/2026-06-26/LONGER-LK10-FDM-3D-Printer-531670-0.jpg,LONGER,Consumer Electronics,Consumer Electronics,geekbuying
geekbuying-531668,"HIKNIGHT H6 PRO Electric Bike, 4000W Peak Dual Motors, 52V 20Ah Removable Battery, 145km Range, 64km/h Max Speed, 200N·m Torque, Dual-Crown Front Fork",HIKNIGHT H6 PRO 4000W Electric Bike Black Gold,in stock,new,1999.99 USD,1654.34 USD,https://bytebuy.store/product/geekbuying-531668/,https://img.gkbcdn.com/s3/p/2026-06-25/HIKNIGHT-H6-PRO-4000W-Electric-Bike-Black-Gold-531668-0.jpg,HIKNIGHT,Sports & Outdoors,Sports & Outdoors,geekbuying
geekbuying-531662,"HIKNIGHT H2 PRO Electric Bike, 3000W Peak Dual Motors, 61km/h Max Speed, 145km Range, 52V 20Ah Removable Battery, 35° Climbing Ability, 26""×4.0"" Fat T",HIKNIGHT H2 PRO 3000W Electric Bike White,in stock,new,1899.99 USD,1654.34 USD,https://bytebuy.store/product/geekbuying-531662/,https://img.gkbcdn.com/s3/p/2026-06-25/HIKNIGHT-H2-PRO-3000W-Electric-Bike-White-531662-0.jpg,HIKNIGHT,Sports & Outdoors,Sports & Outdoors,geekbuying
geekbuying-517054,"KuKirin G2 Pro Folding Electric Scooter 9.0x3.0 Inch Tubeless Vacuum Tire 600W Motor 48V 15.6Ah Battery 58km Max Range, HD LCD Display Dual Disc Brake",KuKirin G2 Pro Electric Scooter 9 Inch 48V 15.6Ah 45Km/h 600W Motor,in stock,new,590.99 USD,528.64 USD,https://bytebuy.store/product/geekbuying-517054/,https://img.gkbcdn.com/s3/p/2024-07-31/kukirin-g2-pro-electric-scooter-9-inch-48v-15-6ah-45km-h-600w-motor-3bcb12-1722389644115.jpg,KuKirin,Sports & Outdoors,Sports & Outdoors,geekbuying
geekbuying-531667,"HIKNIGHT H6 PRO Electric Bike, 4000W Peak Dual Motors, 52V 20Ah Removable Battery, 145km Range, 64km/h Max Speed, 200N·m Torque, Dual-Crown Front Fork",HIKNIGHT H6 PRO 4000W Electric Bike Black White,in stock,new,1999.99 USD,1654.34 USD,https://bytebuy.store/product/geekbuying-531667/,https://img.gkbcdn.com/s3/p/2026-06-25/HIKNIGHT-H6-PRO-4000W-Electric-Bike-Black-White-531667-0.jpg,HIKNIGHT,Sports & Outdoors,Sports & Outdoors,geekbuying
geekbuying-530062,"TWOFISH TF03 Electric Scooter with Removable Seat, 350W Motor, 48V 15Ah Battery, Front 12 inch & Rear 10 inch Tires, 28km/h Max Speed, 30km Range, Dis",TWOFISH TF03 Electric Scooter with Seat 350W 48V 15Ah,in stock,new,655.99 USD,550.71 USD,https://bytebuy.store/product/geekbuying-530062/,https://img.gkbcdn.com/s3/p/2025-09-02/TWOFISH-TF03-Electric-Scooter-with-Seat-350W-48V-15Ah-530062-0.jpg,TWOFISH,Sports & Outdoors,Sports & Outdoors,geekbuying
geekbuying-529546,"JIMMY R9 Countertop Reverse Osmosis Water Purifier, 3s Instant Heat, 7 Temps, 7 Stage Purification with Remineralization & UV, 3:1 Pure to Drain, for",JIMMY R9 Countertop Reverse Osmosis Water Purifier Gray,in stock,new,499.00 USD,440.35 USD,https://bytebuy.store/product/geekbuying-529546/,https://img.gkbcdn.com/s3/p/2025-07-07/JIMMY-R9-Countertop-Reverse-Osmosis-Water-Purifier-Gray-529546-0.jpg,JIMMY,Smart Home & Garden,Smart Home & Garden,geekbuying
geekbuying-523011,"FOSSiBOT DT2 Rugged Tablet, Android 13, 4G Dual SIM, 10.4'' 1200x2000 IPS Display, MTK Helio G99 Octa Core 2.0GHz, 12GB RAM 256GB ROM, WiFi6 Bluetooth",FOSSiBOT DT2 12GB+256GB Rugged Tablet - Grey,in stock,new,360.92 USD,297.97 USD,https://bytebuy.store/product/geekbuying-523011/,https://img.gkbcdn.com/s3/p/2023-12-07/FOSSiBOT-DT2-12GB-256GB-Rugged-Tablet---Grey-523011-4.jpg,FOSSiBOT,"Computers, Tablets & Accessories","Computers, Tablets & Accessories",geekbuying
geekbuying-498070,Original Carpet Rolling Brush for JIMMY JV53/JV63/JV65 Plus/JV83/JV85/JV85 Pro/H9 Pro/H9 Flex/H10 Pro Handheld Cordless Vacuum Cleaner,Brand: JIMMY. Category: Smart Home & Garden.,in stock,new,34.99 USD,33.10 USD,https://bytebuy.store/product/geekbuying-498070/,https://img.gkbcdn.com/s3/p/2021-04-09/12ef652ceb9742dfbffd9d8a7240c240-458407-0.jpg,JIMMY,Smart Home & Garden,Smart Home & Garden,geekbuying
geekbuying-526691,6Pcs Mop Pads for Narwal Freo X Ultra/Z Ultra/Z10 Ultra/Z10/X10 Pro,Brand: Narwal. Category: Smart Home & Garden.,in stock,new,45.71 USD,26.48 USD,https://bytebuy.store/product/geekbuying-526691/,https://img.gkbcdn.com/s3/p/2024-09-12/6Pcs-Mop-Pads-for-Narwal-Freo-X-Ultra-Z-Ultra-525716-0.jpg,Narwal,Smart Home & Garden,Smart Home & Garden,geekbuying
geekbuying-531669,"ETOE Starfish 2 Projector, Native 1080P Full HD, 4K Decoding, 500 ANSI Lumens, 3000:1 Contrast, Google TV with Netflix, Auto Focus & Auto Keystone, 0-",ETOE Starfish 2 500 ANSI Projector,in stock,new,339.99 USD,307.91 USD,https://bytebuy.store/product/geekbuying-531669/,https://img.gkbcdn.com/s3/p/2026-06-26/ETOE-Starfish-2-500-ANSI-Projector-531669-0.jpg,ETOE,Consumer Electronics,Consumer Electronics,geekbuying
geekbuying-509066,LONGER RAY5 10W Laser Engraver,Brand: LONGER. Category: Consumer Electronics.,in stock,new,529.99 USD,208.59 USD,https://bytebuy.store/product/geekbuying-509066/,https://img.gkbcdn.com/s3/p/2024-10-11/longer-ray5-10w-laser-engraver-eu-plug-1bee57-1728626382978.jpg,LONGER,Consumer Electronics,Consumer Electronics,geekbuying
geekbuying-531661,Mecpow X3S 12W Laser Engraver + R1 1.2W IR Laser Module,Brand: Mecpow. Category: Consumer Electronics.,in stock,new,499.99 USD,441.44 USD,https://bytebuy.store/product/geekbuying-531661/,https://img.gkbcdn.com/s3/p/2026-06-25/mecpow-x3s-12w-laser-engraver-with-ir-laser-module-407c89-1782374339372.jpg,Mecpow,Consumer Electronics,Consumer Electronics,geekbuying
geekbuying-520779,Mecpow H48: Laser Bed 450×850×22mm,Brand: Mecpow. Category: Consumer Electronics.,in stock,new,99.99 USD,77.24 USD,https://bytebuy.store/product/geekbuying-520779/,https://img.gkbcdn.com/s3/p/2025-06-12/mecpow-h48-450-850-22mm-laser-bed-7be381-1749718924597.jpg,Mecpow,Consumer Electronics,Consumer Electronics,geekbuying
geekbuying-530067,Mecpow M1 FDA Class 1 5W Laser Engraver + Rotary Chuck,Brand: Mecpow. Category: Consumer Electronics.,in stock,new,289.99 USD,208.59 USD,https://bytebuy.store/product/geekbuying-530067/,https://img.gkbcdn.com/s3/p/2025-09-04/mecpow-m1-5w-laser-engraver-rotary-chuck-9eb6db-1756973424077.jpg,Mecpow,Consumer Electronics,Consumer Electronics,geekbuying
geekbuying-531307,"W9air Electric Scooter, 500W Motor, 48V10Ah Battery, 25km/h Max Speed, 40km Range, 10-Inch Off-Road Tires, Front & Rear Suspension, 30° Climbing, 150k",W9air Electric Scooter 500W 48V10Ah,in stock,new,499.99 USD,462.42 USD,https://bytebuy.store/product/geekbuying-531307/,https://img.gkbcdn.com/s3/p/2026-03-27/W9air-Electric-Scooter-500W-48V10Ah-531307-0.jpg,Other,Sports & Outdoors,Sports & Outdoors,geekbuying
geekbuying-529406,2Pcs Hydrofast HF02 RO Filter for W100 Water Purifier,Brand: Hydrofast. Category: Smart Home & Garden.,in stock,new,159.00 USD,126.92 USD,https://bytebuy.store/product/geekbuying-529406/,https://img.gkbcdn.com/s3/p/2025-06-27/2pcs-hydrofast-hf02-ro-filter-element-for-w100-water-purifier-16b9c9-1751009368304.jpg,Hydrofast,Smart Home & Garden,Smart Home & Garden,geekbuying
geekbuying-531969,"KuKirin G4 Ultra Electric Scooter, Dual 1200W Motors, 60V 20Ah 1200Wh Battery, 70km/h Max Speed, 80km Range, 11-Inch Tubeless Tires, Front & Rear Susp",KuKirin G4 Ultra Electric Scooter 1200W*2 60V 20Ah,in stock,new,1119.99 USD,1069.42 USD,https://bytebuy.store/product/geekbuying-531969/,https://img.gkbcdn.com/s3/p/2026-09-28/kukirin-g4-ultra-electric-scooter-1000w-2-60v-20ah-111dbe-1790577080602.jpg,KuKirin,Sports & Outdoors,Sports & Outdoors,geekbuying
geekbuying-531317,"PHILIAM F3 PRO Dual Motor Electric Bike, 1000W*2 (3000W Peak), 52V 23Ah Battery, 60km/h Max Speed, 160km Range, 26""×4"" Fat Tire, 4-Piston Hydraulic Br",PHILIAM F3 PRO Dual Motor Electric Bike 1000W*2 52V 23Ah,in stock,new,1559.99 USD,1510.87 USD,https://bytebuy.store/product/geekbuying-531317/,https://img.gkbcdn.com/s3/p/2026-03-31/PHILIAM-F3-PRO-Dual-Motor-Electric-Bike-1000W-2-52V-23Ah-531317-0.jpg,PHILIAM,Sports & Outdoors,Sports & Outdoors,geekbuying
geekbuying-523012,"FOSSiBOT DT2 Rugged Tablet, 10.4'' 1200x2000 2K Display, MTK Helio G99 Octa Core 2.0GHz, 12GB RAM 256GB ROM, 64MP+32MP Camera, 22000mAh 66W Fast Charg",FOSSiBOT DT2 12GB+256GB Rugged Tablet - Blue,in stock,new,379.00 USD,297.97 USD,https://bytebuy.store/product/geekbuying-523012/,https://img.gkbcdn.com/s3/p/2023-12-07/FOSSiBOT-DT2-12GB-256GB-Rugged-Tablet---Blue-523012-4.jpg,FOSSiBOT,"Computers, Tablets & Accessories","Computers, Tablets & Accessories",geekbuying
alibaba-beauty-62091928911,100% Biodegradable Moso Bamboo Fiber Custom Logo Eco Friendly Toothbrush,Category: Beauty & Personal Care.,in stock,new,0.68 USD,,https://bytebuy.store/product/alibaba-beauty-62091928911/,https://sc02.alicdn.com/kf/HLB1qjBgSPTpK1RjSZKPq6y3UpXaF.jpg_200x200.jpg,ByteBuy,Beauty & Personal Care,Beauty & Personal Care,alibaba-beauty
alibaba-beauty-62130506881,Newest Design Professional Organic Gel Color Nail Polish In UV Gel,Category: Beauty & Personal Care.,in stock,new,2.00 USD,,https://bytebuy.store/product/alibaba-beauty-62130506881/,https://sc02.alicdn.com/kf/HTB1Bd9EX79E3KVjSZFGq6A19XXad.jpg_200x200.jpg,ByteBuy,Beauty & Personal Care,Beauty & Personal Care,alibaba-beauty
alibaba-beauty-62194711257,Private label Cold Pressed organic cumin Black Seed Oil Nigella Sativa No Pesticides natural essential oils,Category: Beauty & Personal Care.,in stock,new,1.65 USD,,https://bytebuy.store/product/alibaba-beauty-62194711257/,https://sc02.alicdn.com/kf/HTB1edfiXeL2gK0jSZFm7637iXXaz.png_200x200.jpg,ByteBuy,Beauty & Personal Care,Beauty & Personal Care,alibaba-beauty
alibaba-beauty-62257538583,OEM/ODM nail polish set private label nail polish,Category: Beauty & Personal Care.,in stock,new,2.50 USD,,https://bytebuy.store/product/alibaba-beauty-62257538583/,https://sc02.alicdn.com/kf/Hfa18da1f8e1840f68a9cd20f3a0fefcbS.jpg_200x200.jpg,ByteBuy,Beauty & Personal Care,Beauty & Personal Care,alibaba-beauty
alibaba-beauty-62057520326,"2019 Pedicure foot spa massage chair, spa pedicure chair with pipeless magnetic jet motor",Category: Beauty & Personal Care.,in stock,new,15.00 USD,,https://bytebuy.store/product/alibaba-beauty-62057520326/,https://sc02.alicdn.com/kf/HTB1havhOAzoK1RjSZFlq6yi4VXa9.jpg_200x200.jpg,ByteBuy,Beauty & Personal Care,Beauty & Personal Care,alibaba-beauty
alibaba-beauty-62308999803,3d mink eyelashes vendor wholesale 3d faux mink eyelashes wispy mink eyelashes with eyelash packaging box,Category: Beauty & Personal Care.,in stock,new,2.70 USD,,https://bytebuy.store/product/alibaba-beauty-62308999803/,https://sc02.alicdn.com/kf/H6abf2f51b1484dc1a096881973a7614fV.jpg_200x200.jpg,ByteBuy,Beauty & Personal Care,Beauty & Personal Care,alibaba-beauty
alibaba-beauty-60801533337,Professional Hollywood light mirror led touch screen makeup mirror,Category: Beauty & Personal Care.,in stock,new,22.07 USD,,https://bytebuy.store/product/alibaba-beauty-60801533337/,https://sc02.alicdn.com/kf/HTB1c.OhXfvsK1RjSspdq6AZepXaq.jpg_200x200.jpg,ByteBuy,Beauty & Personal Care,Beauty & Personal Care,alibaba-beauty
alibaba-beauty-62110932347,YZW Pink Petals / Flowers / Green Leaves Water Transfer Sticker Nail Art Decals DIY Fashion Wraps Tips Manicure Tools,Category: Beauty & Personal Care.,in stock,new,0.05 USD,,https://bytebuy.store/product/alibaba-beauty-62110932347/,https://sc02.alicdn.com/kf/HLB1xov.b2c3T1VjSZLeq6zZsVXaA.jpg_200x200.jpg,ByteBuy,Beauty & Personal Care,Beauty & Personal Care,alibaba-beauty
alibaba-beauty-62290910725,Custom 3pairs or 5 pairs private label false eyelashes book 3d natural false eyelashes wholesale eyelash packaging box,Category: Beauty & Personal Care.,in stock,new,5.70 USD,,https://bytebuy.store/product/alibaba-beauty-62290910725/,https://sc02.alicdn.com/kf/H2f11a0f40c6e420999e11747f5248171I.jpg_200x200.jpg,ByteBuy,Beauty & Personal Care,Beauty & Personal Care,alibaba-beauty
alibaba-beauty-62152442457,JOMTAM anti aging puffiness electric under dark circle organic caviar gold eye cream,Category: Beauty & Personal Care.,in stock,new,4.32 USD,,https://bytebuy.store/product/alibaba-beauty-62152442457/,https://sc02.alicdn.com/kf/Hb8a12dfe3a804ceb9447b093711c6549a.jpg_200x200.jpg,ByteBuy,Beauty & Personal Care,Beauty & Personal Care,alibaba-beauty
alibaba-beauty-62128670469,Thailand wet wipes baby/ baby wet wipes wholesale/wet tissue for sale,Category: Beauty & Personal Care.,in stock,new,0.63 USD,,https://bytebuy.store/product/alibaba-beauty-62128670469/,https://sc02.alicdn.com/kf/Hdc1db2ee2be640b2ba686a9f30af976ei.jpg_200x200.jpg,ByteBuy,Beauty & Personal Care,Beauty & Personal Care,alibaba-beauty
alibaba-beauty-62220257427,"fine arts and crafts polyester pet glitter powder,cosmetic and decoration festival glitter",Category: Beauty & Personal Care.,in stock,new,0.40 USD,,https://bytebuy.store/product/alibaba-beauty-62220257427/,https://sc02.alicdn.com/kf/HTB1HdWsbhD1gK0jSZFy763iOVXan.png_200x200.jpg,ByteBuy,Beauty & Personal Care,Beauty & Personal Care,alibaba-beauty
alibaba-beauty-62015840763,Direct factory Professional cordless split end hair trimmer 110-240 V women hair salon,Category: Beauty & Personal Care.,in stock,new,12.00 USD,,https://bytebuy.store/product/alibaba-beauty-62015840763/,https://sc02.alicdn.com/kf/U43f9fe66061d4c0faf1ec6f0097712b7v.jpg_200x200.jpg,ByteBuy,Beauty & Personal Care,Beauty & Personal Care,alibaba-beauty
alibaba-beauty-62012376638,3d mink lash vendors false eyelashes and custom boxes,Category: Beauty & Personal Care.,in stock,new,4.75 USD,,https://bytebuy.store/product/alibaba-beauty-62012376638/,https://sc02.alicdn.com/kf/HTB1QhniboLrK1Rjy0Fjq6zYXFXal.jpg_200x200.jpg,ByteBuy,Beauty & Personal Care,Beauty & Personal Care,alibaba-beauty
alibaba-beauty-62132774418,Stock medium density new fine mono base adhesive toupee for men hair replacement,Category: Beauty & Personal Care.,in stock,new,80.00 USD,,https://bytebuy.store/product/alibaba-beauty-62132774418/,https://sc02.alicdn.com/kf/HTB1mlJyaBOD3KVjSZFFq6An9pXaJ.jpg_200x200.jpg,ByteBuy,Beauty & Personal Care,Beauty & Personal Care,alibaba-beauty
alibaba-beauty-62147107304,"Me time 100% biodegradable organic bamboo charcoal sanitary pads, cold mint herbal sanitary pads india",Category: Beauty & Personal Care.,in stock,new,0.03 USD,,https://bytebuy.store/product/alibaba-beauty-62147107304/,https://sc02.alicdn.com/kf/HTB1XqvnbBiE3KVjSZFMq6zQhVXaO.jpg_200x200.jpg,ByteBuy,Beauty & Personal Care,Beauty & Personal Care,alibaba-beauty
alibaba-beauty-62014556697,2019 New Skin Care Device Vacuum Suction Acne Removing Blackhead Vacuum Remover,Category: Beauty & Personal Care.,in stock,new,7.99 USD,,https://bytebuy.store/product/alibaba-beauty-62014556697/,https://sc02.alicdn.com/kf/U2427440cbee54ba997c3dd8e6fd46cc6F.jpg_200x200.jpg,ByteBuy,Beauty & Personal Care,Beauty & Personal Care,alibaba-beauty
alibaba-beauty-60797858419,O3 Ozone Infared LED Micro Mist Standing Hair Steamer For Hair Salon Use,Category: Beauty & Personal Care.,in stock,new,350.00 USD,,https://bytebuy.store/product/alibaba-beauty-60797858419/,https://sc02.alicdn.com/kf/HTB1H44EtNSYBuNjSspjq6x73VXav.jpg_200x200.jpg,ByteBuy,Beauty & Personal Care,Beauty & Personal Care,alibaba-beauty
alibaba-beauty-62106413393,HY-55-84 3D Nail Diamond Decoration for Beauty Salon K9 Laser Phantom Nail zircon crystal rhinestone Metal Nail Jewelry,Category: Beauty & Personal Care.,in stock,new,0.20 USD,,https://bytebuy.store/product/alibaba-beauty-62106413393/,https://sc02.alicdn.com/kf/HLB1qYE8UpzqK1RjSZFvq6AB7VXaI.jpg_200x200.jpg,ByteBuy,Beauty & Personal Care,Beauty & Personal Care,alibaba-beauty
alibaba-beauty-62352372479,hot selling funny star foaming bath private label handmade colorant bubble natural vegan organic CBD bath bombs for kids gift se,Category: Beauty & Personal Care.,in stock,new,3.59 USD,,https://bytebuy.store/product/alibaba-beauty-62352372479/,https://sc02.alicdn.com/kf/Hc81f399f0530470197257671b735ba18C.jpg_200x200.jpg,ByteBuy,Beauty & Personal Care,Beauty & Personal Care,alibaba-beauty
alibaba-beauty-62405143889,Bliss Emerald Short Pixie Cut Human Hair Wig t1b/30 Virgin Brazilian Cuticle Aligned Wig Wholesale,Category: Beauty & Personal Care.,in stock,new,26.30 USD,,https://bytebuy.store/product/alibaba-beauty-62405143889/,https://sc02.alicdn.com/kf/He5ec532fae5f45ac9980cd2e6504e2b8Y.jpg_200x200.jpg,ByteBuy,Beauty & Personal Care,Beauty & Personal Care,alibaba-beauty
alibaba-beauty-62414751027,Wholesale Private Label Real Natural Fluffy Strip 25Mm 3D Mink Eye Lashes,Category: Beauty & Personal Care.,in stock,new,2.00 USD,,https://bytebuy.store/product/alibaba-beauty-62414751027/,https://sc02.alicdn.com/kf/H0b0565af62224be8951d10f7d05d9de2J.jpeg_200x200.jpg,ByteBuy,Beauty & Personal Care,Beauty & Personal Care,alibaba-beauty
alibaba-beauty-62034809502,One-off Hair Color Dye Temporary Non-toxic DIY Hair Color Mascara Washable One-time Hair Dye Crayons,Category: Beauty & Personal Care.,in stock,new,0.65 USD,,https://bytebuy.store/product/alibaba-beauty-62034809502/,https://sc02.alicdn.com/kf/HTB15ZyWL4jaK1RjSZKzq6xVwXXao.jpg_200x200.jpg,ByteBuy,Beauty & Personal Care,Beauty & Personal Care,alibaba-beauty
alibaba-beauty-62408959267,European and American Wig Ladies bobo hair in the fluffy nature Fashion Full Head Set Partial bangs 35cm,Category: Beauty & Personal Care.,in stock,new,2.55 USD,,https://bytebuy.store/product/alibaba-beauty-62408959267/,https://sc02.alicdn.com/kf/H310253d3767d483ea487068d355b1e15c.png_200x200.jpg,ByteBuy,Beauty & Personal Care,Beauty & Personal Care,alibaba-beauty
alibaba-beauty-60812779618,MOND&#39;SUB Facial Face Head Removal Charcoal Peel Off Private Label Bamboo Black Mask,Category: Beauty & Personal Care.,in stock,new,2.10 USD,,https://bytebuy.store/product/alibaba-beauty-60812779618/,https://sc02.alicdn.com/kf/HTB1SPzNXyDxK1Rjy1zcq6yGeXXaB.jpg_200x200.jpg,ByteBuy,Beauty & Personal Care,Beauty & Personal Care,alibaba-beauty
alibaba-beauty-62003168536,Custom Private Label liyalan all natural matte extract Hydrating face Skin setting spray makeup,Category: Beauty & Personal Care.,in stock,new,3.10 USD,,https://bytebuy.store/product/alibaba-beauty-62003168536/,https://sc02.alicdn.com/kf/Hd1466b32774e442da5a689416b5a5a190.jpg_200x200.jpg,ByteBuy,Beauty & Personal Care,Beauty & Personal Care,alibaba-beauty
alibaba-beauty-62139785140,10units Tattoo Pen Battery RCA & DC Connection,Category: Beauty & Personal Care.,in stock,new,29.99 USD,,https://bytebuy.store/product/alibaba-beauty-62139785140/,https://sc02.alicdn.com/kf/HTB1hfMFaQWE3KVjSZSyq6xocXXaQ.jpg_200x200.jpg,ByteBuy,Beauty & Personal Care,Beauty & Personal Care,alibaba-beauty
alibaba-beauty-62207073888,Dead Sea Mineral Black Mud 100% Pure Facial Face Mask,Category: Beauty & Personal Care.,in stock,new,1.45 USD,,https://bytebuy.store/product/alibaba-beauty-62207073888/,https://sc02.alicdn.com/kf/HTB1rKLIXVY7gK0jSZKzq6yikpXaT.jpg_200x200.jpg,ByteBuy,Beauty & Personal Care,Beauty & Personal Care,alibaba-beauty
alibaba-beauty-62112857575,Washable Microfiber Makeup Removing Pads,Category: Beauty & Personal Care.,in stock,new,0.93 USD,,https://bytebuy.store/product/alibaba-beauty-62112857575/,https://sc02.alicdn.com/kf/H51476dbcdac5459493bf5c85cb4ced157.jpg_200x200.jpg,ByteBuy,Beauty & Personal Care,Beauty & Personal Care,alibaba-beauty
alibaba-beauty-62056071090,Private label 3D mink eyelashes 3 pairs false lashes custom package box with tweezer,Category: Beauty & Personal Care.,in stock,new,6.50 USD,,https://bytebuy.store/product/alibaba-beauty-62056071090/,https://sc02.alicdn.com/kf/Hebc686b0fb8a47cda71166fb0e67931dM.jpg_200x200.jpg,ByteBuy,Beauty & Personal Care,Beauty & Personal Care,alibaba-beauty
alibaba-beauty-62011135429,LANBENA pink lip plumper enhancer isoflavone lip pump free shipping,Category: Beauty & Personal Care.,in stock,new,4.14 USD,,https://bytebuy.store/product/alibaba-beauty-62011135429/,https://sc02.alicdn.com/kf/HTB16oyUbh2rK1RkSnhJq6ykdpXaP.jpg_200x200.jpg,ByteBuy,Beauty & Personal Care,Beauty & Personal Care,alibaba-beauty
alibaba-beauty-60820840005,Soft Comfortable Anion girl breathable sanitary napkins sanitary pads wholesale,Category: Beauty & Personal Care.,in stock,new,0.25 USD,,https://bytebuy.store/product/alibaba-beauty-60820840005/,https://sc02.alicdn.com/kf/HTB1c58kKXOWBuNjy0Fiq6xFxVXaf.jpg_200x200.jpg,ByteBuy,Beauty & Personal Care,Beauty & Personal Care,alibaba-beauty
alibaba-beauty-62312090494,Instrument Black Head Suction Pore Tool Kit Blackhead Remover Vacuum,Category: Beauty & Personal Care.,in stock,new,21.00 USD,,https://bytebuy.store/product/alibaba-beauty-62312090494/,https://sc02.alicdn.com/kf/H2dd6f72deaf04adeb30718191b771c942.jpg_200x200.jpg,ByteBuy,Beauty & Personal Care,Beauty & Personal Care,alibaba-beauty
alibaba-beauty-60827054013,15-20PSI Barber Makeup Nail Cake China Wireless Rechargeable Battery Airbrush,Category: Beauty & Personal Care.,in stock,new,31.00 USD,,https://bytebuy.store/product/alibaba-beauty-60827054013/,https://sc02.alicdn.com/kf/Hc853dd43f32b4864ba94cdf877cb0128J.jpg_200x200.jpg,ByteBuy,Beauty & Personal Care,Beauty & Personal Care,alibaba-beauty
alibaba-beauty-62227563064,Wholesale gold sliver magic nail painting polish metallic nail gel,Category: Beauty & Personal Care.,in stock,new,0.75 USD,,https://bytebuy.store/product/alibaba-beauty-62227563064/,https://sc02.alicdn.com/kf/H2f6f4a8afb1048568a46f136ae40febdW.jpg_200x200.jpg,ByteBuy,Beauty & Personal Care,Beauty & Personal Care,alibaba-beauty
alibaba-beauty-62196036534,wholesale 12 colors Fashional private label Waterproof matte glitter liquid lipgloss lipstick set,Category: Beauty & Personal Care.,in stock,new,11.48 USD,,https://bytebuy.store/product/alibaba-beauty-62196036534/,https://sc02.alicdn.com/kf/HTB1GfhkXEH1gK0jSZSyq6xtlpXa9.jpg_200x200.jpg,ByteBuy,Beauty & Personal Care,Beauty & Personal Care,alibaba-beauty
alibaba-beauty-62198047496,wholesale Bath Natural bamboo towel flower exfoliating ball shower pouf body puff,Category: Beauty & Personal Care.,in stock,new,1.14 USD,,https://bytebuy.store/product/alibaba-beauty-62198047496/,https://sc02.alicdn.com/kf/HTB10rJ4XrH1gK0jSZFw7637aXXat.png_200x200.jpg,ByteBuy,Beauty & Personal Care,Beauty & Personal Care,alibaba-beauty
alibaba-beauty-62197048875,QIBEST Tinted 5 Shade Best Thick Eyebrow Mascara Gel,Category: Beauty & Personal Care.,in stock,new,1.20 USD,,https://bytebuy.store/product/alibaba-beauty-62197048875/,https://sc02.alicdn.com/kf/HTB1_dKRXxn1gK0jSZKPq6xvUXXaN.jpg_200x200.jpg,ByteBuy,Beauty & Personal Care,Beauty & Personal Care,alibaba-beauty
alibaba-beauty-60346758199,Menow E15006 Cosmetic Popular Makeup Eyebrow Powder,Category: Beauty & Personal Care.,in stock,new,0.68 USD,,https://bytebuy.store/product/alibaba-beauty-60346758199/,https://sc02.alicdn.com/kf/HTB1vjsucBaE3KVjSZLeq6xsSFXas.jpg_200x200.jpg,ByteBuy,Beauty & Personal Care,Beauty & Personal Care,alibaba-beauty
alibaba-beauty-62332677969,High Quality Wholesale Faux Mink M curl Color Volume Lashes Mix Color Individual Eyelash Extension,Category: Beauty & Personal Care.,in stock,new,2.70 USD,,https://bytebuy.store/product/alibaba-beauty-62332677969/,https://sc02.alicdn.com/kf/H0663af2b66e140458f3d6f565aafbfddK.jpg_200x200.jpg,ByteBuy,Beauty & Personal Care,Beauty & Personal Care,alibaba-beauty
alibaba-beauty-62190261744,beauty salon desk lamp facial magnifying glass nail LED lamp working light magnifier table lamp,Category: Beauty & Personal Care.,in stock,new,13.40 USD,,https://bytebuy.store/product/alibaba-beauty-62190261744/,https://sc02.alicdn.com/kf/Hfb5f1573040e4b898a7b52475dc0b3d7v.jpg_200x200.jpg,ByteBuy,Beauty & Personal Care,Beauty & Personal Care,alibaba-beauty
alibaba-beauty-62301288197,MOKERU no side effect ginger black hair shampoo magic 5 minutes natural black hair dye 18 years black hair shampoo manufacture,Category: Beauty & Personal Care.,in stock,new,2.40 USD,,https://bytebuy.store/product/alibaba-beauty-62301288197/,https://sc02.alicdn.com/kf/H9057574cf6af4dca9d3ffd151339a72dF.jpg_200x200.jpg,ByteBuy,Beauty & Personal Care,Beauty & Personal Care,alibaba-beauty
alibaba-beauty-62457497464,OEM ODM Body Cream Skin Whitening Moisturizing Body Lotion Skin Lightening Cream For Anti-Dry,Category: Beauty & Personal Care.,in stock,new,0.78 USD,,https://bytebuy.store/product/alibaba-beauty-62457497464/,https://sc02.alicdn.com/kf/Hce364182e0c749948e9d1f8f7e78526dh.jpg_200x200.jpg,ByteBuy,Beauty & Personal Care,Beauty & Personal Care,alibaba-beauty
alibaba-beauty-62246081082,13*4 13*6 HD lace frontl wig virgin cuticle aligned raw virgin hair wig super thin lace wig from factory,Category: Beauty & Personal Care.,in stock,new,367.00 USD,,https://bytebuy.store/product/alibaba-beauty-62246081082/,https://sc02.alicdn.com/kf/H34e20c6077cc46b68eccbd273ab5d5bcl.jpg_200x200.jpg,ByteBuy,Beauty & Personal Care,Beauty & Personal Care,alibaba-beauty
alibaba-beauty-50046171812,Long-Lasting Waterproof Eyelash Enhancing Liquid Color Eyeliner,Category: Beauty & Personal Care.,in stock,new,10.00 USD,,https://bytebuy.store/product/alibaba-beauty-50046171812/,https://sc02.alicdn.com/kf/UTB8plNVnXfJXKJkSamHq6zLyVXa8.jpg_200x200.jpg,ByteBuy,Beauty & Personal Care,Beauty & Personal Care,alibaba-beauty
alibaba-beauty-60810923847,Empty Mink Eyelashes Box Packing Factory Custom Private Label False Eyelash Packaging Box,Category: Beauty & Personal Care.,in stock,new,2.20 USD,,https://bytebuy.store/product/alibaba-beauty-60810923847/,https://sc02.alicdn.com/kf/HTB15VybXsTxK1Rjy0Fgq6yovpXaH.jpg_200x200.jpg,ByteBuy,Beauty & Personal Care,Beauty & Personal Care,alibaba-beauty
alibaba-beauty-62170149609,OEM Customize waterproof gel eyeliner black magnetic eyeliner gel,Category: Beauty & Personal Care.,in stock,new,2.00 USD,,https://bytebuy.store/product/alibaba-beauty-62170149609/,https://sc02.alicdn.com/kf/H5f8dd6e6253843c6b67c707614b94aecB.jpg_200x200.jpg,ByteBuy,Beauty & Personal Care,Beauty & Personal Care,alibaba-beauty
alibaba-beauty-62036887804,Hot Sale 12A Fuller Straight Virgin Hair 10&#34;-30&#34; Raw Cambodian Straight Human Hair Weave Bundles No Tangle No Shedding Soft,Category: Beauty & Personal Care.,in stock,new,29.00 USD,,https://bytebuy.store/product/alibaba-beauty-62036887804/,https://sc02.alicdn.com/kf/He83e34ea48c448eeaf7e1ebd9313d344Z.jpg_200x200.jpg,ByteBuy,Beauty & Personal Care,Beauty & Personal Care,alibaba-beauty
alibaba-beauty-62479341946,Free Sample Vlasy Virgin 100% Human Hair Wholesale Price Double Drawn Remy Hot Sell Tape in Hair,Category: Beauty & Personal Care.,in stock,new,53.00 USD,,https://bytebuy.store/product/alibaba-beauty-62479341946/,https://sc02.alicdn.com/kf/H49c1a66c8b2542f68e9a510550382fa1Y.jpg_200x200.jpg,ByteBuy,Beauty & Personal Care,Beauty & Personal Care,alibaba-beauty
alibaba-beauty-60725404328,Top Grade 2ml ha dermal filler meso injection cosmetic syringe,Category: Beauty & Personal Care.,in stock,new,30.00 USD,,https://bytebuy.store/product/alibaba-beauty-60725404328/,https://sc02.alicdn.com/kf/HTB1gM3rkxrI8KJjy0Fp7625hVXar.png_200x200.jpg,ByteBuy,Beauty & Personal Care,Beauty & Personal Care,alibaba-beauty
alibaba-beauty-62299488034,Semi-finished wholesale skincare natural herbal acne treatment scar removal face cream,Category: Beauty & Personal Care.,in stock,new,45.32 USD,,https://bytebuy.store/product/alibaba-beauty-62299488034/,https://sc02.alicdn.com/kf/H14c835a8c3cb41f7a0e0d3b8f09f143at.jpg_200x200.jpg,ByteBuy,Beauty & Personal Care,Beauty & Personal Care,alibaba-beauty
alibaba-beauty-62439540648,OEM ODM pure skin care whitening hyaluronic acid face seum organic private label 30ml vitamin c serum face seum,Category: Beauty & Personal Care.,in stock,new,2.15 USD,,https://bytebuy.store/product/alibaba-beauty-62439540648/,https://sc02.alicdn.com/kf/H029ae73a974841c48a54c116fb78291eS.jpg_200x200.jpg,ByteBuy,Beauty & Personal Care,Beauty & Personal Care,alibaba-beauty
alibaba-beauty-62313936621,Mermaid Face Glow in dark temporary tattoo for Carnival Festival,Category: Beauty & Personal Care.,in stock,new,1.50 USD,,https://bytebuy.store/product/alibaba-beauty-62313936621/,https://sc02.alicdn.com/kf/H3e702e975d6c4ffdb33e1c1d14dfe7f3o.jpg_200x200.jpg,ByteBuy,Beauty & Personal Care,Beauty & Personal Care,alibaba-beauty
alibaba-beauty-62373182483,CE ROHS FDA Approved 600000 Flash Face Facial Permanent Handheld Body Bikini IPL Laser Hair Removal For Home Use,Category: Beauty & Personal Care.,in stock,new,35.90 USD,,https://bytebuy.store/product/alibaba-beauty-62373182483/,https://sc02.alicdn.com/kf/Hedbb715abb49415aa52d0eb5e872fd749.jpg_200x200.jpg,ByteBuy,Beauty & Personal Care,Beauty & Personal Care,alibaba-beauty
alibaba-beauty-62075193912,Mink Lashes 3D Mink Eyelashes 100% Cruelty free Lashes Handmade Reusable Natural Eyelashes Popular False Lashes Makeup,Category: Beauty & Personal Care.,in stock,new,1.59 USD,,https://bytebuy.store/product/alibaba-beauty-62075193912/,https://sc02.alicdn.com/kf/HLB15JKwQQvoK1RjSZFwq6AiCFXaE.jpg_200x200.jpg,ByteBuy,Beauty & Personal Care,Beauty & Personal Care,alibaba-beauty
alibaba-beauty-62380272404,Antiseptic Hand Sanitizer with Silicone Holder Liquid Hand Soap Low MOQ,Category: Beauty & Personal Care.,in stock,new,2.28 USD,,https://bytebuy.store/product/alibaba-beauty-62380272404/,https://sc02.alicdn.com/kf/H375423f9f7f94dabb6939b104e8d0debf.jpg_200x200.jpg,ByteBuy,Beauty & Personal Care,Beauty & Personal Care,alibaba-beauty
alibaba-beauty-60761755703,Wholesale magnetic eyelashes 3 magnet custom handmade dual magnetic eyelashes and 3magnet lashes with no MOQ,Category: Beauty & Personal Care.,in stock,new,1.55 USD,,https://bytebuy.store/product/alibaba-beauty-60761755703/,https://sc02.alicdn.com/kf/H47b37e9ad5464d6f86ef68cc23c21689Y.jpg_200x200.jpg,ByteBuy,Beauty & Personal Care,Beauty & Personal Care,alibaba-beauty
alibaba-beauty-62271199466,Electric Microblading Tattoo Machine Pen Wireless Rechargeable semi PMU Permanent Makeup Machine for Eyebrow Lip Eyeline Tattoo,Category: Beauty & Personal Care.,in stock,new,39.00 USD,,https://bytebuy.store/product/alibaba-beauty-62271199466/,https://sc02.alicdn.com/kf/H21d2092f4c5f47f78abb876cfd6115a2i.jpg_200x200.jpg,ByteBuy,Beauty & Personal Care,Beauty & Personal Care,alibaba-beauty
alibaba-beauty-60820815480,Menow E423 Makeup 24 Colors Eyeshadow Palette,Category: Beauty & Personal Care.,in stock,new,22.77 USD,,https://bytebuy.store/product/alibaba-beauty-60820815480/,https://sc02.alicdn.com/kf/HTB1w_hxXZfrK1RjSszcq6xGGFXay.jpg_200x200.jpg,ByteBuy,Beauty & Personal Care,Beauty & Personal Care,alibaba-beauty
alibaba-beauty-62427057885,2020 hot style super popular new women&#39;s perfume 100ml eau DE toilette lasting fresh,Category: Beauty & Personal Care.,in stock,new,4.37 USD,,https://bytebuy.store/product/alibaba-beauty-62427057885/,https://sc02.alicdn.com/kf/Hc7e19922493e463d830f2479c328788bK.jpg_200x200.jpg,ByteBuy,Beauty & Personal Care,Beauty & Personal Care,alibaba-beauty
alibaba-beauty-60729692521,Organic Skin Care Cosmetics Hydro Gel Gold Eye Patch Eye Pads Patches 24k Gold,Category: Beauty & Personal Care.,in stock,new,0.13 USD,,https://bytebuy.store/product/alibaba-beauty-60729692521/,https://sc02.alicdn.com/kf/HTB1eOTbdPgy_uJjSZJnq6zuOXXa2.jpg_200x200.jpg,ByteBuy,Beauty & Personal Care,Beauty & Personal Care,alibaba-beauty
alibaba-beauty-62073456240,Custom private label Magnetic Eyeliner and Lashes No Need Glue waterproof eyeliner Long-lasting and stable magnetic eyeliner,Category: Beauty & Personal Care.,in stock,new,6.00 USD,,https://bytebuy.store/product/alibaba-beauty-62073456240/,https://sc02.alicdn.com/kf/H30d2d98f1ded4cc19483a5d4ae4544eaW.jpg_200x200.jpg,ByteBuy,Beauty & Personal Care,Beauty & Personal Care,alibaba-beauty
alibaba-beauty-60828718294,Factory direct drop shipping makeup brushes,Category: Beauty & Personal Care.,in stock,new,10.00 USD,,https://bytebuy.store/product/alibaba-beauty-60828718294/,https://sc02.alicdn.com/kf/HTB1v6x2acrrK1Rjy1zeq6xalFXaU.jpg_200x200.jpg,ByteBuy,Beauty & Personal Care,Beauty & Personal Care,alibaba-beauty
alibaba-beauty-62176884581,custom logo Gel Magnetic Eyeliner and Liquid Eye Liner for Magnet Lashes,Category: Beauty & Personal Care.,in stock,new,8.90 USD,,https://bytebuy.store/product/alibaba-beauty-62176884581/,https://sc02.alicdn.com/kf/HTB1SMB4d2WG3KVjSZFgq6zTspXa5.jpg_200x200.jpg,ByteBuy,Beauty & Personal Care,Beauty & Personal Care,alibaba-beauty
alibaba-beauty-62242267341,professional makeup Vegan Eyeshadow High pigment private label cruelty free OEM matte shimmer Glitter Eye shadow palette,Category: Beauty & Personal Care.,in stock,new,6.99 USD,,https://bytebuy.store/product/alibaba-beauty-62242267341/,https://sc02.alicdn.com/kf/Heccd3abda9da4a508da049ac5d2f7107M.jpg_200x200.jpg,ByteBuy,Beauty & Personal Care,Beauty & Personal Care,alibaba-beauty
alibaba-beauty-62371827070,Amazon hot sale stainless steel big foot file with PP handle,Category: Beauty & Personal Care.,in stock,new,0.78 USD,,https://bytebuy.store/product/alibaba-beauty-62371827070/,https://sc02.alicdn.com/kf/H62e67d0e8f1f4aa5bd5625b0a04f9940G.jpg_200x200.jpg,ByteBuy,Beauty & Personal Care,Beauty & Personal Care,alibaba-beauty
alibaba-beauty-62421773576,Crystal round box factory direct Christmas promotional products false eyelash box accept customized logo,Category: Beauty & Personal Care.,in stock,new,0.50 USD,,https://bytebuy.store/product/alibaba-beauty-62421773576/,https://sc02.alicdn.com/kf/Hd1da97aaee944976a15deb8d3183e329e.jpg_200x200.jpg,ByteBuy,Beauty & Personal Care,Beauty & Personal Care,alibaba-beauty
alibaba-beauty-60485992782,SPA20 Hydrafacial equipment Dermabrasion Water Oxygen Jet Peel Machine,Category: Beauty & Personal Care.,in stock,new,2100.00 USD,,https://bytebuy.store/product/alibaba-beauty-60485992782/,https://sc02.alicdn.com/kf/HLB12I1UU7voK1RjSZFw763iCFXam.png_200x200.jpg,ByteBuy,Beauty & Personal Care,Beauty & Personal Care,alibaba-beauty
alibaba-beauty-60224300517,Mini RF Micro Needle Non Surgical Instant Face Lift Machine,Category: Beauty & Personal Care.,in stock,new,26.00 USD,,https://bytebuy.store/product/alibaba-beauty-60224300517/,https://sc02.alicdn.com/kf/H690d749d57734b2796fc277151c73629S.jpg_200x200.jpg,ByteBuy,Beauty & Personal Care,Beauty & Personal Care,alibaba-beauty
alibaba-beauty-62258347915,Ultrasonic and RF fatty lose body slimming cavitation machine,Category: Beauty & Personal Care.,in stock,new,757.00 USD,,https://bytebuy.store/product/alibaba-beauty-62258347915/,https://sc02.alicdn.com/kf/H74eb6e69dc2042298d5d9c52fc98b121q.jpg_200x200.jpg,ByteBuy,Beauty & Personal Care,Beauty & Personal Care,alibaba-beauty
alibaba-beauty-60837187325,"Brazilian virgin 360 lace frontal men wig,african braided wigs for black women,deep curl free lace wig samples",Category: Beauty & Personal Care.,in stock,new,245.00 USD,,https://bytebuy.store/product/alibaba-beauty-60837187325/,https://sc02.alicdn.com/kf/HTB1usyLayDxK1Rjy1zcq6yGeXXa0.jpg_200x200.jpg,ByteBuy,Beauty & Personal Care,Beauty & Personal Care,alibaba-beauty
alibaba-beauty-62043802199,Hot Sexy Colors Lip Paint moisturizing lasting lipstick cosmetics vegan matte liquid lipstick,Category: Beauty & Personal Care.,in stock,new,2.00 USD,,https://bytebuy.store/product/alibaba-beauty-62043802199/,https://sc02.alicdn.com/kf/HTB1dJd2NhTpK1RjSZFMq6zG_VXax.jpg_200x200.jpg,ByteBuy,Beauty & Personal Care,Beauty & Personal Care,alibaba-beauty
alibaba-beauty-62161894307,best price raw virgin machine double weft natural black weavons human hair,Category: Beauty & Personal Care.,in stock,new,96.90 USD,,https://bytebuy.store/product/alibaba-beauty-62161894307/,https://sc02.alicdn.com/kf/HTB1MoqrbAxz61VjSZFtq6yDSVXax.jpg_200x200.jpg,ByteBuy,Beauty & Personal Care,Beauty & Personal Care,alibaba-beauty
alibaba-beauty-62195854256,20pcs make up brushes custom logo diamond Eye shadow makeup brush set,Category: Beauty & Personal Care.,in stock,new,2.00 USD,,https://bytebuy.store/product/alibaba-beauty-62195854256/,https://sc02.alicdn.com/kf/HTB1YQRDXbj1gK0jSZFOq6A7GpXaU.jpg_200x200.jpg,ByteBuy,Beauty & Personal Care,Beauty & Personal Care,alibaba-beauty
alibaba-beauty-62023524772,Customized Straight Shaving Set Men System Adjustable Black Handle Cartridge Refill Shave 5 Blade Razor,Category: Beauty & Personal Care.,in stock,new,11.70 USD,,https://bytebuy.store/product/alibaba-beauty-62023524772/,https://sc02.alicdn.com/kf/HTB1j8p6JZfpK1RjSZFOq6y6nFXaH.jpg_200x200.jpg,ByteBuy,Beauty & Personal Care,Beauty & Personal Care,alibaba-beauty
alibaba-beauty-60435207721,Korea cosmetic prefilled syringe ha hyaluronic acid buy injectable dermal filler,Category: Beauty & Personal Care.,in stock,new,33.25 USD,,https://bytebuy.store/product/alibaba-beauty-60435207721/,https://sc02.alicdn.com/kf/HTB1knWRbcfrK1Rjy0Fm760hEXXaz.png_200x200.jpg,ByteBuy,Beauty & Personal Care,Beauty & Personal Care,alibaba-beauty
alibaba-beauty-62338826519,Private label fashion beauty cosmetics waterproof matte liquid lipstick custom makeup lip gloss,Category: Beauty & Personal Care.,in stock,new,1.79 USD,,https://bytebuy.store/product/alibaba-beauty-62338826519/,https://sc02.alicdn.com/kf/H8b8dcd970fc6463da814ffadbc489796f.jpg_200x200.jpg,ByteBuy,Beauty & Personal Care,Beauty & Personal Care,alibaba-beauty
alibaba-beauty-62412689443,Highknight 13*6 613 Color Pixie Lace Wig Pixie Cut Human Hair Lace Wigs For Black Women,Category: Beauty & Personal Care.,in stock,new,68.00 USD,,https://bytebuy.store/product/alibaba-beauty-62412689443/,https://sc02.alicdn.com/kf/H736ba51c797448d0a29b0d1bdc56429c9.jpg_200x200.jpg,ByteBuy,Beauty & Personal Care,Beauty & Personal Care,alibaba-beauty
alibaba-beauty-62123083536,Handmade private label natural makeup 3d real mink eyelashes vendor,Category: Beauty & Personal Care.,in stock,new,2.50 USD,,https://bytebuy.store/product/alibaba-beauty-62123083536/,https://sc02.alicdn.com/kf/Hb6d33fca57884cb6975e22ecf79adc1aV.jpg_200x200.jpg,ByteBuy,Beauty & Personal Care,Beauty & Personal Care,alibaba-beauty
alibaba-beauty-62021741399,Dual ended 5 colors crystal beads handle multifunctional nails dotting wax pen rhinestones studs picker nail dotting wax pen,Category: Beauty & Personal Care.,in stock,new,1.40 USD,,https://bytebuy.store/product/alibaba-beauty-62021741399/,https://sc02.alicdn.com/kf/Hc9f9503296044ab891f1824da011a47bL.jpg_200x200.jpg,ByteBuy,Beauty & Personal Care,Beauty & Personal Care,alibaba-beauty
alibaba-beauty-857752593,Nail gel soak off 3 in 1 UV gel New generation,Category: Beauty & Personal Care.,in stock,new,1.25 USD,,https://bytebuy.store/product/alibaba-beauty-857752593/,https://sc02.alicdn.com/kf/H19e087d84cb4476ebf27086832fbacefh.png_200x200.jpg,ByteBuy,Beauty & Personal Care,Beauty & Personal Care,alibaba-beauty
alibaba-beauty-62389620426,Wholesale cosmetics oem cruelty free lipliner waterproof no logo lip liner,Category: Beauty & Personal Care.,in stock,new,1.50 USD,,https://bytebuy.store/product/alibaba-beauty-62389620426/,https://sc02.alicdn.com/kf/Hcaa975af32904af2804b3b14cded753eo.jpg_200x200.jpg,ByteBuy,Beauty & Personal Care,Beauty & Personal Care,alibaba-beauty
alibaba-beauty-790821925,Salon use laser diodo 810 nm / 808nm laser diode hair removal machine permanent certification en 60601 60825 FDA Medical CE,Category: Beauty & Personal Care.,in stock,new,2750.00 USD,,https://bytebuy.store/product/alibaba-beauty-790821925/,https://sc02.alicdn.com/kf/HTB1eqSFaTHuK1RkSndV760VwpXaO.png_200x200.jpg,ByteBuy,Beauty & Personal Care,Beauty & Personal Care,alibaba-beauty
alibaba-beauty-62474913968,New product ideas 2020 wrinkle face injection /wrinkle injection / botulax 100,Category: Beauty & Personal Care.,in stock,new,85.00 USD,,https://bytebuy.store/product/alibaba-beauty-62474913968/,https://sc02.alicdn.com/kf/Hfcd3813959184cd6aa57e4476afbdb52F.jpg_200x200.jpg,ByteBuy,Beauty & Personal Care,Beauty & Personal Care,alibaba-beauty
alibaba-beauty-62361093715,30g Cuticle Aligned Raw Chinese Hair free sample,Category: Beauty & Personal Care.,in stock,new,0.50 USD,,https://bytebuy.store/product/alibaba-beauty-62361093715/,https://sc02.alicdn.com/kf/H306e841a44d546b7930f4cb7cb53697dL.jpg_200x200.jpg,ByteBuy,Beauty & Personal Care,Beauty & Personal Care,alibaba-beauty
alibaba-beauty-62248980486,Hair Removal Inhibitor Oil Permanent Depilatory Armpit Beard Legs Pubic Bikini Hair For Body Face Hair Removal,Category: Beauty & Personal Care.,in stock,new,2.10 USD,,https://bytebuy.store/product/alibaba-beauty-62248980486/,https://sc02.alicdn.com/kf/Hfb4bae015ec342a89e2b0f46e6a11c27w.png_200x200.jpg,ByteBuy,Beauty & Personal Care,Beauty & Personal Care,alibaba-beauty
alibaba-beauty-62031573902,"100% Human hair Pixie cut finger wave curly brown wig ,short human hair wig for black women",Category: Beauty & Personal Care.,in stock,new,37.40 USD,,https://bytebuy.store/product/alibaba-beauty-62031573902/,https://sc02.alicdn.com/kf/HTB1.bCLLCzqK1RjSZFLq6An2XXa0.jpg_200x200.jpg,ByteBuy,Beauty & Personal Care,Beauty & Personal Care,alibaba-beauty
alibaba-beauty-62032723407,2019 new arrival guangzhou Floatation Floating Spa Capsule Pod/tank,Category: Beauty & Personal Care.,in stock,new,3399.00 USD,,https://bytebuy.store/product/alibaba-beauty-62032723407/,https://sc02.alicdn.com/kf/He1683f453103437595fbdd3ad7fc1ae9H.jpg_200x200.jpg,ByteBuy,Beauty & Personal Care,Beauty & Personal Care,alibaba-beauty
alibaba-beauty-62306448503,Professional teardrop gourd shape Beauty accessories cosmetic 3d silicone makeup puff,Category: Beauty & Personal Care.,in stock,new,0.80 USD,,https://bytebuy.store/product/alibaba-beauty-62306448503/,https://sc02.alicdn.com/kf/Heeaafeda11da46af9e3eeb44a7b26797Y.jpg_200x200.jpg,ByteBuy,Beauty & Personal Care,Beauty & Personal Care,alibaba-beauty
alibaba-beauty-62031096574,OEM Pomegranate fresh face skin care set moisturizing smooth tender face care,Category: Beauty & Personal Care.,in stock,new,5.80 USD,,https://bytebuy.store/product/alibaba-beauty-62031096574/,https://sc02.alicdn.com/kf/HTB1jQuyLq6qK1RjSZFmq6x0PFXal.jpg_200x200.jpg,ByteBuy,Beauty & Personal Care,Beauty & Personal Care,alibaba-beauty
alibaba-beauty-62385914744,Double facial modified high light bar contour stick makeup,Category: Beauty & Personal Care.,in stock,new,1.58 USD,,https://bytebuy.store/product/alibaba-beauty-62385914744/,https://sc02.alicdn.com/kf/Ha13d1504f8664343bd12b7919da52fd3z.jpg_200x200.jpg,ByteBuy,Beauty & Personal Care,Beauty & Personal Care,alibaba-beauty
alibaba-beauty-62141741282,Dual system Laser hair and tattoo removal machine 2 in 1 medical q switch nd yag laser 808nm diode laser hair tattoo remover,Category: Beauty & Personal Care.,in stock,new,5000.00 USD,,https://bytebuy.store/product/alibaba-beauty-62141741282/,https://sc02.alicdn.com/kf/H88288dbefc8f4840a8247c29e63c5ef8V.jpg_200x200.jpg,ByteBuy,Beauty & Personal Care,Beauty & Personal Care,alibaba-beauty
alibaba-beauty-62367684465,Body Spray Perfume Underarm Natural Antiperspirant Deodorant Spray,Category: Beauty & Personal Care.,in stock,new,1.90 USD,,https://bytebuy.store/product/alibaba-beauty-62367684465/,https://sc02.alicdn.com/kf/H995d2519bc9742fab743c951559c9f09c.jpg_200x200.jpg,ByteBuy,Beauty & Personal Care,Beauty & Personal Care,alibaba-beauty
alibaba-beauty-62263227014,Professional Salon Use Herbal Hair Mask Best Moroccan Argan Oil Treatment Cream For Dry Hair,Category: Beauty & Personal Care.,in stock,new,2.65 USD,,https://bytebuy.store/product/alibaba-beauty-62263227014/,https://sc02.alicdn.com/kf/H75437527c4b6429a8772eb2344cf394cb.jpg_200x200.jpg,ByteBuy,Beauty & Personal Care,Beauty & Personal Care,alibaba-beauty
alibaba-beauty-60538736829,100ml Ammonia Free Best Hair Color For Highlights German Hair Coloring Cream organic permanent hair color dye for women,Category: Beauty & Personal Care.,in stock,new,0.80 USD,,https://bytebuy.store/product/alibaba-beauty-60538736829/,https://sc02.alicdn.com/kf/Haeaad0220f7b4505af007056f245ff3ep.jpg_200x200.jpg,ByteBuy,Beauty & Personal Care,Beauty & Personal Care,alibaba-beauty
alibaba-beauty-62104274725,2019 Amazon Top Selling Blue Light Therapy Acne Laser Pen Soft Scar Wrinkle Removal Varicose pen Treatment Device Factory Price,Category: Beauty & Personal Care.,in stock,new,6.00 USD,,https://bytebuy.store/product/alibaba-beauty-62104274725/,https://sc02.alicdn.com/kf/HLB1tGIyUxTpK1RjSZFKq6y2wXXaB.jpg_200x200.jpg,ByteBuy,Beauty & Personal Care,Beauty & Personal Care,alibaba-beauty
alibaba-beauty-62184055745,Mytbeauty Wholesale Custom Fluffy 100% Handmade Real 5D Mink Eyelash Extra Long Mink Lashes 5D Mink Eyelashes 25Mm Eyelashes,Category: Beauty & Personal Care.,in stock,new,5.50 USD,,https://bytebuy.store/product/alibaba-beauty-62184055745/,https://sc02.alicdn.com/kf/H816f4b483471421d96786ca2fe470c2f3.jpg_200x200.jpg,ByteBuy,Beauty & Personal Care,Beauty & Personal Care,alibaba-beauty
alibaba-beauty-62008361067,2020 Ocean star 2ml derm filler hyaluronic acid,Category: Beauty & Personal Care.,in stock,new,38.00 USD,,https://bytebuy.store/product/alibaba-beauty-62008361067/,https://sc02.alicdn.com/kf/HTB1OxLaa5DxK1RjSsphq6zHrpXaZ.jpg_200x200.jpg,ByteBuy,Beauty & Personal Care,Beauty & Personal Care,alibaba-beauty
alibaba-beauty-62050111821,Gold Tube Magic Temperature Color Change Jelly Clear Transparent Flowers LipstickNice Face Make Up Lipstick,Category: Beauty & Personal Care.,in stock,new,1.80 USD,,https://bytebuy.store/product/alibaba-beauty-62050111821/,https://sc02.alicdn.com/kf/HTB1RMxYNYrpK1RjSZTEq6AWAVXa8.jpg_200x200.jpg,ByteBuy,Beauty & Personal Care,Beauty & Personal Care,alibaba-beauty
alibaba-beauty-62063355127,Private Label Wholesale Lipgloss Custom Logo Lip gloss Vendor Custom,Category: Beauty & Personal Care.,in stock,new,0.20 USD,,https://bytebuy.store/product/alibaba-beauty-62063355127/,https://sc02.alicdn.com/kf/HTB1PAL5PmzqK1RjSZPxq6A4tVXa8.jpg_200x200.jpg,ByteBuy,Beauty & Personal Care,Beauty & Personal Care,alibaba-beauty
alibaba-jewelry-62351184251,Fashion Temperature Control Color Change Butterfly Pendant Necklace Stainless Steel Chain Necklaces for Women,"Category: Timepieces, Jewelry, Eyewear.",in stock,new,2.60 USD,,https://bytebuy.store/product/alibaba-jewelry-62351184251/,https://sc02.alicdn.com/kf/H2bff6f20dc964efb95d245c78d098f6cE.jpg_200x200.jpg,ByteBuy,"Timepieces, Jewelry, Eyewear","Timepieces, Jewelry, Eyewear",alibaba-jewelry
alibaba-jewelry-60571212859,B66022001 xuping dubai gold jewelry zircon charm bracelet for women,"Category: Timepieces, Jewelry, Eyewear.",in stock,new,3.80 USD,,https://bytebuy.store/product/alibaba-jewelry-60571212859/,https://sc02.alicdn.com/kf/HTB1hnV3OkvoK1RjSZFNq6AxMVXaE.jpg_200x200.jpg,ByteBuy,"Timepieces, Jewelry, Eyewear","Timepieces, Jewelry, Eyewear",alibaba-jewelry
alibaba-jewelry-62464524002,MOJIXING Heart Rate Monitor Bt call wrist smart watch W34 smart watch w34 bluetooths smart watch appled,"Category: Timepieces, Jewelry, Eyewear.",in stock,new,0.10 USD,,https://bytebuy.store/product/alibaba-jewelry-62464524002/,https://sc02.alicdn.com/kf/H0b1a6098523b4b4c8d77fe02c7752e2cd.jpg_200x200.jpg,ByteBuy,"Timepieces, Jewelry, Eyewear","Timepieces, Jewelry, Eyewear",alibaba-jewelry
alibaba-jewelry-60832870561,Can Open Bullet Pendant for Men Necklace 20&#34; Chain Stainless Steel Vintage Three Color Stylish Male Jewelry,"Category: Timepieces, Jewelry, Eyewear.",in stock,new,1.33 USD,,https://bytebuy.store/product/alibaba-jewelry-60832870561/,https://sc02.alicdn.com/kf/HTB1C8soadfvK1RjSspoq6zfNpXaM.jpg_200x200.jpg,ByteBuy,"Timepieces, Jewelry, Eyewear","Timepieces, Jewelry, Eyewear",alibaba-jewelry
alibaba-jewelry-62315642527,IIK Watches Men Fashion Watch Rose Bezel Water Resistant Oem Watch Black Men,"Category: Timepieces, Jewelry, Eyewear.",in stock,new,4.80 USD,,https://bytebuy.store/product/alibaba-jewelry-62315642527/,https://sc02.alicdn.com/kf/Hf4bb1544b0cc4243897b2d96b9ae70ffT.jpg_200x200.jpg,ByteBuy,"Timepieces, Jewelry, Eyewear","Timepieces, Jewelry, Eyewear",alibaba-jewelry
alibaba-jewelry-62376286019,Hot selling European and American alloy drop oil bracelet Turkish blue eye bracelet plating alloy bracelet,"Category: Timepieces, Jewelry, Eyewear.",in stock,new,1.00 USD,,https://bytebuy.store/product/alibaba-jewelry-62376286019/,https://sc02.alicdn.com/kf/Hd5f2dbe10f414c45900bec38e2e11782S.jpg_200x200.jpg,ByteBuy,"Timepieces, Jewelry, Eyewear","Timepieces, Jewelry, Eyewear",alibaba-jewelry
alibaba-jewelry-62297126807,S925 sterling silver needle a week earrings female temperament Korea personality simple creative stud earrings set birthday gift,"Category: Timepieces, Jewelry, Eyewear.",in stock,new,4.80 USD,,https://bytebuy.store/product/alibaba-jewelry-62297126807/,https://sc02.alicdn.com/kf/H17836060d01e46bcb9549c79c5307a48g.jpg_200x200.jpg,ByteBuy,"Timepieces, Jewelry, Eyewear","Timepieces, Jewelry, Eyewear",alibaba-jewelry
alibaba-jewelry-62139922098,Rhinestone butterfly and heart anklets foot body Jewelry for women,"Category: Timepieces, Jewelry, Eyewear.",in stock,new,3.20 USD,,https://bytebuy.store/product/alibaba-jewelry-62139922098/,https://sc02.alicdn.com/kf/HTB1WDvWXAxz61VjSZFtq6yDSVXau.jpg_200x200.jpg,ByteBuy,"Timepieces, Jewelry, Eyewear","Timepieces, Jewelry, Eyewear",alibaba-jewelry
alibaba-jewelry-62388974426,New wholesale custom handmade soft glasses eyewear case sunglasses set,"Category: Timepieces, Jewelry, Eyewear.",in stock,new,60.00 USD,,https://bytebuy.store/product/alibaba-jewelry-62388974426/,https://sc02.alicdn.com/kf/H48b676e014d54ebf90766ad04233b5e3r.jpg_200x200.jpg,ByteBuy,"Timepieces, Jewelry, Eyewear","Timepieces, Jewelry, Eyewear",alibaba-jewelry
alibaba-jewelry-62308735585,Modalen Simple Cheap Rhinestone Heart Necklace Stainless Gold Jewelry Set,"Category: Timepieces, Jewelry, Eyewear.",in stock,new,2.90 USD,,https://bytebuy.store/product/alibaba-jewelry-62308735585/,https://sc02.alicdn.com/kf/H215855e5d04d46d18214a97bf7a9da45W.jpg_200x200.jpg,ByteBuy,"Timepieces, Jewelry, Eyewear","Timepieces, Jewelry, Eyewear",alibaba-jewelry
alibaba-jewelry-60821183073,Hotsale Unique silver alloy Bangle Bracelets Bible Verse Wrist Band for Christian jewelry,"Category: Timepieces, Jewelry, Eyewear.",in stock,new,0.64 USD,,https://bytebuy.store/product/alibaba-jewelry-60821183073/,https://sc02.alicdn.com/kf/HTB13r6SqkPoK1RjSZKbq6x1IXXal.jpg_200x200.jpg,ByteBuy,"Timepieces, Jewelry, Eyewear","Timepieces, Jewelry, Eyewear",alibaba-jewelry
alibaba-jewelry-62335896661,Megir 2053 Male Silicone Wristwatch Date Quartz Multi-function Chronograph Military Sport Watches,"Category: Timepieces, Jewelry, Eyewear.",in stock,new,13.80 USD,,https://bytebuy.store/product/alibaba-jewelry-62335896661/,https://sc02.alicdn.com/kf/H1926b7cdead4430a8709239e6eba1a6bZ.jpg_200x200.jpg,ByteBuy,"Timepieces, Jewelry, Eyewear","Timepieces, Jewelry, Eyewear",alibaba-jewelry
alibaba-jewelry-60830314125,10mm Main stone jewelry Rings18k 14k Yellow Gold Engagement ring,"Category: Timepieces, Jewelry, Eyewear.",in stock,new,390.00 USD,,https://bytebuy.store/product/alibaba-jewelry-60830314125/,https://sc02.alicdn.com/kf/HTB1a9Ieac_vK1RkSmRyq6xwupXaM.jpg_200x200.jpg,ByteBuy,"Timepieces, Jewelry, Eyewear","Timepieces, Jewelry, Eyewear",alibaba-jewelry
alibaba-jewelry-60601292097,Mantra Band Personalized Rose Gold Plated Stainless Steel Custom Engraved Cuff Bracelet Charm Bangle,"Category: Timepieces, Jewelry, Eyewear.",in stock,new,2.56 USD,,https://bytebuy.store/product/alibaba-jewelry-60601292097/,https://sc02.alicdn.com/kf/HTB1BA6DoCBYBeNjy0Feq6znmFXae.jpg_200x200.jpg,ByteBuy,"Timepieces, Jewelry, Eyewear","Timepieces, Jewelry, Eyewear",alibaba-jewelry
alibaba-jewelry-62330883074,JZ11 Balry Jewelry new classic 1 carat 6 claw moissanite ring luxury S925 silver jewelry sparkling wedding diamond ring women,"Category: Timepieces, Jewelry, Eyewear.",in stock,new,10.00 USD,,https://bytebuy.store/product/alibaba-jewelry-62330883074/,https://sc02.alicdn.com/kf/U81918f938e0944ae9e8a54d73fae2bf8Y.jpg_200x200.jpg,ByteBuy,"Timepieces, Jewelry, Eyewear","Timepieces, Jewelry, Eyewear",alibaba-jewelry
alibaba-jewelry-60853863276,Xiaomi Huami Amazfit Stratos 2 English Version Smart Watch With GPS PPG Heart Rate Monitor 5ATM Waterproof Sports Smartwatch,"Category: Timepieces, Jewelry, Eyewear.",in stock,new,149.00 USD,,https://bytebuy.store/product/alibaba-jewelry-60853863276/,https://sc02.alicdn.com/kf/HTB1yxx6X5jrK1RjSsplq6xHmVXaw.jpg_200x200.jpg,ByteBuy,"Timepieces, Jewelry, Eyewear","Timepieces, Jewelry, Eyewear",alibaba-jewelry
alibaba-jewelry-62032632639,Body Piercing heart shaped zirconia Belly Button Rings purple women Navel Rings,"Category: Timepieces, Jewelry, Eyewear.",in stock,new,1.00 USD,,https://bytebuy.store/product/alibaba-jewelry-62032632639/,https://sc02.alicdn.com/kf/HTB1EG3TXYus3KVjSZKb760qkFXag.png_200x200.jpg,ByteBuy,"Timepieces, Jewelry, Eyewear","Timepieces, Jewelry, Eyewear",alibaba-jewelry
alibaba-jewelry-62144753543,Large costume jewelry crystal and big pearl bead necklace,"Category: Timepieces, Jewelry, Eyewear.",in stock,new,8.50 USD,,https://bytebuy.store/product/alibaba-jewelry-62144753543/,https://sc02.alicdn.com/kf/HTB1lYhhbBCw3KVjSZFuq6AAOpXai.jpg_200x200.jpg,ByteBuy,"Timepieces, Jewelry, Eyewear","Timepieces, Jewelry, Eyewear",alibaba-jewelry
alibaba-jewelry-62148432470,19232 Superhot Eyewear 2019 New Sun glasses Vintage Half Frame Sunglasses,"Category: Timepieces, Jewelry, Eyewear.",in stock,new,2.80 USD,,https://bytebuy.store/product/alibaba-jewelry-62148432470/,https://sc02.alicdn.com/kf/HTB16_LZbv1H3KVjSZFBq6zSMXXaA.jpg_200x200.jpg,ByteBuy,"Timepieces, Jewelry, Eyewear","Timepieces, Jewelry, Eyewear",alibaba-jewelry
alibaba-jewelry-62284656318,LOZRUNVE Cubic Zirconia Stone Love Heart Eternity Band Ring Sterling Silver 925,"Category: Timepieces, Jewelry, Eyewear.",in stock,new,0.74 USD,,https://bytebuy.store/product/alibaba-jewelry-62284656318/,https://sc02.alicdn.com/kf/Ha0b536ca75ec45039a269022ebd63d38k.jpg_200x200.jpg,ByteBuy,"Timepieces, Jewelry, Eyewear","Timepieces, Jewelry, Eyewear",alibaba-jewelry
alibaba-jewelry-62247401304,DIY Customized Logo Jewelry My Letter Vertical Pendant Stainless Steel Custom Gold Personalized Name Plate Necklace,"Category: Timepieces, Jewelry, Eyewear.",in stock,new,5.70 USD,,https://bytebuy.store/product/alibaba-jewelry-62247401304/,https://sc02.alicdn.com/kf/H9fac38062d184abab51b112d65fd8d770.png_200x200.jpg,ByteBuy,"Timepieces, Jewelry, Eyewear","Timepieces, Jewelry, Eyewear",alibaba-jewelry
alibaba-jewelry-62160523903,3-6MM Silver Tone Snake Cocoon Curb Link Flat Box Wheat Chains Stainless Steel Men Necklace Choker Jewelry 24 inch,"Category: Timepieces, Jewelry, Eyewear.",in stock,new,2.87 USD,,https://bytebuy.store/product/alibaba-jewelry-62160523903/,https://sc02.alicdn.com/kf/HTB1JcxacUGF3KVjSZFmq6zqPXXaL.jpg_200x200.jpg,ByteBuy,"Timepieces, Jewelry, Eyewear","Timepieces, Jewelry, Eyewear",alibaba-jewelry
alibaba-jewelry-62168469827,Cat-eye brand women sun shade glass 2019 fashionable sunglasses hot sell well in USA,"Category: Timepieces, Jewelry, Eyewear.",in stock,new,3.00 USD,,https://bytebuy.store/product/alibaba-jewelry-62168469827/,https://sc02.alicdn.com/kf/HTB1ioOhdoKF3KVjSZFEq6xExFXa8.jpg_200x200.jpg,ByteBuy,"Timepieces, Jewelry, Eyewear","Timepieces, Jewelry, Eyewear",alibaba-jewelry
alibaba-jewelry-62166053281,2019 New 925 Sterling Silver Jewelry Blue Zircon Fashion Charm Minimalist Jewelry Woman Earrings Ring Set,"Category: Timepieces, Jewelry, Eyewear.",in stock,new,8.17 USD,,https://bytebuy.store/product/alibaba-jewelry-62166053281/,https://sc02.alicdn.com/kf/HTB1Gz60c.GF3KVjSZFvq6z_nXXaP.jpg_200x200.jpg,ByteBuy,"Timepieces, Jewelry, Eyewear","Timepieces, Jewelry, Eyewear",alibaba-jewelry
alibaba-jewelry-62012431897,New Style Dainty Heartbeat Stethoscope Cuff Bracelet Gift for Nurse Doctor Medical Student,"Category: Timepieces, Jewelry, Eyewear.",in stock,new,5.00 USD,,https://bytebuy.store/product/alibaba-jewelry-62012431897/,https://sc02.alicdn.com/kf/HTB1I_vfbcfrK1RkSnb4q6xHRFXaR.jpg_200x200.jpg,ByteBuy,"Timepieces, Jewelry, Eyewear","Timepieces, Jewelry, Eyewear",alibaba-jewelry
alibaba-jewelry-60702482565,N70728005 Xuping cute bear luxury heart newest designs fancy crystals from Swarovski pendant necklace jewelry,"Category: Timepieces, Jewelry, Eyewear.",in stock,new,8.00 USD,,https://bytebuy.store/product/alibaba-jewelry-60702482565/,https://sc02.alicdn.com/kf/HTB17JPVas_vK1Rjy0Foq6xIxVXas.jpg_200x200.jpg,ByteBuy,"Timepieces, Jewelry, Eyewear","Timepieces, Jewelry, Eyewear",alibaba-jewelry
alibaba-jewelry-62306796026,2019 Custom 3mm Pink Diamond Tennis Necklace,"Category: Timepieces, Jewelry, Eyewear.",in stock,new,4.88 USD,,https://bytebuy.store/product/alibaba-jewelry-62306796026/,https://sc02.alicdn.com/kf/H83f7964ab2ec4b03ab1fbe7009ed85953.png_200x200.jpg,ByteBuy,"Timepieces, Jewelry, Eyewear","Timepieces, Jewelry, Eyewear",alibaba-jewelry
alibaba-jewelry-60839901478,New Science Quantum Bracelet His And Hers Couple Bracelets Bangle For Lovers,"Category: Timepieces, Jewelry, Eyewear.",in stock,new,0.48 USD,,https://bytebuy.store/product/alibaba-jewelry-60839901478/,https://sc02.alicdn.com/kf/HTB1cDswayfrK1RjSspbq6A4pFXa7.jpg_200x200.jpg,ByteBuy,"Timepieces, Jewelry, Eyewear","Timepieces, Jewelry, Eyewear",alibaba-jewelry
alibaba-jewelry-60712001073,2018 Fashion Wholesale Bangle Cheap Diamond Bracelet Jewelry,"Category: Timepieces, Jewelry, Eyewear.",in stock,new,1.12 USD,,https://bytebuy.store/product/alibaba-jewelry-60712001073/,https://sc02.alicdn.com/kf/HTB1qfEcJXuWBuNjSszbq6AS7FXa5.jpg_200x200.jpg,ByteBuy,"Timepieces, Jewelry, Eyewear","Timepieces, Jewelry, Eyewear",alibaba-jewelry
alibaba-jewelry-62432690494,158 Digital Watch Digital Hand Watch Band Wholesale China Watches,"Category: Timepieces, Jewelry, Eyewear.",in stock,new,2.84 USD,,https://bytebuy.store/product/alibaba-jewelry-62432690494/,https://sc02.alicdn.com/kf/H0f7f502e0a824583a4579281f8bc3aad8.png_200x200.jpg,ByteBuy,"Timepieces, Jewelry, Eyewear","Timepieces, Jewelry, Eyewear",alibaba-jewelry
alibaba-jewelry-62174028302,CM94 Elegant Ladies Fashion drop hook freshwater pearl earrings 925 sterling silver jewelry,"Category: Timepieces, Jewelry, Eyewear.",in stock,new,1.88 USD,,https://bytebuy.store/product/alibaba-jewelry-62174028302/,https://sc02.alicdn.com/kf/HTB1oAsGdEKF3KVjSZFEq6xExFXaE.jpg_200x200.jpg,ByteBuy,"Timepieces, Jewelry, Eyewear","Timepieces, Jewelry, Eyewear",alibaba-jewelry
alibaba-jewelry-62435251530,Gold Plated CZ Pave Brass Alphabet Letter Cube Beads,"Category: Timepieces, Jewelry, Eyewear.",in stock,new,1.25 USD,,https://bytebuy.store/product/alibaba-jewelry-62435251530/,https://sc02.alicdn.com/kf/H314d18d4673f4679a03326e3adda7107N.jpg_200x200.jpg,ByteBuy,"Timepieces, Jewelry, Eyewear","Timepieces, Jewelry, Eyewear",alibaba-jewelry
alibaba-jewelry-60814998901,Good Quality Personalized Sublimation Woven Fabric Slap Bracelet Blanks With Logo Custom,"Category: Timepieces, Jewelry, Eyewear.",in stock,new,0.16 USD,,https://bytebuy.store/product/alibaba-jewelry-60814998901/,https://sc02.alicdn.com/kf/HTB1uPSiaEGF3KVjSZFmq6zqPXXa9.jpg_200x200.jpg,ByteBuy,"Timepieces, Jewelry, Eyewear","Timepieces, Jewelry, Eyewear",alibaba-jewelry
alibaba-jewelry-62303585108,CURREN 8360 Luxury Men Watch Brand Stainless Steel Mens Watches Chronograph Quartz Watch Men Sports Date Clock Relogio Masculino,"Category: Timepieces, Jewelry, Eyewear.",in stock,new,11.25 USD,,https://bytebuy.store/product/alibaba-jewelry-62303585108/,https://sc02.alicdn.com/kf/H8e4d6748babb44ff905ba5d5ff34b09fC.jpg_200x200.jpg,ByteBuy,"Timepieces, Jewelry, Eyewear","Timepieces, Jewelry, Eyewear",alibaba-jewelry
alibaba-jewelry-62272279387,Africa Hip Hop 18k Gold Cursive Letters Custom Name CZ Bling Letter Pendant with Necklace initial letter pendant necklace,"Category: Timepieces, Jewelry, Eyewear.",in stock,new,26.50 USD,,https://bytebuy.store/product/alibaba-jewelry-62272279387/,https://sc02.alicdn.com/kf/Ha0a868d5c8e34e3183fa219516626a38O.jpg_200x200.jpg,ByteBuy,"Timepieces, Jewelry, Eyewear","Timepieces, Jewelry, Eyewear",alibaba-jewelry
alibaba-jewelry-62238962714,DUBERY Cheap Men&#39;s Camouflage Sport Glasses Polarized Night Vision Sunglasses Men&#39;s Retro Male Sun Glass For Men UV400 Shades,"Category: Timepieces, Jewelry, Eyewear.",in stock,new,4.29 USD,,https://bytebuy.store/product/alibaba-jewelry-62238962714/,https://sc02.alicdn.com/kf/H875ea33da4de41eea3a14f16b32d8898T.jpg_200x200.jpg,ByteBuy,"Timepieces, Jewelry, Eyewear","Timepieces, Jewelry, Eyewear",alibaba-jewelry
alibaba-jewelry-62321272827,Tiger Eye 8mm Beads Virgin Mary Religious Natural Stone Chain Necklace Catholic Rosary with Box,"Category: Timepieces, Jewelry, Eyewear.",in stock,new,6.00 USD,,https://bytebuy.store/product/alibaba-jewelry-62321272827/,https://sc02.alicdn.com/kf/H8081b0de03a54e99b15c2e58e730dad13.jpg_200x200.jpg,ByteBuy,"Timepieces, Jewelry, Eyewear","Timepieces, Jewelry, Eyewear",alibaba-jewelry
alibaba-jewelry-62358855019,Digital Display Rotary Tumbler Jewelry Surface Polisher Medium Type Finisher Polishing Machine Finishing Machine,"Category: Timepieces, Jewelry, Eyewear.",in stock,new,39.00 USD,,https://bytebuy.store/product/alibaba-jewelry-62358855019/,https://sc02.alicdn.com/kf/He07f16a51e66418f97c259bbb02a170cb.jpg_200x200.jpg,ByteBuy,"Timepieces, Jewelry, Eyewear","Timepieces, Jewelry, Eyewear",alibaba-jewelry
alibaba-jewelry-60791131582,Fashion Gold Plated Collar Necklace Pendant Torque Choker Long Box Tassel Bib Statement Necklace Geometric Jewelry,"Category: Timepieces, Jewelry, Eyewear.",in stock,new,1.99 USD,,https://bytebuy.store/product/alibaba-jewelry-60791131582/,https://sc02.alicdn.com/kf/HTB1HlivayDxK1RjSsphq6zHrpXaw.jpg_200x200.jpg,ByteBuy,"Timepieces, Jewelry, Eyewear","Timepieces, Jewelry, Eyewear",alibaba-jewelry
alibaba-jewelry-1495998877,BPA Free Chew Bead For Mom Nursing Necklace DIY Baby Sensory Jewelry Bulk Loose Silicone Teething Bead,"Category: Timepieces, Jewelry, Eyewear.",in stock,new,0.08 USD,,https://bytebuy.store/product/alibaba-jewelry-1495998877/,https://sc02.alicdn.com/kf/HLB1ar7jVAvoK1RjSZFwq6AiCFXaK.jpg_200x200.jpg,ByteBuy,"Timepieces, Jewelry, Eyewear","Timepieces, Jewelry, Eyewear",alibaba-jewelry
alibaba-jewelry-955844034,2020 FDA Wholesale Plastic Bamboo Sunglasses Wood Custom Logo Sunglasses Polarized for Men,"Category: Timepieces, Jewelry, Eyewear.",in stock,new,7.30 USD,,https://bytebuy.store/product/alibaba-jewelry-955844034/,https://sc02.alicdn.com/kf/H010f5ff8ca914ab988a9ce112a76c868d.jpg_200x200.jpg,ByteBuy,"Timepieces, Jewelry, Eyewear","Timepieces, Jewelry, Eyewear",alibaba-jewelry
alibaba-jewelry-62118064859,12mm Round Two-Tone Murano Glass Foil Lava Luminous Beads,"Category: Timepieces, Jewelry, Eyewear.",in stock,new,0.25 USD,,https://bytebuy.store/product/alibaba-jewelry-62118064859/,https://sc02.alicdn.com/kf/HTB1fHqsV6TpK1RjSZKPq6y3UpXaE.jpg_200x200.jpg,ByteBuy,"Timepieces, Jewelry, Eyewear","Timepieces, Jewelry, Eyewear",alibaba-jewelry
alibaba-jewelry-62116219879,Smael Original Gift watch Box for Sport Watches Men Watch Accessory LED Digital Watch Box Protection Square Boxes,"Category: Timepieces, Jewelry, Eyewear.",in stock,new,0.90 USD,,https://bytebuy.store/product/alibaba-jewelry-62116219879/,https://sc02.alicdn.com/kf/HLB12y_ZVCzqK1RjSZPxq6A4tVXaS.jpg_200x200.jpg,ByteBuy,"Timepieces, Jewelry, Eyewear","Timepieces, Jewelry, Eyewear",alibaba-jewelry
alibaba-jewelry-62347500396,CZCITY 14K Solid Gold Simple Stylish Diamond Cubic Zirconia Women Ring Jewelry Rings Wholesale,"Category: Timepieces, Jewelry, Eyewear.",in stock,new,60.15 USD,,https://bytebuy.store/product/alibaba-jewelry-62347500396/,https://sc02.alicdn.com/kf/Hda569edd1a814df6a63864b51e118093w.jpg_200x200.jpg,ByteBuy,"Timepieces, Jewelry, Eyewear","Timepieces, Jewelry, Eyewear",alibaba-jewelry
alibaba-jewelry-62118091384,Maimeng Mini Round Marble Pattern cheap contact lenses case with mirror plastic contact lens case magnify,"Category: Timepieces, Jewelry, Eyewear.",in stock,new,1.50 USD,,https://bytebuy.store/product/alibaba-jewelry-62118091384/,https://sc02.alicdn.com/kf/HTB16wZIVMHqK1RjSZFP763wapXa8.png_200x200.jpg,ByteBuy,"Timepieces, Jewelry, Eyewear","Timepieces, Jewelry, Eyewear",alibaba-jewelry
alibaba-jewelry-62422627841,Luxury 4Pcs/Set Men&#39;s Gold Crown Bracelet Set Stainless Steel Numbers Engraved CZ Crown Braided Macrame Bracelet,"Category: Timepieces, Jewelry, Eyewear.",in stock,new,14.00 USD,,https://bytebuy.store/product/alibaba-jewelry-62422627841/,https://sc02.alicdn.com/kf/H669260e79c62428fa0cb651edf25ae34y.jpg_200x200.jpg,ByteBuy,"Timepieces, Jewelry, Eyewear","Timepieces, Jewelry, Eyewear",alibaba-jewelry
alibaba-jewelry-60499319688,Gaby Dangle Maple Leaf 316L Surgical Steel Navel Belly Rings Body Piercing Jewelry,"Category: Timepieces, Jewelry, Eyewear.",in stock,new,0.58 USD,,https://bytebuy.store/product/alibaba-jewelry-60499319688/,https://sc02.alicdn.com/kf/HTB1j4eFXuH2gK0jSZJnq6yT1FXaY.jpg_200x200.jpg,ByteBuy,"Timepieces, Jewelry, Eyewear","Timepieces, Jewelry, Eyewear",alibaba-jewelry
alibaba-jewelry-62010253143,Quality assurance custom your logo quartz watch best luxury fashion wrist watch,"Category: Timepieces, Jewelry, Eyewear.",in stock,new,19.60 USD,,https://bytebuy.store/product/alibaba-jewelry-62010253143/,https://sc02.alicdn.com/kf/Hc8bdff70b297440da2e6b9a70d0d6c26C.jpg_200x200.jpg,ByteBuy,"Timepieces, Jewelry, Eyewear","Timepieces, Jewelry, Eyewear",alibaba-jewelry
alibaba-jewelry-62113795509,Weekly deals Biden 0062 minimalist dial custom silicone strap women wrist watch,"Category: Timepieces, Jewelry, Eyewear.",in stock,new,6.00 USD,,https://bytebuy.store/product/alibaba-jewelry-62113795509/,https://sc02.alicdn.com/kf/HLB1eEzSVcfpK1RjSZFOq6y6nFXaj.jpg_200x200.jpg,ByteBuy,"Timepieces, Jewelry, Eyewear","Timepieces, Jewelry, Eyewear",alibaba-jewelry
alibaba-jewelry-60385706564,New Micro Pave Letter Style Pendant Charm Jewelry Wholesale,"Category: Timepieces, Jewelry, Eyewear.",in stock,new,1.69 USD,,https://bytebuy.store/product/alibaba-jewelry-60385706564/,https://sc02.alicdn.com/kf/HTB15.yzKVXXXXa3XpXXq6xXFXXXO.jpg_200x200.jpg,ByteBuy,"Timepieces, Jewelry, Eyewear","Timepieces, Jewelry, Eyewear",alibaba-jewelry
alibaba-jewelry-62257567300,13MM 20inch BA Young Dolph Cubic Zircon Hip Hop Cuban Link Chain Necklace,"Category: Timepieces, Jewelry, Eyewear.",in stock,new,31.00 USD,,https://bytebuy.store/product/alibaba-jewelry-62257567300/,https://sc02.alicdn.com/kf/H5b3057fba04d46f4b7450359b189da40X.jpg_200x200.jpg,ByteBuy,"Timepieces, Jewelry, Eyewear","Timepieces, Jewelry, Eyewear",alibaba-jewelry
alibaba-jewelry-62078265785,18mm Diamond Cuban chain Miami Cubic copper Zircon Gold Plated Iced Out Chain Bling Bling Necklace for Hip Hop Jewelry,"Category: Timepieces, Jewelry, Eyewear.",in stock,new,34.58 USD,,https://bytebuy.store/product/alibaba-jewelry-62078265785/,https://sc02.alicdn.com/kf/HTB1wwNHX9SD3KVjSZFKq6z10VXaG.jpg_200x200.jpg,ByteBuy,"Timepieces, Jewelry, Eyewear","Timepieces, Jewelry, Eyewear",alibaba-jewelry
alibaba-jewelry-60726454859,NAVIFORCE 9117 S New Luxury Sports Watches Men Waterproof Full Steel Quartz Watch Man Black western Hip-hop wrist watch,"Category: Timepieces, Jewelry, Eyewear.",in stock,new,13.30 USD,,https://bytebuy.store/product/alibaba-jewelry-60726454859/,https://sc02.alicdn.com/kf/HTB1BvF8krYI8KJjy0Faq6zAiVXar.jpg_200x200.jpg,ByteBuy,"Timepieces, Jewelry, Eyewear","Timepieces, Jewelry, Eyewear",alibaba-jewelry
alibaba-jewelry-60830871993,NAVIFORCE Men Fashion Sport Watch Men Stainless Steel Waterproof Quartz Watches Causal 24 Hour Date Male Clock Relogio Masculino,"Category: Timepieces, Jewelry, Eyewear.",in stock,new,19.95 USD,,https://bytebuy.store/product/alibaba-jewelry-60830871993/,https://sc02.alicdn.com/kf/HTB1ZvklafjsK1Rjy1Xaq6zispXap.jpg_200x200.jpg,ByteBuy,"Timepieces, Jewelry, Eyewear","Timepieces, Jewelry, Eyewear",alibaba-jewelry
alibaba-jewelry-60786352669,Asymmetry Tassel Earrings Triangle Geometric Drop Earring for Women Bridal Wedding Party Jewelry,"Category: Timepieces, Jewelry, Eyewear.",in stock,new,4.98 USD,,https://bytebuy.store/product/alibaba-jewelry-60786352669/,https://sc02.alicdn.com/kf/HTB1AISgI1ySBuNjy1zdq6xPxFXaP.jpg_200x200.jpg,ByteBuy,"Timepieces, Jewelry, Eyewear","Timepieces, Jewelry, Eyewear",alibaba-jewelry
alibaba-jewelry-62025177787,Luxury Crystal Women Dress Watch Fashion Rose Gold Quartz Watches Female Stainless Steel Ladies Wristwatches,"Category: Timepieces, Jewelry, Eyewear.",in stock,new,12.50 USD,,https://bytebuy.store/product/alibaba-jewelry-62025177787/,https://sc02.alicdn.com/kf/HTB1QgSoLwHqK1RjSZFEq6AGMXXa5.jpg_200x200.jpg,ByteBuy,"Timepieces, Jewelry, Eyewear","Timepieces, Jewelry, Eyewear",alibaba-jewelry
alibaba-jewelry-62404517399,Fashion gold eye geometric pearl earrings For Women Wholesale N911276,"Category: Timepieces, Jewelry, Eyewear.",in stock,new,1.00 USD,,https://bytebuy.store/product/alibaba-jewelry-62404517399/,https://sc02.alicdn.com/kf/H381ae977542f4653841dc74993cf3326B.jpg_200x200.jpg,ByteBuy,"Timepieces, Jewelry, Eyewear","Timepieces, Jewelry, Eyewear",alibaba-jewelry
alibaba-jewelry-62329721396,Fashion Gold Leaf Earrings For Women Wholesale N99295,"Category: Timepieces, Jewelry, Eyewear.",in stock,new,1.00 USD,,https://bytebuy.store/product/alibaba-jewelry-62329721396/,https://sc02.alicdn.com/kf/Ha15f9cfa523b45a8a9326a8804cd9068y.jpg_200x200.jpg,ByteBuy,"Timepieces, Jewelry, Eyewear","Timepieces, Jewelry, Eyewear",alibaba-jewelry
alibaba-jewelry-60791432321,2019 fashion automatic stainless steel watch for young people support OEM watch,"Category: Timepieces, Jewelry, Eyewear.",in stock,new,62.00 USD,,https://bytebuy.store/product/alibaba-jewelry-60791432321/,https://sc02.alicdn.com/kf/Ha185a8360db34ed7894f08facec455faY.jpg_200x200.jpg,ByteBuy,"Timepieces, Jewelry, Eyewear","Timepieces, Jewelry, Eyewear",alibaba-jewelry
alibaba-jewelry-62416359182,Big Promotion Christmas Cluster Link Cz Cubic Zirconia Mens Silver Hip Hop Chains,"Category: Timepieces, Jewelry, Eyewear.",in stock,new,9.00 USD,,https://bytebuy.store/product/alibaba-jewelry-62416359182/,https://sc02.alicdn.com/kf/H72c738908f744e4ba1f74b2d4fa388bad.jpg_200x200.jpg,ByteBuy,"Timepieces, Jewelry, Eyewear","Timepieces, Jewelry, Eyewear",alibaba-jewelry
alibaba-jewelry-62218056585,Bamboo temple polarized sunglasses shades sun glasses for women,"Category: Timepieces, Jewelry, Eyewear.",in stock,new,7.00 USD,,https://bytebuy.store/product/alibaba-jewelry-62218056585/,https://sc02.alicdn.com/kf/HTB1qWifbbH1gK0jSZFwq6A7aXXaW.jpg_200x200.jpg,ByteBuy,"Timepieces, Jewelry, Eyewear","Timepieces, Jewelry, Eyewear",alibaba-jewelry
alibaba-jewelry-62186457688,Good Quality Windproof Mirrored Safety HD Racing Siwm Snow Ski Googgles Snowboard,"Category: Timepieces, Jewelry, Eyewear.",in stock,new,1.70 USD,,https://bytebuy.store/product/alibaba-jewelry-62186457688/,https://sc02.alicdn.com/kf/HTB1d.mHeMmH3KVjSZKzq6z2OXXam.jpg_200x200.jpg,ByteBuy,"Timepieces, Jewelry, Eyewear","Timepieces, Jewelry, Eyewear",alibaba-jewelry
alibaba-jewelry-60468554806,Fashion Sunglasses Men/Women UV400 Vintage Bamboo Sunglass Wooden Sun Glasses,"Category: Timepieces, Jewelry, Eyewear.",in stock,new,4.50 USD,,https://bytebuy.store/product/alibaba-jewelry-60468554806/,https://sc02.alicdn.com/kf/HTB1B7ArJVXXXXbeXXXXq6xXFXXXB.jpg_200x200.jpg,ByteBuy,"Timepieces, Jewelry, Eyewear","Timepieces, Jewelry, Eyewear",alibaba-jewelry
alibaba-jewelry-62191351500,Gold Watch Men Luxury Brand Diamond Mens Watches Top Brand Luxury Male Quartz Watch Calender Unique Gift For Men,"Category: Timepieces, Jewelry, Eyewear.",in stock,new,10.70 USD,,https://bytebuy.store/product/alibaba-jewelry-62191351500/,https://sc02.alicdn.com/kf/HTB15nR6e25G3KVjSZPxq6zI3XXaW.jpg_200x200.jpg,ByteBuy,"Timepieces, Jewelry, Eyewear","Timepieces, Jewelry, Eyewear",alibaba-jewelry
alibaba-jewelry-62398010424,Fashion Jewelry Bracelet Sets Natural Stone & Glass Crystal Pave Bracelets Charm Bead Bracelet Set,"Category: Timepieces, Jewelry, Eyewear.",in stock,new,13.69 USD,,https://bytebuy.store/product/alibaba-jewelry-62398010424/,https://sc02.alicdn.com/kf/H6bf31fb991b149e7b1d5a1985aa5dc59D.jpg_200x200.jpg,ByteBuy,"Timepieces, Jewelry, Eyewear","Timepieces, Jewelry, Eyewear",alibaba-jewelry
alibaba-jewelry-62392884518,Forest deer horn tree shape creative jewelry jewelry box earrings rack necklace bracelet studs receive box jewelry rack,"Category: Timepieces, Jewelry, Eyewear.",in stock,new,0.47 USD,,https://bytebuy.store/product/alibaba-jewelry-62392884518/,https://sc02.alicdn.com/kf/H02dea60312d247708ab68dc842866882G.jpg_200x200.jpg,ByteBuy,"Timepieces, Jewelry, Eyewear","Timepieces, Jewelry, Eyewear",alibaba-jewelry
alibaba-jewelry-62181905470,JinXiuXing fine jewelry beautiful women&#39;s gender gold plated bracelets,"Category: Timepieces, Jewelry, Eyewear.",in stock,new,0.73 USD,,https://bytebuy.store/product/alibaba-jewelry-62181905470/,https://sc02.alicdn.com/kf/HTB19QdyemSD3KVjSZFKq6z10VXaW.jpg_200x200.jpg,ByteBuy,"Timepieces, Jewelry, Eyewear","Timepieces, Jewelry, Eyewear",alibaba-jewelry
alibaba-jewelry-62117740945,Shiny Latest 925 Sterling Silver Austrian Crystal Pave Disco Ball Lever Back Earring Pendant Necklace Women Jewelry Set,"Category: Timepieces, Jewelry, Eyewear.",in stock,new,1.50 USD,,https://bytebuy.store/product/alibaba-jewelry-62117740945/,https://sc02.alicdn.com/kf/HTB1csTNVSzqK1RjSZFpq6ykSXXaV.jpg_200x200.jpg,ByteBuy,"Timepieces, Jewelry, Eyewear","Timepieces, Jewelry, Eyewear",alibaba-jewelry
alibaba-jewelry-62388576730,OEM for rollex watches men brands stainless steel mechanical Diving gold yacht Black water ghost green water ghost watch,"Category: Timepieces, Jewelry, Eyewear.",in stock,new,400.00 USD,,https://bytebuy.store/product/alibaba-jewelry-62388576730/,https://sc02.alicdn.com/kf/Hc694cbf9e16f49c3b27b0e31798e28a4v.jpg_200x200.jpg,ByteBuy,"Timepieces, Jewelry, Eyewear","Timepieces, Jewelry, Eyewear",alibaba-jewelry
alibaba-jewelry-62356226504,Kinling New Fashion Letter Personality Simple Rhinestone Necklace Jewelry Wholesale,"Category: Timepieces, Jewelry, Eyewear.",in stock,new,3.60 USD,,https://bytebuy.store/product/alibaba-jewelry-62356226504/,https://sc02.alicdn.com/kf/Hc5100e11631541c7ab2d4e294da903218.jpg_200x200.jpg,ByteBuy,"Timepieces, Jewelry, Eyewear","Timepieces, Jewelry, Eyewear",alibaba-jewelry
alibaba-jewelry-62090707769,Wholesale Custom Cuff Engravable Mens Multi Layer Leather Blank Bracelet,"Category: Timepieces, Jewelry, Eyewear.",in stock,new,1.38 USD,,https://bytebuy.store/product/alibaba-jewelry-62090707769/,https://sc02.alicdn.com/kf/HLB1EtJ_XLc3T1VjSZPfq6AWHXXan.jpg_200x200.jpg,ByteBuy,"Timepieces, Jewelry, Eyewear","Timepieces, Jewelry, Eyewear",alibaba-jewelry
alibaba-jewelry-60776181876,2019 new geneva motile multi function moonphase mens watch leather strap,"Category: Timepieces, Jewelry, Eyewear.",in stock,new,12.60 USD,,https://bytebuy.store/product/alibaba-jewelry-60776181876/,https://sc02.alicdn.com/kf/HTB1rApmOSzqK1RjSZFHq6z3CpXan.jpg_200x200.jpg,ByteBuy,"Timepieces, Jewelry, Eyewear","Timepieces, Jewelry, Eyewear",alibaba-jewelry
alibaba-jewelry-62111556089,New Fashion Rhinestone Watches Women Luxury Stainless Steel Quartz Watch Women Dress Bracelet Watches Ladies Clock relojes 2019,"Category: Timepieces, Jewelry, Eyewear.",in stock,new,1.54 USD,,https://bytebuy.store/product/alibaba-jewelry-62111556089/,https://sc02.alicdn.com/kf/HLB1GwdzVkPoK1RjSZKbq6x1IXXan.jpg_200x200.jpg,ByteBuy,"Timepieces, Jewelry, Eyewear","Timepieces, Jewelry, Eyewear",alibaba-jewelry
alibaba-jewelry-62216337613,Fashion 2019 women diamond jewelry gold hip hop cuban link ring iced out,"Category: Timepieces, Jewelry, Eyewear.",in stock,new,12.99 USD,,https://bytebuy.store/product/alibaba-jewelry-62216337613/,https://sc02.alicdn.com/kf/HTB19Qg.a1H2gK0jSZJnq6yT1FXai.jpg_200x200.jpg,ByteBuy,"Timepieces, Jewelry, Eyewear","Timepieces, Jewelry, Eyewear",alibaba-jewelry
alibaba-jewelry-60606083876,2019 new ready to ship transparent skeleton moon phase automatic 50ATM calf leather men watch,"Category: Timepieces, Jewelry, Eyewear.",in stock,new,55.00 USD,,https://bytebuy.store/product/alibaba-jewelry-60606083876/,https://sc02.alicdn.com/kf/HTB1gYIDaCzqK1RjSZPcq6zTepXah.jpg_200x200.jpg,ByteBuy,"Timepieces, Jewelry, Eyewear","Timepieces, Jewelry, Eyewear",alibaba-jewelry
alibaba-jewelry-62218191076,POLIVA 925 Sterling Silver Collares De Mujer Joyas De Plata Al Por Mayor Necklace Women Joyas,"Category: Timepieces, Jewelry, Eyewear.",in stock,new,6.53 USD,,https://bytebuy.store/product/alibaba-jewelry-62218191076/,https://sc02.alicdn.com/kf/H37df16cb628e443783344fd5997ab604G.jpg_200x200.jpg,ByteBuy,"Timepieces, Jewelry, Eyewear","Timepieces, Jewelry, Eyewear",alibaba-jewelry
alibaba-jewelry-62316946045,New design half frame triangle sunglasses vintage red/leopard unisex sunglasses,"Category: Timepieces, Jewelry, Eyewear.",in stock,new,2.08 USD,,https://bytebuy.store/product/alibaba-jewelry-62316946045/,https://sc02.alicdn.com/kf/Hc806e3b64e70488e9f2dc167da26de8ag.jpg_200x200.jpg,ByteBuy,"Timepieces, Jewelry, Eyewear","Timepieces, Jewelry, Eyewear",alibaba-jewelry
alibaba-jewelry-60822926993,The jewelry with 1 carat moissanite loose gemston fashion necklace,"Category: Timepieces, Jewelry, Eyewear.",in stock,new,60.00 USD,,https://bytebuy.store/product/alibaba-jewelry-60822926993/,https://sc02.alicdn.com/kf/HTB1zMkgX4_rK1RkHFqDq6yJAFXat.jpg_200x200.jpg,ByteBuy,"Timepieces, Jewelry, Eyewear","Timepieces, Jewelry, Eyewear",alibaba-jewelry
alibaba-jewelry-62182492930,engraveble rectangle pendant custom copper/925 sterling silver necklace pendant,"Category: Timepieces, Jewelry, Eyewear.",in stock,new,10.97 USD,,https://bytebuy.store/product/alibaba-jewelry-62182492930/,https://sc02.alicdn.com/kf/HTB1._Hwef5G3KVjSZPxq6zI3XXaD.jpg_200x200.jpg,ByteBuy,"Timepieces, Jewelry, Eyewear","Timepieces, Jewelry, Eyewear",alibaba-jewelry
alibaba-jewelry-62361254585,Top Fashion Creative Designer Brand Geekthink 8002 Women Watches Casual Leather Band Ladies Simple Quartz Watch relogio feminino,"Category: Timepieces, Jewelry, Eyewear.",in stock,new,7.80 USD,,https://bytebuy.store/product/alibaba-jewelry-62361254585/,https://sc02.alicdn.com/kf/Hc613e79082f0407e96998b05043786f5O.jpg_200x200.jpg,ByteBuy,"Timepieces, Jewelry, Eyewear","Timepieces, Jewelry, Eyewear",alibaba-jewelry
alibaba-jewelry-62003786979,XULIN Factory Price Bulk Loose Gemstone Black Lava Natural Stone Beads For DIY Making,"Category: Timepieces, Jewelry, Eyewear.",in stock,new,1.25 USD,,https://bytebuy.store/product/alibaba-jewelry-62003786979/,https://sc02.alicdn.com/kf/HTB1qSc2aULrK1Rjy1zbq6AenFXa9.jpg_200x200.jpg,ByteBuy,"Timepieces, Jewelry, Eyewear","Timepieces, Jewelry, Eyewear",alibaba-jewelry
alibaba-jewelry-62235951069,Unisex Couple Free Dropshipping Waterproof Sports Custom Wooden Wrist Watches,"Category: Timepieces, Jewelry, Eyewear.",in stock,new,11.50 USD,,https://bytebuy.store/product/alibaba-jewelry-62235951069/,https://sc02.alicdn.com/kf/H81d95e88cb59447596d32250aaa3a64dN.jpg_200x200.jpg,ByteBuy,"Timepieces, Jewelry, Eyewear","Timepieces, Jewelry, Eyewear",alibaba-jewelry
alibaba-jewelry-60866482422,OTS 6719 Man Quartz Digital Watches Cool & Fashion Large Face LED Outdoor Sports Military Luminous Male Wristwatches,"Category: Timepieces, Jewelry, Eyewear.",in stock,new,12.21 USD,,https://bytebuy.store/product/alibaba-jewelry-60866482422/,https://sc02.alicdn.com/kf/HTB1mQhiaE_rK1Rjy0Fcq6zEvVXaH.jpg_200x200.jpg,ByteBuy,"Timepieces, Jewelry, Eyewear","Timepieces, Jewelry, Eyewear",alibaba-jewelry
alibaba-jewelry-60828745179,"34 colors 3A grade Natural pearl in akoya pearl oyster,7-8mm Round pearl,Freshwater Pearl in akoya oysters Vacuum-packed","Category: Timepieces, Jewelry, Eyewear.",in stock,new,1.00 USD,,https://bytebuy.store/product/alibaba-jewelry-60828745179/,https://sc02.alicdn.com/kf/HTB1OkDoaifrK1RjSspbq6A4pFXaS.jpg_200x200.jpg,ByteBuy,"Timepieces, Jewelry, Eyewear","Timepieces, Jewelry, Eyewear",alibaba-jewelry
alibaba-jewelry-62364691776,TA MNGREN Uhrenschatulle Caixa de Relogio Wholesale Classic Print Custom Logo Oem Pu Leather Pillow Single Watch Box,"Category: Timepieces, Jewelry, Eyewear.",in stock,new,1.10 USD,,https://bytebuy.store/product/alibaba-jewelry-62364691776/,https://sc02.alicdn.com/kf/H6a1c881580a74793b316eda5f29f1976F.jpg_200x200.jpg,ByteBuy,"Timepieces, Jewelry, Eyewear","Timepieces, Jewelry, Eyewear",alibaba-jewelry
alibaba-jewelry-62240419784,Ruixine women watch set luxury brand diamond watches fashion sport quartz ice Stainless Steel Clock female wristwatch,"Category: Timepieces, Jewelry, Eyewear.",in stock,new,11.00 USD,,https://bytebuy.store/product/alibaba-jewelry-62240419784/,https://sc02.alicdn.com/kf/H633d71300ff64119a1fe9ea9a3e335d1J.jpg_200x200.jpg,ByteBuy,"Timepieces, Jewelry, Eyewear","Timepieces, Jewelry, Eyewear",alibaba-jewelry
alibaba-jewelry-62186287606,Top Brand Luxury 3time 3atm Water Resistant Mens Watches Metal Relojes Hombre Wrist Stopwatch,"Category: Timepieces, Jewelry, Eyewear.",in stock,new,6.88 USD,,https://bytebuy.store/product/alibaba-jewelry-62186287606/,https://sc02.alicdn.com/kf/HTB16W23bgFY.1VjSZFnq6AFHXXaW.jpg_200x200.jpg,ByteBuy,"Timepieces, Jewelry, Eyewear","Timepieces, Jewelry, Eyewear",alibaba-jewelry
alibaba-jewelry-60680954207,Wholesale fashion 925 Sterling silver freshwater pearl hoop drop earrings for women jewelry,"Category: Timepieces, Jewelry, Eyewear.",in stock,new,2.99 USD,,https://bytebuy.store/product/alibaba-jewelry-60680954207/,https://sc02.alicdn.com/kf/HLB121JxQ3HqK1RjSZJnq6zNLpXaC.jpg_200x200.jpg,ByteBuy,"Timepieces, Jewelry, Eyewear","Timepieces, Jewelry, Eyewear",alibaba-jewelry
alibaba-jewelry-62006876632,Personalized choker tiny gold heart initial name letter necklace for women,"Category: Timepieces, Jewelry, Eyewear.",in stock,new,0.65 USD,,https://bytebuy.store/product/alibaba-jewelry-62006876632/,https://sc02.alicdn.com/kf/UTB8gYZ1u1vJXKJkSajhq6A7aFXa7.jpg_200x200.jpg,ByteBuy,"Timepieces, Jewelry, Eyewear","Timepieces, Jewelry, Eyewear",alibaba-jewelry
alibaba-jewelry-62137459791,2019 custom minimalist jewelry accessories women coin virgin mary religious layered 18k gold stainless steel necklace,"Category: Timepieces, Jewelry, Eyewear.",in stock,new,2.55 USD,,https://bytebuy.store/product/alibaba-jewelry-62137459791/,https://sc02.alicdn.com/kf/HTB1kG2BaRGw3KVjSZFDq6xWEpXaU.jpg_200x200.jpg,ByteBuy,"Timepieces, Jewelry, Eyewear","Timepieces, Jewelry, Eyewear",alibaba-jewelry
alibaba-jewelry-62316813643,Custom Silk Printed Mini Microfiber Jewellery Packaging Pouch Dust Bag With Drawstring,"Category: Timepieces, Jewelry, Eyewear.",in stock,new,0.27 USD,,https://bytebuy.store/product/alibaba-jewelry-62316813643/,https://sc02.alicdn.com/kf/Hd4f9f9a06827499e89e35b62256162df8.jpg_200x200.jpg,ByteBuy,"Timepieces, Jewelry, Eyewear","Timepieces, Jewelry, Eyewear",alibaba-jewelry
alibaba-jewelry-62334885974,99474 xuping jewelry promotion Cute hoop simple designs hollow earring jewelry 2019,"Category: Timepieces, Jewelry, Eyewear.",in stock,new,0.46 USD,,https://bytebuy.store/product/alibaba-jewelry-62334885974/,https://sc02.alicdn.com/kf/H3ca9574adb1d47b4a64cc443257c314eU.jpg_200x200.jpg,ByteBuy,"Timepieces, Jewelry, Eyewear","Timepieces, Jewelry, Eyewear",alibaba-jewelry
alibaba-jewelry-60649214522,MY-B020 Hot Selling Yazole Cheap Price Plain Watch Box Black Luxury Watch Packaging Boxes,"Category: Timepieces, Jewelry, Eyewear.",in stock,new,0.68 USD,,https://bytebuy.store/product/alibaba-jewelry-60649214522/,https://sc02.alicdn.com/kf/HTB1EGz7QVXXXXXDapXXq6xXFXXX1.jpg_200x200.jpg,ByteBuy,"Timepieces, Jewelry, Eyewear","Timepieces, Jewelry, Eyewear",alibaba-jewelry
alibaba-jewelry-62416793488,KUNHUANG 1010 Zebra Wooden Watches Custom Logo Timepieces Luxury Men Chronograph Wood Watch,"Category: Timepieces, Jewelry, Eyewear.",in stock,new,14.50 USD,,https://bytebuy.store/product/alibaba-jewelry-62416793488/,https://sc02.alicdn.com/kf/Hbd26c0b678ba46948ec9bdcd03061b417.jpg_200x200.jpg,ByteBuy,"Timepieces, Jewelry, Eyewear","Timepieces, Jewelry, Eyewear",alibaba-jewelry
alibaba-jewelry-62337184801,Gold Color Waterd Drop Pendant Necklaces for Women 925 Sterling Sliver Tears Link Chain Chokers Necklace Minimalist Jewelry,"Category: Timepieces, Jewelry, Eyewear.",in stock,new,6.98 USD,,https://bytebuy.store/product/alibaba-jewelry-62337184801/,https://sc02.alicdn.com/kf/H51a54de0550046bb8b1c718a00834ac5j.jpg_200x200.jpg,ByteBuy,"Timepieces, Jewelry, Eyewear","Timepieces, Jewelry, Eyewear",alibaba-jewelry
alibaba-jewelry-62082883541,NAVIFORCE 9144 Display Male Clock Fashion Men Sport Watches Mens LED Analog Digital Watch Army Military Leather Quartz Watch,"Category: Timepieces, Jewelry, Eyewear.",in stock,new,13.10 USD,,https://bytebuy.store/product/alibaba-jewelry-62082883541/,https://sc02.alicdn.com/kf/HLB1LTVeRQzoK1RjSZFlq6yi4VXad.jpg_200x200.jpg,ByteBuy,"Timepieces, Jewelry, Eyewear","Timepieces, Jewelry, Eyewear",alibaba-jewelry
alibaba-jewelry-60642968916,2019 new arrival fashion glasses case hard paper board sunglasses case,"Category: Timepieces, Jewelry, Eyewear.",in stock,new,0.99 USD,,https://bytebuy.store/product/alibaba-jewelry-60642968916/,https://sc02.alicdn.com/kf/HTB1l3zcmPuhSKJjSspdq6A11XXaM.jpg_200x200.jpg,ByteBuy,"Timepieces, Jewelry, Eyewear","Timepieces, Jewelry, Eyewear",alibaba-jewelry
alibaba-jewelry-60824909761,NAVIFORCE 9093 Luxury Brand Mens Sport Watch Gold Quartz Led Clock Men Wrist Watch Male Military Watches Relogio Masculino,"Category: Timepieces, Jewelry, Eyewear.",in stock,new,13.40 USD,,https://bytebuy.store/product/alibaba-jewelry-60824909761/,https://sc02.alicdn.com/kf/HTB12qfVX5LrK1Rjy1zdq6ynnpXao.jpg_200x200.jpg,ByteBuy,"Timepieces, Jewelry, Eyewear","Timepieces, Jewelry, Eyewear",alibaba-jewelry
alibaba-jewelry-62016567093,S-140 Xuping stainless steel women set jewelry heart shaped design saudi gold two pieces earring and necklace set,"Category: Timepieces, Jewelry, Eyewear.",in stock,new,2.73 USD,,https://bytebuy.store/product/alibaba-jewelry-62016567093/,https://sc02.alicdn.com/kf/HTB1u.cJbinrK1RjSsziq6xptpXaX.jpg_200x200.jpg,ByteBuy,"Timepieces, Jewelry, Eyewear","Timepieces, Jewelry, Eyewear",alibaba-jewelry
alibaba-jewelry-62464351798,2020 ENLOONG Real Luxury Skeleton Flying Tourbillon Watches with GMT Indicator Mechanical Wrist Watch Men OEM Watch Luxury,"Category: Timepieces, Jewelry, Eyewear.",in stock,new,699.00 USD,,https://bytebuy.store/product/alibaba-jewelry-62464351798/,https://sc02.alicdn.com/kf/Hf6c9ab2d25864bd381e3fdf10908c191j.jpg_200x200.jpg,ByteBuy,"Timepieces, Jewelry, Eyewear","Timepieces, Jewelry, Eyewear",alibaba-jewelry
alibaba-electronics-62245483360,32 inch large screen LCD HD monitor curved computer desktop cpu monitor pc wholesale,Category: Consumer Electronics.,in stock,new,204.30 USD,,https://bytebuy.store/product/alibaba-electronics-62245483360/,https://sc02.alicdn.com/kf/H310f37504d044082b705563323efd550H.jpg_200x200.jpg,ByteBuy,Consumer Electronics,Consumer Electronics,alibaba-electronics
alibaba-electronics-62011312955,2019 New Arrival Wireless Charger Wireless Charging Pad Portable Small Fast 10W Wireless Charger,Category: Consumer Electronics.,in stock,new,8.00 USD,,https://bytebuy.store/product/alibaba-electronics-62011312955/,https://sc02.alicdn.com/kf/HTB1dQ1SbifrK1RjSspbq6A4pFXaf.jpg_200x200.jpg,ByteBuy,Consumer Electronics,Consumer Electronics,alibaba-electronics
alibaba-electronics-62402261282,Cheap price blank 8gb credit card usb pendrive for gifts,Category: Consumer Electronics.,in stock,new,3.60 USD,,https://bytebuy.store/product/alibaba-electronics-62402261282/,https://sc02.alicdn.com/kf/Hdf0384baab634696a5cce7eee125d1feH.jpg_200x200.jpg,ByteBuy,Consumer Electronics,Consumer Electronics,alibaba-electronics
alibaba-electronics-62417757759,TRN T200 TWS Hybrid Drivers Aptx/AAC/SBC Apt-x V5.0 True Wireless Bluetooth Earphone,Category: Consumer Electronics.,in stock,new,33.50 USD,,https://bytebuy.store/product/alibaba-electronics-62417757759/,https://sc02.alicdn.com/kf/H6804e75f48d2486083e6dbd314414851y.png_200x200.jpg,ByteBuy,Consumer Electronics,Consumer Electronics,alibaba-electronics
alibaba-electronics-62251030051,WIWU MFI Certified Phone Charger Nylon Braided Cable Lightning to USB Cable For Phone X/XS/XR/XS Max/8/Plus/i Pad Pro,Category: Consumer Electronics.,in stock,new,2.00 USD,,https://bytebuy.store/product/alibaba-electronics-62251030051/,https://sc02.alicdn.com/kf/H131102da34144eea98af0d7e35f1ca78P.jpg_200x200.jpg,ByteBuy,Consumer Electronics,Consumer Electronics,alibaba-electronics
alibaba-electronics-60725530487,Universal Wireless Bluetooth Keyboard With Foldable Case Stand Cover Tablets For iPad air2,Category: Consumer Electronics.,in stock,new,10.50 USD,,https://bytebuy.store/product/alibaba-electronics-60725530487/,https://sc02.alicdn.com/kf/HTB1b7QjatjvK1RjSspiq6AEqXXao.jpg_200x200.jpg,ByteBuy,Consumer Electronics,Consumer Electronics,alibaba-electronics
alibaba-electronics-62342527807,Wholesale Phone Accessories Wireless Headphone Earphone Mobiles Accessories,Category: Consumer Electronics.,in stock,new,3.21 USD,,https://bytebuy.store/product/alibaba-electronics-62342527807/,https://sc02.alicdn.com/kf/Hb0700e50a9e04fbc8098b9ee08716f56y.jpg_200x200.jpg,ByteBuy,Consumer Electronics,Consumer Electronics,alibaba-electronics
alibaba-electronics-1756538233,JJC L-R16 Front and Rear Lens Cap for Nikon F mount,Category: Consumer Electronics.,in stock,new,1.94 USD,,https://bytebuy.store/product/alibaba-electronics-1756538233/,https://sc02.alicdn.com/kf/HTB1TQZFaUGF3KVjSZFvq6z_nXXaU.jpg_200x200.jpg,ByteBuy,Consumer Electronics,Consumer Electronics,alibaba-electronics
alibaba-electronics-62466458767,2020 heart rate smart bracelet smartwatch f10 series 5 watch blood pressure oxygen f10 android reloj inteligente smart watch,Category: Consumer Electronics.,in stock,new,12.15 USD,,https://bytebuy.store/product/alibaba-electronics-62466458767/,https://sc02.alicdn.com/kf/H6d0aedb1f3c343eabe1a86950ce2a94b3.jpg_200x200.jpg,ByteBuy,Consumer Electronics,Consumer Electronics,alibaba-electronics
alibaba-electronics-62199125503,Global mi note10 Xiaomi Mi CC9 pro 6+128GB mobile phones 6.47&#39;&#39; smartphone cc9pro mobilephone Mi Note 10 micc9pro,Category: Consumer Electronics.,in stock,new,489.00 USD,,https://bytebuy.store/product/alibaba-electronics-62199125503/,https://sc02.alicdn.com/kf/Hbf178831f31d4a89a9e2fd93320f24767.jpg_200x200.jpg,ByteBuy,Consumer Electronics,Consumer Electronics,alibaba-electronics
alibaba-electronics-62079004881,MY810BT 2019 New Outdoor Extra Bass Audio Portable BT5.0 Wireless Speaker,Category: Consumer Electronics.,in stock,new,8.99 USD,,https://bytebuy.store/product/alibaba-electronics-62079004881/,https://sc02.alicdn.com/kf/HLB1a74tRxTpK1RjSZFMq6zG_VXap.jpg_200x200.jpg,ByteBuy,Consumer Electronics,Consumer Electronics,alibaba-electronics
alibaba-electronics-62146066275,Customized Designs print Anime cartoon cute girl shockproof soft Silicon phone case for iPhone 11 X XS case,Category: Consumer Electronics.,in stock,new,0.90 USD,,https://bytebuy.store/product/alibaba-electronics-62146066275/,https://sc02.alicdn.com/kf/HTB1E.sCXHj1gK0jSZFOq6A7GpXaj.jpg_200x200.jpg,ByteBuy,Consumer Electronics,Consumer Electronics,alibaba-electronics
alibaba-electronics-62149342296,Floral Newborn Baby Photography Backdrop Children Kids Photoshoot Photo Printed Background,Category: Consumer Electronics.,in stock,new,99.99 USD,,https://bytebuy.store/product/alibaba-electronics-62149342296/,https://sc02.alicdn.com/kf/Hfa639b0d457246cab23e0ac888a1bce0z.jpg_200x200.jpg,ByteBuy,Consumer Electronics,Consumer Electronics,alibaba-electronics
alibaba-electronics-62350958647,Wholesale Favorable Price Fujifilm instax 20 sheets film Film for Mini Camera,Category: Consumer Electronics.,in stock,new,9.80 USD,,https://bytebuy.store/product/alibaba-electronics-62350958647/,https://sc02.alicdn.com/kf/H6ca700f6eaac4f3c8b2b147f55608885j.jpg_200x200.jpg,ByteBuy,Consumer Electronics,Consumer Electronics,alibaba-electronics
alibaba-electronics-62039280196,2019 New Smart Shake IP Night Vision Camera 720P Home Security Mini Camera Night Vision 2 Way Audio with Speaker from Vidhon,Category: Consumer Electronics.,in stock,new,13.26 USD,,https://bytebuy.store/product/alibaba-electronics-62039280196/,https://sc02.alicdn.com/kf/HTB1EFhfMMHqK1RjSZFkq6x.WFXaY.jpg_200x200.jpg,ByteBuy,Consumer Electronics,Consumer Electronics,alibaba-electronics
alibaba-electronics-60837878231,lagopus D8 Camera RC Drone 20 Mins Flight Duration 5MP FPV WIFI 1080P Camera HD Quadcopter Mini Drone Foldable Drone,Category: Consumer Electronics.,in stock,new,39.90 USD,,https://bytebuy.store/product/alibaba-electronics-60837878231/,https://sc02.alicdn.com/kf/HTB1dnXlaI_vK1Rjy0Foq6xIxVXaL.jpg_200x200.jpg,ByteBuy,Consumer Electronics,Consumer Electronics,alibaba-electronics
alibaba-electronics-62287342098,18w USB Type C Fast Charge 20000 mah Alloy Mi Power Bank Pd Qc 3.0,Category: Consumer Electronics.,in stock,new,11.50 USD,,https://bytebuy.store/product/alibaba-electronics-62287342098/,https://sc02.alicdn.com/kf/He6e4b879d8674172900cf132cfbf1699S.jpg_200x200.jpg,ByteBuy,Consumer Electronics,Consumer Electronics,alibaba-electronics
alibaba-electronics-60592619066,SmartWatch DZ09 Smart Watch With Camera Answer Call DZ09 Watch For Iphone For Android,Category: Consumer Electronics.,in stock,new,5.55 USD,,https://bytebuy.store/product/alibaba-electronics-60592619066/,https://sc02.alicdn.com/kf/HTB1lkyAPXXXXXXRXFXXq6xXFXXXB.jpg_200x200.jpg,ByteBuy,Consumer Electronics,Consumer Electronics,alibaba-electronics
alibaba-electronics-62081424641,Frosted Translucent TPU Protective Case for Lenovo A5 / L18011,Category: Consumer Electronics.,in stock,new,0.50 USD,,https://bytebuy.store/product/alibaba-electronics-62081424641/,https://sc02.alicdn.com/kf/HLB1MOaqRwHqK1RjSZFkq6x.WFXa6.jpg_200x200.jpg,ByteBuy,Consumer Electronics,Consumer Electronics,alibaba-electronics
alibaba-electronics-60716831731,"Winait max 12 mega pixels Slr appearance digital camera, mini dv",Category: Consumer Electronics.,in stock,new,19.99 USD,,https://bytebuy.store/product/alibaba-electronics-60716831731/,https://sc02.alicdn.com/kf/HTB1AWfrxljTBKNjSZFDq6zVgVXaH.jpg_200x200.jpg,ByteBuy,Consumer Electronics,Consumer Electronics,alibaba-electronics
alibaba-electronics-62110689934,"High quality wired wooden speaker professional computer audio, USB 2.0 mini audio multimedia speaker USB power supply",Category: Consumer Electronics.,in stock,new,2.58 USD,,https://bytebuy.store/product/alibaba-electronics-62110689934/,https://sc02.alicdn.com/kf/HLB1NoSzUYvpK1RjSZFq763XUVXaz.png_200x200.jpg,ByteBuy,Consumer Electronics,Consumer Electronics,alibaba-electronics
alibaba-electronics-62319247932,Hot sale Huion HS610 8192 levels pressure cheap portable USB interact digital stylus graphic drawing pen tablet,Category: Consumer Electronics.,in stock,new,49.59 USD,,https://bytebuy.store/product/alibaba-electronics-62319247932/,https://sc02.alicdn.com/kf/H59e9e76e893c41e699608158bfd4f99fy.jpg_200x200.jpg,ByteBuy,Consumer Electronics,Consumer Electronics,alibaba-electronics
alibaba-electronics-62186505664,Smart Watch F8 Heart Rate Monitor Blood Pressure Fitness Tracker Men Women Watch For Apple iPhone Samsung Xiaomi,Category: Consumer Electronics.,in stock,new,18.00 USD,,https://bytebuy.store/product/alibaba-electronics-62186505664/,https://sc02.alicdn.com/kf/HTB15t1zdAxz61VjSZFtq6yDSVXaJ.jpg_200x200.jpg,ByteBuy,Consumer Electronics,Consumer Electronics,alibaba-electronics
alibaba-electronics-62256218472,Tianma grade screen for iphone x screen replacement oem display for iphone x,Category: Consumer Electronics.,in stock,new,63.00 USD,,https://bytebuy.store/product/alibaba-electronics-62256218472/,https://sc02.alicdn.com/kf/H6b25db47db584f24be63550c9a1b721fF.jpg_200x200.jpg,ByteBuy,Consumer Electronics,Consumer Electronics,alibaba-electronics
alibaba-electronics-62248574435,1 m 8-Pin Type C Micro 360 degree Led 3 In 1 Nylon Braided Fast Charging Magnetic USB Cable For Android ISO,Category: Consumer Electronics.,in stock,new,0.97 USD,,https://bytebuy.store/product/alibaba-electronics-62248574435/,https://sc02.alicdn.com/kf/H2e7e6077fb594c9a99c26c4f05fca5c9c.jpg_200x200.jpg,ByteBuy,Consumer Electronics,Consumer Electronics,alibaba-electronics
alibaba-electronics-62173207221,High quality candy colors cell phone case cover matte ultra thin soft tpu cases for iphone xsmax 11 7plus phone cover waterproof,Category: Consumer Electronics.,in stock,new,0.81 USD,,https://bytebuy.store/product/alibaba-electronics-62173207221/,https://sc02.alicdn.com/kf/H8125ae926e85441b9fb5138bf6f3bbeeF.jpg_200x200.jpg,ByteBuy,Consumer Electronics,Consumer Electronics,alibaba-electronics
alibaba-electronics-62071034446,new 10000mah metal digital power bank high capacity custom portable charger powerbank for mobile phones,Category: Consumer Electronics.,in stock,new,7.11 USD,,https://bytebuy.store/product/alibaba-electronics-62071034446/,https://sc02.alicdn.com/kf/HLB10xpkQpzqK1RjSZFvq6AB7VXag.jpg_200x200.jpg,ByteBuy,Consumer Electronics,Consumer Electronics,alibaba-electronics
alibaba-electronics-62091746504,Top Selling fast quick qi wireless charger 10w car Phone Holder R2,Category: Consumer Electronics.,in stock,new,7.00 USD,,https://bytebuy.store/product/alibaba-electronics-62091746504/,https://sc02.alicdn.com/kf/HLB1AZoNSCzqK1RjSZFLq6An2XXaM.jpg_200x200.jpg,ByteBuy,Consumer Electronics,Consumer Electronics,alibaba-electronics
alibaba-electronics-62193511866,Joyroom free sample 3.5mm headset earphones sports in ear headphones,Category: Consumer Electronics.,in stock,new,2.81 USD,,https://bytebuy.store/product/alibaba-electronics-62193511866/,https://sc02.alicdn.com/kf/H28cded73bfe34cd2980b3c315f54a5964.jpg_200x200.jpg,ByteBuy,Consumer Electronics,Consumer Electronics,alibaba-electronics
alibaba-electronics-62092558174,Diat MADV324 Aluminium Magnesium Alloy Camera Video Extendable flexible monopod tripod selfi stick,Category: Consumer Electronics.,in stock,new,72.00 USD,,https://bytebuy.store/product/alibaba-electronics-62092558174/,https://sc02.alicdn.com/kf/He88551d34ec843fc907552ed2ef599a7Y.png_200x200.jpg,ByteBuy,Consumer Electronics,Consumer Electronics,alibaba-electronics
alibaba-electronics-62329802583,2020 best selling factory price 2.4G wireless gaming controller video game console gaming joystick for PC,Category: Consumer Electronics.,in stock,new,13.88 USD,,https://bytebuy.store/product/alibaba-electronics-62329802583/,https://sc02.alicdn.com/kf/H30e9a961616e4bf79c55b3b1565b63a1s.jpg_200x200.jpg,ByteBuy,Consumer Electronics,Consumer Electronics,alibaba-electronics
alibaba-electronics-62309681228,Bluedio Hi Bluetooth Earphone TWS 5.0 True Wireless Earbuds with Charging Box Built-in Microphone,Category: Consumer Electronics.,in stock,new,9.16 USD,,https://bytebuy.store/product/alibaba-electronics-62309681228/,https://sc02.alicdn.com/kf/H5c1e3fc79e874993869d7b349ee02b15F.jpg_200x200.jpg,ByteBuy,Consumer Electronics,Consumer Electronics,alibaba-electronics
alibaba-electronics-60849530483,"New 2019 Trending Wireless Product 3 in 1 wireless Power Bank,USB Powerbank,8000mAh 10000mah QI Wireless Charger power bank",Category: Consumer Electronics.,in stock,new,8.45 USD,,https://bytebuy.store/product/alibaba-electronics-60849530483/,https://sc02.alicdn.com/kf/HTB1DhCCXJzvK1RkSnfoq6zMwVXaw.jpg_200x200.jpg,ByteBuy,Consumer Electronics,Consumer Electronics,alibaba-electronics
alibaba-electronics-62435059398,2020 New Style Christmas Best Gift fFlynova Spinner Hand Control UFO Mini Drones Toys For Kids,Category: Consumer Electronics.,in stock,new,14.55 USD,,https://bytebuy.store/product/alibaba-electronics-62435059398/,https://sc02.alicdn.com/kf/H4f3ab09eec6845448b1da165a6f00839u.jpg_200x200.jpg,ByteBuy,Consumer Electronics,Consumer Electronics,alibaba-electronics
alibaba-electronics-62038720852,cheap 10&#34; super tablet pc with 3g phone dual sim card,Category: Consumer Electronics.,in stock,new,46.00 USD,,https://bytebuy.store/product/alibaba-electronics-62038720852/,https://sc02.alicdn.com/kf/HTB1T1b_MsbpK1RjSZFyq6x_qFXaS.jpg_200x200.jpg,ByteBuy,Consumer Electronics,Consumer Electronics,alibaba-electronics
alibaba-electronics-62306174696,ip67 Waterproof Woman Sport Fitness ios android Compatible Touch Screen Display watch Manufacturer Couple Slim Smartwatch,Category: Consumer Electronics.,in stock,new,4.00 USD,,https://bytebuy.store/product/alibaba-electronics-62306174696/,https://sc02.alicdn.com/kf/H9ed4ad82eaca445fa505398fcdc3a1faS.jpg_200x200.jpg,ByteBuy,Consumer Electronics,Consumer Electronics,alibaba-electronics
alibaba-electronics-62387914341,"Luxury Plating TPU Case for Airpods Pro, for Airpods 3 Pro TPU Case Plating Design with Hook",Category: Consumer Electronics.,in stock,new,2.12 USD,,https://bytebuy.store/product/alibaba-electronics-62387914341/,https://sc02.alicdn.com/kf/Hff0219eb063242e6860751cfe32b35f1A.jpg_200x200.jpg,ByteBuy,Consumer Electronics,Consumer Electronics,alibaba-electronics
alibaba-electronics-60739117303,Wireless Smart Earphone Magic Music Headband Sports Blue tooth Headset Headphone With MIC Answer Call for iphone7 6,Category: Consumer Electronics.,in stock,new,5.80 USD,,https://bytebuy.store/product/alibaba-electronics-60739117303/,https://sc02.alicdn.com/kf/HTB1UrsmXScqBKNjSZFgq6x_kXXal.jpg_200x200.jpg,ByteBuy,Consumer Electronics,Consumer Electronics,alibaba-electronics
alibaba-electronics-62406355578,[Amazon Top Hot Selling ]Android 6.0 Smart Native 1080p Full HD LED LCD Portable 4k Home Theater Video Projectors,Category: Consumer Electronics.,in stock,new,145.00 USD,,https://bytebuy.store/product/alibaba-electronics-62406355578/,https://sc02.alicdn.com/kf/Hcf60d96852b34e90b9c138062c7f0dd3x.jpg_200x200.jpg,ByteBuy,Consumer Electronics,Consumer Electronics,alibaba-electronics
alibaba-electronics-60744779952,50W 336Leds 18 Inch Circular Dimmable Camera Photography Studio Video Lamp Led Ring Light,Category: Consumer Electronics.,in stock,new,39.80 USD,,https://bytebuy.store/product/alibaba-electronics-60744779952/,https://sc02.alicdn.com/kf/Hc90e3728389b4de88318bddd62aa74f08.jpg_200x200.jpg,ByteBuy,Consumer Electronics,Consumer Electronics,alibaba-electronics
alibaba-electronics-62276426899,China Manufacture JBL Extreme Wireless Bluetooth JBL Outdoor Speaker,Category: Consumer Electronics.,in stock,new,320.00 USD,,https://bytebuy.store/product/alibaba-electronics-62276426899/,https://sc02.alicdn.com/kf/Hc4e0a03b3b064045b9e4e9b30a7ea193Y.jpg_200x200.jpg,ByteBuy,Consumer Electronics,Consumer Electronics,alibaba-electronics
alibaba-electronics-60768966055,Money-making Bus WiFi Entertainment System 3G Wireless WiFi Router,Category: Consumer Electronics.,in stock,new,389.00 USD,,https://bytebuy.store/product/alibaba-electronics-60768966055/,https://sc02.alicdn.com/kf/HTB1lES6JbSYBuNjSspiq6xNzpXaF.jpg_200x200.jpg,ByteBuy,Consumer Electronics,Consumer Electronics,alibaba-electronics
alibaba-electronics-62064187481,Call Support 2 in 1 Splitter Audio Lightning Headphone Jack Adapter For Iphone,Category: Consumer Electronics.,in stock,new,1.71 USD,,https://bytebuy.store/product/alibaba-electronics-62064187481/,https://sc02.alicdn.com/kf/Hf4a8b2fca7fd41f5855c17f079db14c92.jpg_200x200.jpg,ByteBuy,Consumer Electronics,Consumer Electronics,alibaba-electronics
alibaba-electronics-62427197461,Candy Color Matte TPU with keychain Lanyard Frosted Clear Case for Airpods Pro,Category: Consumer Electronics.,in stock,new,0.90 USD,,https://bytebuy.store/product/alibaba-electronics-62427197461/,https://sc02.alicdn.com/kf/H6fa15ff47ba5426a8afb1560da7d4548Q.jpg_200x200.jpg,ByteBuy,Consumer Electronics,Consumer Electronics,alibaba-electronics
alibaba-electronics-60559470462,"Best Quality for iphone 7 lcd, for iphone 7 mobile phone lcd display ,lcd for iphone 7 bright colour with free shipping",Category: Consumer Electronics.,in stock,new,17.82 USD,,https://bytebuy.store/product/alibaba-electronics-60559470462/,https://sc02.alicdn.com/kf/H57fcc2ea580146699313817fdfa9b0adJ.jpg_200x200.jpg,ByteBuy,Consumer Electronics,Consumer Electronics,alibaba-electronics
alibaba-electronics-62292653568,Top Quality 2.5 Transparent 9H Tempered Glass For iPhone 11/11 Pro/11 Pro Max Screen Protector With Retail Package,Category: Consumer Electronics.,in stock,new,0.10 USD,,https://bytebuy.store/product/alibaba-electronics-62292653568/,https://sc02.alicdn.com/kf/Hc490853dfb44454e99ff4a94e7c5f0680.jpg_200x200.jpg,ByteBuy,Consumer Electronics,Consumer Electronics,alibaba-electronics
alibaba-electronics-62363199104,Golden Sky Wired Noise Cancelling Cheaper Sports Stereo Wireless Headset Foldable Popular Cell Phone Headband Wired Earphones,Category: Consumer Electronics.,in stock,new,7.80 USD,,https://bytebuy.store/product/alibaba-electronics-62363199104/,https://sc02.alicdn.com/kf/Hcf462dadb8e44810882ceb27ca4fbce7J.jpg_200x200.jpg,ByteBuy,Consumer Electronics,Consumer Electronics,alibaba-electronics
alibaba-electronics-62239171609,Hot sale Edge Protective cover Ultra Slim liquid Silicone phone case for Redmi Note 8T back phone cover,Category: Consumer Electronics.,in stock,new,1.29 USD,,https://bytebuy.store/product/alibaba-electronics-62239171609/,https://sc02.alicdn.com/kf/Hc2d80a67f5364343b6c765133e2ac1b7A.jpg_200x200.jpg,ByteBuy,Consumer Electronics,Consumer Electronics,alibaba-electronics
alibaba-electronics-62362089925,Wireless Earphone TWS Sports Turely Hifi Headphone B10 Power Beats Pro Earbuds,Category: Consumer Electronics.,in stock,new,17.50 USD,,https://bytebuy.store/product/alibaba-electronics-62362089925/,https://sc02.alicdn.com/kf/Hbf395a86e33241cc917ddc68e35a21228.jpg_200x200.jpg,ByteBuy,Consumer Electronics,Consumer Electronics,alibaba-electronics
alibaba-electronics-62232927064,Samsung 100% Original Bulk 128GB MicroSDXC Micro TF SD Memory Cards EVO Plus Class 10 UHS-3 Samsung SD Card 128GB,Category: Consumer Electronics.,in stock,new,5.87 USD,,https://bytebuy.store/product/alibaba-electronics-62232927064/,https://sc02.alicdn.com/kf/H2d85f9d293104f2fa398c51b7609e6c4Z.jpg_200x200.jpg,ByteBuy,Consumer Electronics,Consumer Electronics,alibaba-electronics
alibaba-electronics-62263445519,i14 tws earphone bluetooth 5.0 wireless earphones touch control headset 3D sound earbud,Category: Consumer Electronics.,in stock,new,5.50 USD,,https://bytebuy.store/product/alibaba-electronics-62263445519/,https://sc02.alicdn.com/kf/H7077fe96a7a34292801e10c7aebf7a9eb.jpg_200x200.jpg,ByteBuy,Consumer Electronics,Consumer Electronics,alibaba-electronics
alibaba-electronics-62116080163,2019 Cheapest Tips Plastic Vape Rubber Cover Disposable Silicone Mouthpiece 810 Test Drip Tip,Category: Consumer Electronics.,in stock,new,0.08 USD,,https://bytebuy.store/product/alibaba-electronics-62116080163/,https://sc02.alicdn.com/kf/HLB1zd3fVCzqK1RjSZPcq6zTepXan.jpg_200x200.jpg,ByteBuy,Consumer Electronics,Consumer Electronics,alibaba-electronics
alibaba-electronics-60673373441,Universal car Bike Motorcycle Handlebar Mount Holder Mobile Cell Phone Holder With Silicone Support For SmartPhone,Category: Consumer Electronics.,in stock,new,3.00 USD,,https://bytebuy.store/product/alibaba-electronics-60673373441/,https://sc02.alicdn.com/kf/HTB1Q7N_SXXXXXcbXpXXq6xXFXXXd.jpg_200x200.jpg,ByteBuy,Consumer Electronics,Consumer Electronics,alibaba-electronics
alibaba-electronics-62305709464,9H 3D Curved Full Cover Anti Blue Light Tempered Glass Screen Protector For iPhone X/Xs/Xr/Xs Max,Category: Consumer Electronics.,in stock,new,3.01 USD,,https://bytebuy.store/product/alibaba-electronics-62305709464/,https://sc02.alicdn.com/kf/Hae1d74b032f74c7e9494d0112febd23bN.jpg_200x200.jpg,ByteBuy,Consumer Electronics,Consumer Electronics,alibaba-electronics
alibaba-electronics-62298136986,Ultra Thin Soft TPU Back Cover For iPhone 11 Clear Transparent TPU Phone Case For iPhone 11 Case 2019 6.1inch,Category: Consumer Electronics.,in stock,new,0.35 USD,,https://bytebuy.store/product/alibaba-electronics-62298136986/,https://sc02.alicdn.com/kf/H02991084cf834dd1ba2b29a654311907Q.jpg_200x200.jpg,ByteBuy,Consumer Electronics,Consumer Electronics,alibaba-electronics
alibaba-electronics-62427372136,"Projector, 4K LED Video Projector 3500 Lumens, 200 Inch Image Display Ideal for PPT Business Presentations Home Theater, Compati",Category: Consumer Electronics.,in stock,new,46.00 USD,,https://bytebuy.store/product/alibaba-electronics-62427372136/,https://sc02.alicdn.com/kf/H7be703a4be924e2a92bf2d67503f9ccbW.jpg_200x200.jpg,ByteBuy,Consumer Electronics,Consumer Electronics,alibaba-electronics
alibaba-electronics-62416215133,Data Cable Android Charger High Speed 2.0 USB A Male to 8PIN Type c Micro USB Sync Charging,Category: Consumer Electronics.,in stock,new,0.99 USD,,https://bytebuy.store/product/alibaba-electronics-62416215133/,https://sc02.alicdn.com/kf/H97f1d7a8bdf5403ababf178b5a54391aC.jpg_200x200.jpg,ByteBuy,Consumer Electronics,Consumer Electronics,alibaba-electronics
alibaba-electronics-62250319748,2019 smart sport watch gps fitness bracelet with 1.3inch ful color touch screen can step counter heart rate tracker message push,Category: Consumer Electronics.,in stock,new,18.00 USD,,https://bytebuy.store/product/alibaba-electronics-62250319748/,https://sc02.alicdn.com/kf/Ha2b4337f311f43fca2a0e0ebf7a51eb6E.png_200x200.jpg,ByteBuy,Consumer Electronics,Consumer Electronics,alibaba-electronics
alibaba-electronics-62375781818,NEW Bi-Color Soft Ring Light LED (10&#34;) 2800-6000k,Category: Consumer Electronics.,in stock,new,3.50 USD,,https://bytebuy.store/product/alibaba-electronics-62375781818/,https://sc02.alicdn.com/kf/H57003f7b44a9422fb5f7e9669b80d6a0M.jpg_200x200.jpg,ByteBuy,Consumer Electronics,Consumer Electronics,alibaba-electronics
alibaba-electronics-62079898324,Protective Silicone Cases for Airpod 2 Hard PC Cartoon Transparent Earphone Cover for air pod case for apple airpods case,Category: Consumer Electronics.,in stock,new,0.95 USD,,https://bytebuy.store/product/alibaba-electronics-62079898324/,https://sc02.alicdn.com/kf/HLB1I_J5RrPpK1RjSZFFq6y5PpXaN.jpg_200x200.jpg,ByteBuy,Consumer Electronics,Consumer Electronics,alibaba-electronics
alibaba-electronics-62378409663,WCDMA/GSM/LTE walkie talkie 1200km 4G mobile phone walkie talkie zello real ptt hand radio talk T320,Category: Consumer Electronics.,in stock,new,138.00 USD,,https://bytebuy.store/product/alibaba-electronics-62378409663/,https://sc02.alicdn.com/kf/H848558f491354c11a95aef9f84b19b00D.jpg_200x200.jpg,ByteBuy,Consumer Electronics,Consumer Electronics,alibaba-electronics
alibaba-electronics-62347339265,New arrival android tv set-top box t95 max plus 4gb ram 32gb rom android tv box 9.0 with amlogic s905x3 support dual wifi,Category: Consumer Electronics.,in stock,new,30.28 USD,,https://bytebuy.store/product/alibaba-electronics-62347339265/,https://sc02.alicdn.com/kf/He0e96cb73ed0415192b42d20a54a027fF.jpg_200x200.jpg,ByteBuy,Consumer Electronics,Consumer Electronics,alibaba-electronics
alibaba-electronics-62433206454,35 Keys Gaming Keyboard LED Backlit Wired USB One-handed Membrane Keyboard for pro gamer Laptop computer game,Category: Consumer Electronics.,in stock,new,5.90 USD,,https://bytebuy.store/product/alibaba-electronics-62433206454/,https://sc02.alicdn.com/kf/Hd5ec388c333c4960943e4745d1bb3e92N.jpg_200x200.jpg,ByteBuy,Consumer Electronics,Consumer Electronics,alibaba-electronics
alibaba-electronics-60799115569,H04 Bass Sound Earphone In-Ear Sport Earphones with mic for xiaomi for iPhone for Samsung Headset fone de ouvido auriculares MP3,Category: Consumer Electronics.,in stock,new,2.95 USD,,https://bytebuy.store/product/alibaba-electronics-60799115569/,https://sc02.alicdn.com/kf/HTB1_gcfXsfpK1RjSZFOq6y6nFXa3.jpg_200x200.jpg,ByteBuy,Consumer Electronics,Consumer Electronics,alibaba-electronics
alibaba-electronics-62327839533,Mini conference mobile phone handheld OEM kids gifts wireless speaker singing karaoke microphone,Category: Consumer Electronics.,in stock,new,4.90 USD,,https://bytebuy.store/product/alibaba-electronics-62327839533/,https://sc02.alicdn.com/kf/H720502733698428d8663c0131ee5961f2.jpg_200x200.jpg,ByteBuy,Consumer Electronics,Consumer Electronics,alibaba-electronics
alibaba-electronics-62014143498,For Tecno LA7 LCD Display Touch Screen for Tecno Pouvoir 2 Pro LA7 LCD Digitizer Complete Assembly for Tecno Pouvoir 2,Category: Consumer Electronics.,in stock,new,10.39 USD,,https://bytebuy.store/product/alibaba-electronics-62014143498/,https://sc02.alicdn.com/kf/Ub62b76df853d49a0aa726131b7a0ce73j.jpg_200x200.jpg,ByteBuy,Consumer Electronics,Consumer Electronics,alibaba-electronics
alibaba-electronics-62301367435,120pcs High Cri Multi-color Camera Tube Standing Wireless Remote Control Strobe Rechargeable Led Rgb Photography Light,Category: Consumer Electronics.,in stock,new,10.68 USD,,https://bytebuy.store/product/alibaba-electronics-62301367435/,https://sc02.alicdn.com/kf/H5b2e417a07904ad9a2f7a8ddbcca5bbc7.jpg_200x200.jpg,ByteBuy,Consumer Electronics,Consumer Electronics,alibaba-electronics
alibaba-electronics-60763173455,"For Iphone Xs 5.8, Xs Max 6.5, Xr 6.1 360 Degree Shock Proof Case Military Grade TPU Clear Phone Case for Iphone X 4.7 inch",Category: Consumer Electronics.,in stock,new,0.50 USD,,https://bytebuy.store/product/alibaba-electronics-60763173455/,https://sc02.alicdn.com/kf/HTB1cHzSaNrvK1RjSszeq6yObFXab.jpg_200x200.jpg,ByteBuy,Consumer Electronics,Consumer Electronics,alibaba-electronics
alibaba-electronics-60439916989,Factory U8 SmartWatch U8 Android Smart Watch bluetooth smart watch gift smart watch,Category: Consumer Electronics.,in stock,new,4.50 USD,,https://bytebuy.store/product/alibaba-electronics-60439916989/,https://sc02.alicdn.com/kf/HTB1B5thHAKWBuNjy1zjq6AOypXar.jpg_200x200.jpg,ByteBuy,Consumer Electronics,Consumer Electronics,alibaba-electronics
alibaba-electronics-62373463205,OTAO Geometric Marble Texture Phone Case For Samsung Note 9 10 Pro S10 S9 S8 Plus A50 A70 Plating Soft Silicone Cover Telefono,Category: Consumer Electronics.,in stock,new,4.73 USD,,https://bytebuy.store/product/alibaba-electronics-62373463205/,https://sc02.alicdn.com/kf/Hf2809595ee914caca6422dc6b01df689d.jpg_200x200.jpg,ByteBuy,Consumer Electronics,Consumer Electronics,alibaba-electronics
alibaba-electronics-62283977101,For Samsung A10s Clear Case Acrylic Back Soft TPU Side Protective Back Cover Case for Samsung Galaxy A10s A107,Category: Consumer Electronics.,in stock,new,0.80 USD,,https://bytebuy.store/product/alibaba-electronics-62283977101/,https://sc02.alicdn.com/kf/Hc28c752ff39b429cb54ce93876a9bafd4.jpg_200x200.jpg,ByteBuy,Consumer Electronics,Consumer Electronics,alibaba-electronics
alibaba-electronics-60765402966,Berani High sensitive studio microphone condenser microphone bm 800,Category: Consumer Electronics.,in stock,new,15.99 USD,,https://bytebuy.store/product/alibaba-electronics-60765402966/,https://sc02.alicdn.com/kf/HTB14rwkg9YTBKNjSZKbq6xJ8pXaI.jpg_200x200.jpg,ByteBuy,Consumer Electronics,Consumer Electronics,alibaba-electronics
alibaba-electronics-62216638262,Factory AMOLED For Samsung Galaxy S10 2019 SM-G9730 G973F LCD Display Touch Screen Digitizer with frame,Category: Consumer Electronics.,in stock,new,215.00 USD,,https://bytebuy.store/product/alibaba-electronics-62216638262/,https://sc02.alicdn.com/kf/HTB1MRFka4n1gK0jSZKPq6xvUXXao.jpg_200x200.jpg,ByteBuy,Consumer Electronics,Consumer Electronics,alibaba-electronics
alibaba-electronics-60670580086,New Mini Pocket 4GB 8GB 16GB Recording Pen Digital Voice Recorder micro hidden voice recorder,Category: Consumer Electronics.,in stock,new,14.08 USD,,https://bytebuy.store/product/alibaba-electronics-60670580086/,https://sc02.alicdn.com/kf/HTB1jo4RazzuK1RjSspeq6ziHVXaY.jpg_200x200.jpg,ByteBuy,Consumer Electronics,Consumer Electronics,alibaba-electronics
alibaba-electronics-62391182535,2020 hotting selling factory high quality xiaomi IPX-4 Airdots In-ear wireless bluetooth 5.0 TWS earphone for sport,Category: Consumer Electronics.,in stock,new,15.00 USD,,https://bytebuy.store/product/alibaba-electronics-62391182535/,https://sc02.alicdn.com/kf/Hed9d322a08e84139843268da25fd4eecc.jpg_200x200.jpg,ByteBuy,Consumer Electronics,Consumer Electronics,alibaba-electronics
alibaba-electronics-62170759936,2019 New Shake Wiggle Device Automatic Swing Motion for Mobile Phone WeChat Run Step Count Program,Category: Consumer Electronics.,in stock,new,2.50 USD,,https://bytebuy.store/product/alibaba-electronics-62170759936/,https://sc02.alicdn.com/kf/HTB1MBBVdwaH3KVjSZFjq6AFWpXaD.jpg_200x200.jpg,ByteBuy,Consumer Electronics,Consumer Electronics,alibaba-electronics
alibaba-electronics-62298516600,for huawei P8 micro usb cable honor 2A fast charging and data transfer usb cable 1m Android data cord line,Category: Consumer Electronics.,in stock,new,0.85 USD,,https://bytebuy.store/product/alibaba-electronics-62298516600/,https://sc02.alicdn.com/kf/Hc3aff32b3ffc4422baf27306ea1b14e2E.jpg_200x200.jpg,ByteBuy,Consumer Electronics,Consumer Electronics,alibaba-electronics
alibaba-electronics-62178650739,OTAO Magnetic Transparent Housing For iphone X Xsmax 6 7 8Plus Clear Case 360 Protect cellphone accessories funda movil,Category: Consumer Electronics.,in stock,new,10.23 USD,,https://bytebuy.store/product/alibaba-electronics-62178650739/,https://sc02.alicdn.com/kf/Hb8f83059e39a4d9e8e3f687cf5091207D.jpg_200x200.jpg,ByteBuy,Consumer Electronics,Consumer Electronics,alibaba-electronics
alibaba-electronics-62201918866,Smart bracelet Heart rate monitor pedometer fitness tracker cheap m3 smart band,Category: Consumer Electronics.,in stock,new,3.50 USD,,https://bytebuy.store/product/alibaba-electronics-62201918866/,https://sc02.alicdn.com/kf/H8124974e8f1c46f987a41a5486463670P.jpg_200x200.jpg,ByteBuy,Consumer Electronics,Consumer Electronics,alibaba-electronics
alibaba-electronics-62206579546,Luxury Bling Soft Frame Shiny Marble Pattern Tempered Glass Back Cover Case For Realme 3i,Category: Consumer Electronics.,in stock,new,1.30 USD,,https://bytebuy.store/product/alibaba-electronics-62206579546/,https://sc02.alicdn.com/kf/HTB1MH6KXYr1gK0jSZFDq6z9yVXay.jpg_200x200.jpg,ByteBuy,Consumer Electronics,Consumer Electronics,alibaba-electronics
alibaba-electronics-62427029479,Airpoding White matte black Wireless Earbuds Air I500 Pro touch control wireless charging i200 i1000 blackpods pro,Category: Consumer Electronics.,in stock,new,12.55 USD,,https://bytebuy.store/product/alibaba-electronics-62427029479/,https://sc02.alicdn.com/kf/Hd11a9064c8b74b5dbf40d973c0499e32v.png_200x200.jpg,ByteBuy,Consumer Electronics,Consumer Electronics,alibaba-electronics
alibaba-electronics-60501443222,2019 Trending New Arrival energy saving 3 in 1 camping hand crank mobile phone charger with dual usb output,Category: Consumer Electronics.,in stock,new,12.70 USD,,https://bytebuy.store/product/alibaba-electronics-60501443222/,https://sc02.alicdn.com/kf/HLB1B1wSS7zoK1RjSZFlq6yi4VXaw.jpg_200x200.jpg,ByteBuy,Consumer Electronics,Consumer Electronics,alibaba-electronics
alibaba-electronics-62091962797,2019 Xboon New product tws earbuds portable earphone stereo earbuds i7s,Category: Consumer Electronics.,in stock,new,2.50 USD,,https://bytebuy.store/product/alibaba-electronics-62091962797/,https://sc02.alicdn.com/kf/HLB1Pr4MSFzqK1RjSZFvq6AB7VXaz.jpg_200x200.jpg,ByteBuy,Consumer Electronics,Consumer Electronics,alibaba-electronics
alibaba-electronics-60796776228,i7s TWS wireless earphone Chinese factory accept OEM order,Category: Consumer Electronics.,in stock,new,5.04 USD,,https://bytebuy.store/product/alibaba-electronics-60796776228/,https://sc02.alicdn.com/kf/HTB1egnvKgaTBuNjSszfq6xgfpXaw.jpg_200x200.jpg,ByteBuy,Consumer Electronics,Consumer Electronics,alibaba-electronics
alibaba-electronics-62330685716,2in1 m1 smart watch+ bluetooth earbuds fitness band bracelet,Category: Consumer Electronics.,in stock,new,27.69 USD,,https://bytebuy.store/product/alibaba-electronics-62330685716/,https://sc02.alicdn.com/kf/He6a6e82100d74c99a31eef7360cbf0405.jpg_200x200.jpg,ByteBuy,Consumer Electronics,Consumer Electronics,alibaba-electronics
alibaba-electronics-62401310458,Remote Controller Smart Home Voice Control WiFi IR Control Hub Remote Controller,Category: Consumer Electronics.,in stock,new,6.09 USD,,https://bytebuy.store/product/alibaba-electronics-62401310458/,https://sc02.alicdn.com/kf/H4cd0888a307a4c62ad75797375238e17b.jpg_200x200.jpg,ByteBuy,Consumer Electronics,Consumer Electronics,alibaba-electronics
alibaba-electronics-60789478198,Hot selling Factory Custom logo custom box 2in1 Universal QI fast wireless charger for iPhone for Samsung for Xiaomi for Huawei,Category: Consumer Electronics.,in stock,new,3.20 USD,,https://bytebuy.store/product/alibaba-electronics-60789478198/,https://sc02.alicdn.com/kf/HTB1q145XLWG3KVjSZFPq6xaiXXa8.jpg_200x200.jpg,ByteBuy,Consumer Electronics,Consumer Electronics,alibaba-electronics
alibaba-electronics-62173618398,LCD for Huawei Mediapad MediaPad T3 10 Display for Huawei AGS-L03 AGS-L09 AGS-W09 LCD Screen Replacement Parts,Category: Consumer Electronics.,in stock,new,18.31 USD,,https://bytebuy.store/product/alibaba-electronics-62173618398/,https://sc02.alicdn.com/kf/HTB1I5IQdA5E3KVjSZFCq6zuzXXav.jpg_200x200.jpg,ByteBuy,Consumer Electronics,Consumer Electronics,alibaba-electronics
alibaba-electronics-62454113425,unlock mate30 lnch6.1 cheap Smartphone face recognition fingerprint full Screen high sales volume Mobile Phone,Category: Consumer Electronics.,in stock,new,70.00 USD,,https://bytebuy.store/product/alibaba-electronics-62454113425/,https://sc02.alicdn.com/kf/Hb84fabfe98674cd7a0cfb84af4d085e7m.jpg_200x200.jpg,ByteBuy,Consumer Electronics,Consumer Electronics,alibaba-electronics
alibaba-electronics-62397396334,Hoco ES32 Full Black Design Original Series TWS Wireless Headset,Category: Consumer Electronics.,in stock,new,21.88 USD,,https://bytebuy.store/product/alibaba-electronics-62397396334/,https://sc02.alicdn.com/kf/H760fda03f753434f93218ad01bf1b805w.jpg_200x200.jpg,ByteBuy,Consumer Electronics,Consumer Electronics,alibaba-electronics
alibaba-electronics-62036052425,Jinghao Electronic Ear Hearing Device In-ear Earphone Earbuds,Category: Consumer Electronics.,in stock,new,17.48 USD,,https://bytebuy.store/product/alibaba-electronics-62036052425/,https://sc02.alicdn.com/kf/HTB1IdLEMb2pK1RjSZFsq6yNlXXaB.jpg_200x200.jpg,ByteBuy,Consumer Electronics,Consumer Electronics,alibaba-electronics
alibaba-electronics-62385374770,TWS F9 5.0 True Wireless Headphones With Deep Bass HD Voice Noise Cancelling BT With LED Electricity Display Shenzhen Factory,Category: Consumer Electronics.,in stock,new,10.80 USD,,https://bytebuy.store/product/alibaba-electronics-62385374770/,https://sc02.alicdn.com/kf/H0f5c2376618d44a8aa17dc3b7406f8aaD.jpg_200x200.jpg,ByteBuy,Consumer Electronics,Consumer Electronics,alibaba-electronics
alibaba-electronics-62266377903,Factory Directly Supply Phone LCD Replacement S9 Plus touch Display for Samsung Galaxy S9 Plus SM-G965F Assembly,Category: Consumer Electronics.,in stock,new,127.97 USD,,https://bytebuy.store/product/alibaba-electronics-62266377903/,https://sc02.alicdn.com/kf/H2e5398f19fea4e2199a8f10b6c76081fB.jpg_200x200.jpg,ByteBuy,Consumer Electronics,Consumer Electronics,alibaba-electronics
alibaba-electronics-62421998525,New Arrival K20 Wifi Fpv 4K Drone With Gps And Hd Camera Gps Drone,Category: Consumer Electronics.,in stock,new,114.38 USD,,https://bytebuy.store/product/alibaba-electronics-62421998525/,https://sc02.alicdn.com/kf/H2d24e7622f2a42debf7bb466ff43e7e7Y.jpg_200x200.jpg,ByteBuy,Consumer Electronics,Consumer Electronics,alibaba-electronics
alibaba-electronics-60676691345,"For Apple Watch for iPhone Bamboo Wood Charging Stand, Charge Dock Holder, Desktop Smart Charging Station",Category: Consumer Electronics.,in stock,new,2.60 USD,,https://bytebuy.store/product/alibaba-electronics-60676691345/,https://sc02.alicdn.com/kf/HTB1e1N9G1uSBuNjSsziq6zq8pXaQ.jpg_200x200.jpg,ByteBuy,Consumer Electronics,Consumer Electronics,alibaba-electronics
alibaba-electronics-62123443575,xiaomi Haylou GT2 3D Stereo Bluetooth Earphones Automatic Pairing Mini TWS Wireless Earbuds,Category: Consumer Electronics.,in stock,new,15.00 USD,,https://bytebuy.store/product/alibaba-electronics-62123443575/,https://sc02.alicdn.com/kf/Ha600ed43d6bf48c4bde42b0f6f21e1bbR.jpg_200x200.jpg,ByteBuy,Consumer Electronics,Consumer Electronics,alibaba-electronics
alibaba-electronics-60670531049,SJ4000+ Plus WiFi Standard Version 1080p full hd Action Camera sport dv camera,Category: Consumer Electronics.,in stock,new,6.00 USD,,https://bytebuy.store/product/alibaba-electronics-60670531049/,https://sc02.alicdn.com/kf/HTB1JX_NlXooBKNjSZFPq6xa2XXak.jpg_200x200.jpg,ByteBuy,Consumer Electronics,Consumer Electronics,alibaba-electronics
alibaba-electronics-60620006837,Qi wireless charging from factory direct supply holder smart phone wireless car charger magnetic,Category: Consumer Electronics.,in stock,new,60.00 USD,,https://bytebuy.store/product/alibaba-electronics-60620006837/,https://sc02.alicdn.com/kf/Hf9d52402a0ba4e439168831e8aa47225L.png_200x200.jpg,ByteBuy,Consumer Electronics,Consumer Electronics,alibaba-electronics
alibaba-electronics-62387263784,"On Stock Cheap High DPI LED light game mouse and keyboard set, gaming keyboard mouse set",Category: Consumer Electronics.,in stock,new,3.15 USD,,https://bytebuy.store/product/alibaba-electronics-62387263784/,https://sc02.alicdn.com/kf/H193a4d7d411b4b1f8a3d75e3f370b87fg.jpg_200x200.jpg,ByteBuy,Consumer Electronics,Consumer Electronics,alibaba-electronics
alibaba-electronics-60806340740,Original OPPO A5 Mobile Phone 4G LTE Android 8.1 SDM450B Octa Core 4G RAM 64G ROM 6.2&#34; 19&#34;9 4230mAh 13MP Face Recognize,Category: Consumer Electronics.,in stock,new,239.99 USD,,https://bytebuy.store/product/alibaba-electronics-60806340740/,https://sc02.alicdn.com/kf/HTB1zT3OXjzuK1Rjy0Fpq6yEpFXaU.jpg_200x200.jpg,ByteBuy,Consumer Electronics,Consumer Electronics,alibaba-electronics
alibaba-apparel-62087585406,Ruched one shoulder real actual evening party cocktail customized long african cheap bridesmaid dresses MBLB374,Category: Apparel.,in stock,new,39.00 USD,,https://bytebuy.store/product/alibaba-apparel-62087585406/,https://sc02.alicdn.com/kf/HLB1PGygSkvoK1RjSZFwq6AiCFXau.jpg_200x200.jpg,ByteBuy,Apparel,Apparel,alibaba-apparel
alibaba-apparel-60790842951,Low MOQ and cheap custom black matte cardboard marbling printing clothes hang tag with your own logo,Category: Apparel.,in stock,new,0.18 USD,,https://bytebuy.store/product/alibaba-apparel-60790842951/,https://sc02.alicdn.com/kf/HTB1wct.KgmTBuNjy1Xbq6yMrVXaF.jpg_200x200.jpg,ByteBuy,Apparel,Apparel,alibaba-apparel
alibaba-apparel-60738008772,African Dresses for Women Summer Dress Women Dashiki African Print Dress Maxi Dress Party Sexy Bazin Riche Clothing 6XL WY1794,Category: Apparel.,in stock,new,28.73 USD,,https://bytebuy.store/product/alibaba-apparel-60738008772/,https://sc02.alicdn.com/kf/H3d0f00951651479d8f5f9871d0a48d82d.jpg_200x200.jpg,ByteBuy,Apparel,Apparel,alibaba-apparel
alibaba-apparel-62079732193,China factory wholesale children and adult high elastic girls multicolor velvet ballet dance tights pantyhose training wear,Category: Apparel.,in stock,new,0.78 USD,,https://bytebuy.store/product/alibaba-apparel-62079732193/,https://sc02.alicdn.com/kf/HLB1vQSERxnaK1RjSZFtq6zC2VXaF.jpg_200x200.jpg,ByteBuy,Apparel,Apparel,alibaba-apparel
alibaba-apparel-62312546812,Wholesale fashion women leopard print matching mid-sleeve casual 2 piece set clothing FM-CFY6663,Category: Apparel.,in stock,new,8.80 USD,,https://bytebuy.store/product/alibaba-apparel-62312546812/,https://sc02.alicdn.com/kf/H93d3c55489704990b02042330a4ba1d35.jpg_200x200.jpg,ByteBuy,Apparel,Apparel,alibaba-apparel
alibaba-apparel-60817959745,Jacket Womens Thick Warm winter wear in lamb terry fur womens teddy bear teddy coat women teddy coat,Category: Apparel.,in stock,new,36.80 USD,,https://bytebuy.store/product/alibaba-apparel-60817959745/,https://sc02.alicdn.com/kf/HTB1K1EiXLvsK1Rjy0Fiq6zwtXXa1.jpg_200x200.jpg,ByteBuy,Apparel,Apparel,alibaba-apparel
alibaba-apparel-62186786920,UPGRADE marvel happy cozy crew custom logo socks no minimum order,Category: Apparel.,in stock,new,1.20 USD,,https://bytebuy.store/product/alibaba-apparel-62186786920/,https://sc02.alicdn.com/kf/HTB1TOaneUCF3KVjSZJnq6znHFXaU.jpg_200x200.jpg,ByteBuy,Apparel,Apparel,alibaba-apparel
alibaba-apparel-62255779941,Men&#39;s Zipper Stand Collar Camouflage Long Sleeve Outdoor T Shirt Sports Men Hunting T Shirt Outdoor Military T Shirt For Man,Category: Apparel.,in stock,new,10.50 USD,,https://bytebuy.store/product/alibaba-apparel-62255779941/,https://sc02.alicdn.com/kf/H6abe24911e594c26b752dc4b179753017.jpg_200x200.jpg,ByteBuy,Apparel,Apparel,alibaba-apparel
alibaba-apparel-62322703640,Elegant long sleeve warm zipper parkas women jacket office lady 2019 fashion winter hooded long jacket coat,Category: Apparel.,in stock,new,12.50 USD,,https://bytebuy.store/product/alibaba-apparel-62322703640/,https://sc02.alicdn.com/kf/Heded2d92ad5b4ac6a8adaa641b3dc439q.jpg_200x200.jpg,ByteBuy,Apparel,Apparel,alibaba-apparel
alibaba-apparel-62391511622,91103-MX54 autumn solid casual dress for sehe fashion,Category: Apparel.,in stock,new,9.26 USD,,https://bytebuy.store/product/alibaba-apparel-62391511622/,https://sc02.alicdn.com/kf/Hf3ddca27a5b249aeab1665abb9e3278fi.jpg_200x200.jpg,ByteBuy,Apparel,Apparel,alibaba-apparel
alibaba-apparel-62230533708,Custom 3D Printing Short Sleeve Tshirts Plus Size Japanese Demon Slayer: Kimetsu No Yaiba Anime Figure T-shirts,Category: Apparel.,in stock,new,6.62 USD,,https://bytebuy.store/product/alibaba-apparel-62230533708/,https://sc02.alicdn.com/kf/Hd6596cc1298b45178e80486aa4ef61bap.jpg_200x200.jpg,ByteBuy,Apparel,Apparel,alibaba-apparel
alibaba-apparel-62413632203,Wholesales High quality side stripe fitness zipper legging jogger trackpants men,Category: Apparel.,in stock,new,6.88 USD,,https://bytebuy.store/product/alibaba-apparel-62413632203/,https://sc02.alicdn.com/kf/H0742c781074044bf863412ebd7c87fc8R.png_200x200.jpg,ByteBuy,Apparel,Apparel,alibaba-apparel
alibaba-apparel-62331706111,2019 New Listing Women Ftv Midnight Hot Lingerie Sexy Transparent Babydoll,Category: Apparel.,in stock,new,4.62 USD,,https://bytebuy.store/product/alibaba-apparel-62331706111/,https://sc02.alicdn.com/kf/H50de70196f4a42c0a756c39e0637759aP.jpg_200x200.jpg,ByteBuy,Apparel,Apparel,alibaba-apparel
alibaba-apparel-62068560784,DRA-118 New Design Elegent bodice Flower Rhinestone applique dress crystal beads patches for wedding evening Dress,Category: Apparel.,in stock,new,195.00 USD,,https://bytebuy.store/product/alibaba-apparel-62068560784/,https://sc02.alicdn.com/kf/H537672a5d5d54a8bb04cd9f383bb2b4fQ.jpg_200x200.jpg,ByteBuy,Apparel,Apparel,alibaba-apparel
alibaba-apparel-62445117892,CG2490 - women modern casual leopard long sleeve bandage mini dress,Category: Apparel.,in stock,new,5.34 USD,,https://bytebuy.store/product/alibaba-apparel-62445117892/,https://sc02.alicdn.com/kf/H3e17025325b74634a091921a0d6e4136H.jpg_200x200.jpg,ByteBuy,Apparel,Apparel,alibaba-apparel
alibaba-apparel-62121123018,2019 New Arrival 100% Cotton Breathable Summer Kids Girls Pants Blue Stretch Girls Trousers,Category: Apparel.,in stock,new,2.85 USD,,https://bytebuy.store/product/alibaba-apparel-62121123018/,https://sc02.alicdn.com/kf/HTB15C66VVzqK1RjSZFvq6AB7VXaa.jpg_200x200.jpg,ByteBuy,Apparel,Apparel,alibaba-apparel
alibaba-apparel-62131965803,HFX 2019 High Quality Swiss Voile Lace Latest Purple Nigerian French African Lace Fabric For Clothing,Category: Apparel.,in stock,new,57.00 USD,,https://bytebuy.store/product/alibaba-apparel-62131965803/,https://sc02.alicdn.com/kf/HTB1_h.GX21H3KVjSZFHq6zKppXah.jpg_200x200.jpg,ByteBuy,Apparel,Apparel,alibaba-apparel
alibaba-apparel-62080241543,2019 Summer Maternity Women Short sleeve Dresses Clothing Women Short sleeve Pregnant Maternity Dress Flower Maternity,Category: Apparel.,in stock,new,5.03 USD,,https://bytebuy.store/product/alibaba-apparel-62080241543/,https://sc02.alicdn.com/kf/HLB18DBSRCzqK1RjSZPcq6zTepXaZ.jpg_200x200.jpg,ByteBuy,Apparel,Apparel,alibaba-apparel
alibaba-apparel-62181014838,New arrivalfloral satin skirts for muslim women islamic skirts,Category: Apparel.,in stock,new,13.33 USD,,https://bytebuy.store/product/alibaba-apparel-62181014838/,https://sc02.alicdn.com/kf/HTB1e18AelCw3KVjSZFlq6AJkFXam.jpg_200x200.jpg,ByteBuy,Apparel,Apparel,alibaba-apparel
alibaba-apparel-62364427961,High quality women summer solid short skirt strapless club bodycon sequin two piece dress,Category: Apparel.,in stock,new,9.36 USD,,https://bytebuy.store/product/alibaba-apparel-62364427961/,https://sc02.alicdn.com/kf/Heae8737bb65a43798d7261046e135a07Q.jpg_200x200.jpg,ByteBuy,Apparel,Apparel,alibaba-apparel
alibaba-apparel-62072179944,C41635 Korean version high-end stretch graffiti jeans male teens patches jeans,Category: Apparel.,in stock,new,14.00 USD,,https://bytebuy.store/product/alibaba-apparel-62072179944/,https://sc02.alicdn.com/kf/HLB14jkldu3tHKVjSZSgq6x4QFXax.jpg_200x200.jpg,ByteBuy,Apparel,Apparel,alibaba-apparel
alibaba-apparel-62266538829,Women Clothes Vendor 2019 Latest Sexy Dress Slim Night Club Mini Dress For Woman,Category: Apparel.,in stock,new,9.97 USD,,https://bytebuy.store/product/alibaba-apparel-62266538829/,https://sc02.alicdn.com/kf/Heb6275cce5b24736b6e2b1282b71655ac.jpg_200x200.jpg,ByteBuy,Apparel,Apparel,alibaba-apparel
alibaba-apparel-60742745242,OEM ball gown girl&#39;s dress kids clothing children long sleeve first communion dresses kids evening gowns party dress for girls,Category: Apparel.,in stock,new,55.00 USD,,https://bytebuy.store/product/alibaba-apparel-60742745242/,https://sc02.alicdn.com/kf/HTB1h7vIcNGYBuNjy0Fnq6x5lpXa1.jpg_200x200.jpg,ByteBuy,Apparel,Apparel,alibaba-apparel
alibaba-apparel-62359106502,New winter clothing warm Warm Jacket Hooded men fashion cotton coat,Category: Apparel.,in stock,new,24.24 USD,,https://bytebuy.store/product/alibaba-apparel-62359106502/,https://sc02.alicdn.com/kf/H4bd6fa33629e4bfbaa910b9e5f957289h.jpg_200x200.jpg,ByteBuy,Apparel,Apparel,alibaba-apparel
alibaba-apparel-60733642930,New style sexy girl transparent lace sexy lady nice bra and panty,Category: Apparel.,in stock,new,2.50 USD,,https://bytebuy.store/product/alibaba-apparel-60733642930/,https://sc02.alicdn.com/kf/HTB16fFhJSrqK1RjSZK9q6xyypXa3.jpg_200x200.jpg,ByteBuy,Apparel,Apparel,alibaba-apparel
alibaba-apparel-62412216022,Kids bedazzled Fishnet Tights Rhinestone Pantyhose Princess Girls Stockings Toddler Glitter green and red rhinestone tights,Category: Apparel.,in stock,new,2.10 USD,,https://bytebuy.store/product/alibaba-apparel-62412216022/,https://sc02.alicdn.com/kf/Hd50c6bb655154148bed708c797fb17ebJ.jpg_200x200.jpg,ByteBuy,Apparel,Apparel,alibaba-apparel
alibaba-apparel-60692281301,Wholesale 100% organic cotton baby bandana drool bibs,Category: Apparel.,in stock,new,4.80 USD,,https://bytebuy.store/product/alibaba-apparel-60692281301/,https://sc02.alicdn.com/kf/H2811635ec98945aea49e98762f26f1a9b.jpg_200x200.jpg,ByteBuy,Apparel,Apparel,alibaba-apparel
alibaba-apparel-62021865672,Latex Waist Trainer Corset Belly Slimming Underwear Belt Sheath Body Shaper Modeling Strap 25 Steel Boned Waist Cincher,Category: Apparel.,in stock,new,11.66 USD,,https://bytebuy.store/product/alibaba-apparel-62021865672/,https://sc02.alicdn.com/kf/HTB13D5obtfvK1RjSspoq6zfNpXaS.jpg_200x200.jpg,ByteBuy,Apparel,Apparel,alibaba-apparel
alibaba-apparel-60653787272,Customized Print Logo webbing for Dog collar and leash custom printed nylon webbing,Category: Apparel.,in stock,new,1.00 USD,,https://bytebuy.store/product/alibaba-apparel-60653787272/,https://sc02.alicdn.com/kf/Hb8637758bbf04536ba5e00f4596b3e29M.jpg_200x200.jpg,ByteBuy,Apparel,Apparel,alibaba-apparel
alibaba-apparel-62013207398,2019 Black Waterproof Windproof Breathable Hight Quality DownJacket for Winter,Category: Apparel.,in stock,new,119.62 USD,,https://bytebuy.store/product/alibaba-apparel-62013207398/,https://sc02.alicdn.com/kf/U50352c96ffc54c9884d07f663d372adaY.jpg_200x200.jpg,ByteBuy,Apparel,Apparel,alibaba-apparel
alibaba-apparel-62225853943,Full Transparent Sexy Lingerie Bra Panty Set Images Lenceria Sexy,Category: Apparel.,in stock,new,2.61 USD,,https://bytebuy.store/product/alibaba-apparel-62225853943/,https://sc02.alicdn.com/kf/H2f2b936478db4dacbd3be8241114b5bay.jpg_200x200.jpg,ByteBuy,Apparel,Apparel,alibaba-apparel
alibaba-apparel-60829359478,A4159 Mens African Clothing Tribal Dashiki Traditional Maxi Stand Collar Long Sleeves Plus Size Dress Shirt,Category: Apparel.,in stock,new,15.00 USD,,https://bytebuy.store/product/alibaba-apparel-60829359478/,https://sc02.alicdn.com/kf/HTB1N1iPaiLrK1Rjy1zdq6ynnpXaP.jpg_200x200.jpg,ByteBuy,Apparel,Apparel,alibaba-apparel
alibaba-apparel-62441462434,Plus Size Clothing Women Black Sexy Bodycon Dress 6XL,Category: Apparel.,in stock,new,9.59 USD,,https://bytebuy.store/product/alibaba-apparel-62441462434/,https://sc02.alicdn.com/kf/Hee8218e101d5405fbca57d1dee7e6e4fA.jpg_200x200.jpg,ByteBuy,Apparel,Apparel,alibaba-apparel
alibaba-apparel-60464648131,two-piece long Skirt Chunky Knit Pullover Korean design ladies Dress women turtleneck sweater dress,Category: Apparel.,in stock,new,18.98 USD,,https://bytebuy.store/product/alibaba-apparel-60464648131/,https://sc02.alicdn.com/kf/HTB1kvfYXinrK1RjSsziq6xptpXaB.jpg_200x200.jpg,ByteBuy,Apparel,Apparel,alibaba-apparel
alibaba-apparel-60681889677,"Custom shirts wholesale , round neck Sportswear plain printed sublimation t shirt",Category: Apparel.,in stock,new,14.50 USD,,https://bytebuy.store/product/alibaba-apparel-60681889677/,https://sc02.alicdn.com/kf/HTB1pRg0bjihSKJjy0Ffq6zGzFXab.jpg_200x200.jpg,ByteBuy,Apparel,Apparel,alibaba-apparel
alibaba-apparel-62197228882,Cycling gear sports protective gear fall - proof chest and back outdoor sleeveless motorcycle body armor for fencing,Category: Apparel.,in stock,new,31.50 USD,,https://bytebuy.store/product/alibaba-apparel-62197228882/,https://sc02.alicdn.com/kf/HTB1sua7XCf2gK0jSZFPq6xsopXaU.jpg_200x200.jpg,ByteBuy,Apparel,Apparel,alibaba-apparel
alibaba-apparel-62000028375,summer new fashion blue and white stripes large size couple t shirts,Category: Apparel.,in stock,new,1.87 USD,,https://bytebuy.store/product/alibaba-apparel-62000028375/,https://sc02.alicdn.com/kf/HTB1dO2KaLvsK1RjSspdq6AZepXaQ.jpg_200x200.jpg,ByteBuy,Apparel,Apparel,alibaba-apparel
alibaba-apparel-62339251873,2019 Newest Style Lady Jean Jacket Camouflage Long Jacket Women Denim Jacket,Category: Apparel.,in stock,new,12.22 USD,,https://bytebuy.store/product/alibaba-apparel-62339251873/,https://sc02.alicdn.com/kf/H413d4ba5bbfc494e817a233d78294827t.jpg_200x200.jpg,ByteBuy,Apparel,Apparel,alibaba-apparel
alibaba-apparel-60557620426,Wholesale Gift Ribbon Custom Logo 2.0cm 3/4 inch Grey Polyester Satin Ribbon Printed,Category: Apparel.,in stock,new,8.50 USD,,https://bytebuy.store/product/alibaba-apparel-60557620426/,https://sc02.alicdn.com/kf/HLB1koNXUG6qK1RjSZFmq6x0PFXa3.jpg_200x200.jpg,ByteBuy,Apparel,Apparel,alibaba-apparel
alibaba-apparel-62271585734,Short printed sling formal summer above knee length ladies dress,Category: Apparel.,in stock,new,8.09 USD,,https://bytebuy.store/product/alibaba-apparel-62271585734/,https://sc02.alicdn.com/kf/H95359d059d5a45f89b5e71e6c374d88be.jpg_200x200.jpg,ByteBuy,Apparel,Apparel,alibaba-apparel
alibaba-apparel-62244495114,Men&#39;s Retro Cargo Trousers Combats Work Loose Workwear Pants Outdoor Hiking Casual Trousers,Category: Apparel.,in stock,new,8.46 USD,,https://bytebuy.store/product/alibaba-apparel-62244495114/,https://sc02.alicdn.com/kf/Ha17b94d42f0949e9b57b4d2b2464e16eX.jpg_200x200.jpg,ByteBuy,Apparel,Apparel,alibaba-apparel
alibaba-apparel-60702925863,YG B209 sexy wholesale china lingerie factory hot fashion show ssexy lingerie,Category: Apparel.,in stock,new,2.30 USD,,https://bytebuy.store/product/alibaba-apparel-60702925863/,https://sc02.alicdn.com/kf/HTB1G1RPoHwTMeJjSszfq6xbtFXaN.jpg_200x200.jpg,ByteBuy,Apparel,Apparel,alibaba-apparel
alibaba-apparel-62293733407,See through velvet sleepwear luxury sleepwear seductive sleepwear,Category: Apparel.,in stock,new,13.66 USD,,https://bytebuy.store/product/alibaba-apparel-62293733407/,https://sc02.alicdn.com/kf/H3c2b207da37443199364bb477a9744829.jpg_200x200.jpg,ByteBuy,Apparel,Apparel,alibaba-apparel
alibaba-apparel-62171109635,Dropshipping front cross wireless XL lingerie for women bra panty set push up,Category: Apparel.,in stock,new,2.28 USD,,https://bytebuy.store/product/alibaba-apparel-62171109635/,https://sc02.alicdn.com/kf/HTB1Ad5EdCWD3KVjSZSgq6ACxVXaF.jpg_200x200.jpg,ByteBuy,Apparel,Apparel,alibaba-apparel
alibaba-apparel-60143501643,Newest10x14mm waterdrop highest quality K9 sew on stones clearcrystal rhinestones with gold claw setting no any scratch or dirty,Category: Apparel.,in stock,new,28.80 USD,,https://bytebuy.store/product/alibaba-apparel-60143501643/,https://sc02.alicdn.com/kf/HTB1spIVEQSWBuNjSszdq6zeSpXaK.jpg_200x200.jpg,ByteBuy,Apparel,Apparel,alibaba-apparel
alibaba-apparel-62082136957,Shawl Lapel Tuxedos Big size Best Man Blazer (Jacket+waistcoat+Pants) Burgundy Men Suits for weddings MMA369,Category: Apparel.,in stock,new,59.99 USD,,https://bytebuy.store/product/alibaba-apparel-62082136957/,https://sc02.alicdn.com/kf/HLB1D4ZNRCzqK1RjSZFpq6ykSXXa7.jpg_200x200.jpg,ByteBuy,Apparel,Apparel,alibaba-apparel
alibaba-apparel-60778655528,KTFL1014 22mm 2pcs loose sexy home wear 100% pure silk sleepwear long pajamas,Category: Apparel.,in stock,new,103.00 USD,,https://bytebuy.store/product/alibaba-apparel-60778655528/,https://sc02.alicdn.com/kf/HTB14RNAlBsmBKNjSZFFq6AT9VXa6.jpg_200x200.jpg,ByteBuy,Apparel,Apparel,alibaba-apparel
alibaba-apparel-62160461052,New style comfortable Fashion ladies heather push up bra Thailand With different Color&#39;s Straps,Category: Apparel.,in stock,new,1.40 USD,,https://bytebuy.store/product/alibaba-apparel-62160461052/,https://sc02.alicdn.com/kf/Uc6e595520e99407c8c2231ac15cf7a02M.jpg_200x200.jpg,ByteBuy,Apparel,Apparel,alibaba-apparel
alibaba-apparel-62247292882,Hot New Products Sexy Ladies Pajamas And Sleepwear Luxury Nightgown Romantic Night Dress,Category: Apparel.,in stock,new,6.50 USD,,https://bytebuy.store/product/alibaba-apparel-62247292882/,https://sc02.alicdn.com/kf/H001680bea23346ebbe27de0d3ae1e191X.jpg_200x200.jpg,ByteBuy,Apparel,Apparel,alibaba-apparel
alibaba-apparel-62372386192,High Quality Long Sleeve Women Celebrity Evening Party Bandage Bodycon Dress,Category: Apparel.,in stock,new,53.00 USD,,https://bytebuy.store/product/alibaba-apparel-62372386192/,https://sc02.alicdn.com/kf/H3392ac3508a343c1a61f54a2c04b9438n.jpg_200x200.jpg,ByteBuy,Apparel,Apparel,alibaba-apparel
alibaba-apparel-62311546276,Summer High Waist Female Yoga Pants Letter Printed Push Up Long Tights For Running Women Compression Fitness Sport Leggings,Category: Apparel.,in stock,new,4.20 USD,,https://bytebuy.store/product/alibaba-apparel-62311546276/,https://sc02.alicdn.com/kf/H5baaaf512fe9464187e2c72989622b1cz.jpg_200x200.jpg,ByteBuy,Apparel,Apparel,alibaba-apparel
alibaba-apparel-62309004329,OEM Design Denim Jacket Men Hooded Sportswear Outdoors Fashion Hip-Hop Jeans Jackets Hoodies Loose Cowboy Mens Jacket and Coat,Category: Apparel.,in stock,new,22.99 USD,,https://bytebuy.store/product/alibaba-apparel-62309004329/,https://sc02.alicdn.com/kf/H7c91bc901e594cb0b6ead925075220f88.jpg_200x200.jpg,ByteBuy,Apparel,Apparel,alibaba-apparel
alibaba-apparel-62377179184,9110432 best price solid candy color loose hoodie casual trouser Two Piece Set Women Clothing,Category: Apparel.,in stock,new,7.95 USD,,https://bytebuy.store/product/alibaba-apparel-62377179184/,https://sc02.alicdn.com/kf/Hd919e3be1fb340ae8491eafe4a5e93d6q.jpg_200x200.jpg,ByteBuy,Apparel,Apparel,alibaba-apparel
alibaba-apparel-60727763773,2019 Custom Womens Slim Fit Midi Pencil Skirt With Good Quality,Category: Apparel.,in stock,new,7.00 USD,,https://bytebuy.store/product/alibaba-apparel-60727763773/,https://sc02.alicdn.com/kf/HTB1gkG5bO6guuRkSnb4q6zu4XXaf.jpg_200x200.jpg,ByteBuy,Apparel,Apparel,alibaba-apparel
alibaba-apparel-62322804603,China Cheap price Fall Winter Baby Clothes Girl Reindeer Plaid Outfit Girls Boutique Sets Christmas Clothing Kids Ruffle Outfit,Category: Apparel.,in stock,new,6.00 USD,,https://bytebuy.store/product/alibaba-apparel-62322804603/,https://sc02.alicdn.com/kf/H0d7d5daacd0f48109e09760928c26a57v.jpg_200x200.jpg,ByteBuy,Apparel,Apparel,alibaba-apparel
alibaba-apparel-60778408163,Plain Black Printed Wedding Party Socks Groom Socks Best Man Socks,Category: Apparel.,in stock,new,1.90 USD,,https://bytebuy.store/product/alibaba-apparel-60778408163/,https://sc02.alicdn.com/kf/HTB1Kmw7kBsmBKNjSZFsq6yXSVXai.jpg_200x200.jpg,ByteBuy,Apparel,Apparel,alibaba-apparel
alibaba-apparel-60761470112,china wholesale blank button pin badge materials,Category: Apparel.,in stock,new,0.03 USD,,https://bytebuy.store/product/alibaba-apparel-60761470112/,https://sc02.alicdn.com/kf/HTB1k4S6smtYBeNjSspaq6yOOFXax.jpg_200x200.jpg,ByteBuy,Apparel,Apparel,alibaba-apparel
alibaba-apparel-62430084673,Womens shirt Summer V Neck Straps sleeveless Vest Falbala Casual Tank Tops Cami Shirt Chiffon Blouse,Category: Apparel.,in stock,new,11.50 USD,,https://bytebuy.store/product/alibaba-apparel-62430084673/,https://sc02.alicdn.com/kf/Hd83ac52ddf624ae08e350f0fe8a29517Q.jpg_200x200.jpg,ByteBuy,Apparel,Apparel,alibaba-apparel
alibaba-apparel-62261316489,High quality sweatshirt custom streetwear zip up fashion men&#39;s hoodie,Category: Apparel.,in stock,new,18.34 USD,,https://bytebuy.store/product/alibaba-apparel-62261316489/,https://sc02.alicdn.com/kf/Haf279980197944bda885e6b5046cc52eR.jpg_200x200.jpg,ByteBuy,Apparel,Apparel,alibaba-apparel
alibaba-apparel-62225728922,Customized Logo Printing Men Tracksuit Cotton Jogger Pants Sublimation Joggers Male Sport Wear Tapered Slim Fit Sweatpants Soft,Category: Apparel.,in stock,new,7.30 USD,,https://bytebuy.store/product/alibaba-apparel-62225728922/,https://sc02.alicdn.com/kf/Hb25826e8f339443290abeb985645fbeaq.jpg_200x200.jpg,ByteBuy,Apparel,Apparel,alibaba-apparel
alibaba-apparel-62397422733,wholesale push up seamless leggings deporte high waisted workout fitness for women,Category: Apparel.,in stock,new,4.42 USD,,https://bytebuy.store/product/alibaba-apparel-62397422733/,https://sc02.alicdn.com/kf/H288ad8eaccbb4fafa70275d5b677df77x.jpg_200x200.jpg,ByteBuy,Apparel,Apparel,alibaba-apparel
alibaba-apparel-62339820440,Japanese socks summer thin funny toe vertical stripes in stockings transparent stockings socks,Category: Apparel.,in stock,new,0.99 USD,,https://bytebuy.store/product/alibaba-apparel-62339820440/,https://sc02.alicdn.com/kf/H23b2e61bb4304b9abfc9888ec75c4076j.png_200x200.jpg,ByteBuy,Apparel,Apparel,alibaba-apparel
alibaba-apparel-62186873352,S-6XL Men&#39;s blazer suit for business office or wedding suit for men,Category: Apparel.,in stock,new,19.00 USD,,https://bytebuy.store/product/alibaba-apparel-62186873352/,https://sc02.alicdn.com/kf/HTB1SB5xeRGw3KVjSZFwq6zQ2FXab.jpg_200x200.jpg,ByteBuy,Apparel,Apparel,alibaba-apparel
alibaba-apparel-62389389848,Wholesale Summer Fashion Vintage Chinese Japanese Short Sleeve Loose Casual Beach Hawaiian Blouses Tops Printed Shirts For Men,Category: Apparel.,in stock,new,7.20 USD,,https://bytebuy.store/product/alibaba-apparel-62389389848/,https://sc02.alicdn.com/kf/H3bdc648d15c54e29bddd9f1358d38a96i.jpg_200x200.jpg,ByteBuy,Apparel,Apparel,alibaba-apparel
alibaba-apparel-62219640011,Ready-made summer new design slim turn down collar bowknot lace-up high waist short sleeve fashion women floral print dress,Category: Apparel.,in stock,new,15.68 USD,,https://bytebuy.store/product/alibaba-apparel-62219640011/,https://sc02.alicdn.com/kf/Hda388d65013049ee884d4c9f620c6881G.jpg_200x200.jpg,ByteBuy,Apparel,Apparel,alibaba-apparel
alibaba-apparel-62068027649,SAA5046 new design summer digital print stretchy casual women wide leg pants,Category: Apparel.,in stock,new,8.96 USD,,https://bytebuy.store/product/alibaba-apparel-62068027649/,https://sc02.alicdn.com/kf/HTB1ksEPPSzqK1RjSZFjq6zlCFXa2.jpg_200x200.jpg,ByteBuy,Apparel,Apparel,alibaba-apparel
alibaba-apparel-62177453545,Best selling women&#39;s fashion white ruffle dress in the summer of 2019,Category: Apparel.,in stock,new,10.00 USD,,https://bytebuy.store/product/alibaba-apparel-62177453545/,https://sc02.alicdn.com/kf/HTB1T2Wgd8aE3KVjSZLeq6xsSFXa8.jpg_200x200.jpg,ByteBuy,Apparel,Apparel,alibaba-apparel
alibaba-apparel-60832412907,Hot sale sexy leopard print yoga fitness pants sports leggings,Category: Apparel.,in stock,new,0.10 USD,,https://bytebuy.store/product/alibaba-apparel-60832412907/,https://sc02.alicdn.com/kf/H678f888f4dc244a9a32a915aef18c48ax.jpg_200x200.jpg,ByteBuy,Apparel,Apparel,alibaba-apparel
alibaba-apparel-62302168984,Latest Fashion Ladies Blouse Leopard Print Tops Basic Short Sleeve Round Neck Casual Cute T Shirts Soft Vintage Blouse for Women,Category: Apparel.,in stock,new,9.80 USD,,https://bytebuy.store/product/alibaba-apparel-62302168984/,https://sc02.alicdn.com/kf/Hc74ec9ecc9bd496dabdc443ace171bean.jpg_200x200.jpg,ByteBuy,Apparel,Apparel,alibaba-apparel
alibaba-apparel-62372362374,Islamic Muslim Knitting Kufi Topi Prayer Hat Crochet Taqiyah Takke Skull Cap,Category: Apparel.,in stock,new,0.50 USD,,https://bytebuy.store/product/alibaba-apparel-62372362374/,https://sc02.alicdn.com/kf/Hb2819ff426a84fc990605c4adeef9ca8T.jpg_200x200.jpg,ByteBuy,Apparel,Apparel,alibaba-apparel
alibaba-apparel-62367309916,Amazon 3D Print Yoga Pants Women&#39;s High Waist Skinny Workout Gym Leggings Sports Training Cropped Pants,Category: Apparel.,in stock,new,3.78 USD,,https://bytebuy.store/product/alibaba-apparel-62367309916/,https://sc02.alicdn.com/kf/He0f277cd34b3489ea9e85fc67e59746fK.jpg_200x200.jpg,ByteBuy,Apparel,Apparel,alibaba-apparel
alibaba-apparel-60775872358,DRLEBE1909B05 2019 New Arrival Fashion Boy Suede Coats Spring Autumn Kids Coats Wholesale Boys Winter Clothes,Category: Apparel.,in stock,new,11.50 USD,,https://bytebuy.store/product/alibaba-apparel-60775872358/,https://sc02.alicdn.com/kf/H56f2ea87d5ce4befa08a41d0aa08e38be.jpg_200x200.jpg,ByteBuy,Apparel,Apparel,alibaba-apparel
alibaba-apparel-62444110166,Wholesale Summer Newborn Baby linen Clothes 100% Cotton Baby flutter Romper,Category: Apparel.,in stock,new,4.50 USD,,https://bytebuy.store/product/alibaba-apparel-62444110166/,https://sc02.alicdn.com/kf/He71eeef5d1d8485cad76ccc428e521181.jpg_200x200.jpg,ByteBuy,Apparel,Apparel,alibaba-apparel
alibaba-apparel-60832548592,Wholesale hot sale seamless gym korean style women yoga clothes clothing for fitness,Category: Apparel.,in stock,new,3.00 USD,,https://bytebuy.store/product/alibaba-apparel-60832548592/,https://sc02.alicdn.com/kf/HTB1cDpgazzuK1Rjy0Fpq6yEpFXaf.jpg_200x200.jpg,ByteBuy,Apparel,Apparel,alibaba-apparel
alibaba-apparel-62280233449,B60996A European and American women&#39;s clothing wholesale amazon cotton high elastic fabric ironing diamond jeans,Category: Apparel.,in stock,new,11.70 USD,,https://bytebuy.store/product/alibaba-apparel-62280233449/,https://sc02.alicdn.com/kf/Hb2124b5c227d41479bb1f5fcee8e3f36O.jpg_200x200.jpg,ByteBuy,Apparel,Apparel,alibaba-apparel
alibaba-apparel-62092061032,High Quality Long Sleeve Bodycon Dress Women Sexy Deep v-neck Navy Yellow Asymmetrical Clothes Formal Party Wear Bandage Dress,Category: Apparel.,in stock,new,10.99 USD,,https://bytebuy.store/product/alibaba-apparel-62092061032/,https://sc02.alicdn.com/kf/Hb4190dfeb19e4727a84fdb907cb7b6eap.jpg_200x200.jpg,ByteBuy,Apparel,Apparel,alibaba-apparel
alibaba-apparel-60866498433,Customized Letter Personalized Slogan Swimwear One Piece Swimsuit Make your own style bathing suit Swimwear Swimsuit,Category: Apparel.,in stock,new,5.40 USD,,https://bytebuy.store/product/alibaba-apparel-60866498433/,https://sc02.alicdn.com/kf/HTB1PydlasnrK1RkHFrdq6xCoFXaI.jpg_200x200.jpg,ByteBuy,Apparel,Apparel,alibaba-apparel
alibaba-apparel-60818603437,Wind proof heating cable vest for ski,Category: Apparel.,in stock,new,50.00 USD,,https://bytebuy.store/product/alibaba-apparel-60818603437/,https://sc02.alicdn.com/kf/HTB1DpzzXOzxK1RkSnaVq6xn9VXay.jpg_200x200.jpg,ByteBuy,Apparel,Apparel,alibaba-apparel
alibaba-apparel-62088619449,Party Club Long Dress Sexy Red khaki Backless Ruffle Tunic Wrap Midi Satin Slip Off Shoulder Summer Dress Women,Category: Apparel.,in stock,new,10.50 USD,,https://bytebuy.store/product/alibaba-apparel-62088619449/,https://sc02.alicdn.com/kf/HLB1ZD2cSgHqK1RjSZFEq6AGMXXas.jpg_200x200.jpg,ByteBuy,Apparel,Apparel,alibaba-apparel
alibaba-apparel-62293541061,Lover-Beauty Adjustable Straps Waist Tummy Control Women Full Body Shaper Shapewear,Category: Apparel.,in stock,new,12.99 USD,,https://bytebuy.store/product/alibaba-apparel-62293541061/,https://sc02.alicdn.com/kf/H0101d1b4d4e94592823a42a13c491a6cz.jpg_200x200.jpg,ByteBuy,Apparel,Apparel,alibaba-apparel
alibaba-apparel-62349682226,Women Casual Black Off The Shoulder Vertical Stripes Blouse Tops Lady ropa de mujer,Category: Apparel.,in stock,new,5.55 USD,,https://bytebuy.store/product/alibaba-apparel-62349682226/,https://sc02.alicdn.com/kf/Haae72b54d65e4a2db33ad46f4ef57913V.jpg_200x200.jpg,ByteBuy,Apparel,Apparel,alibaba-apparel
alibaba-apparel-62322530987,autumn sexy clothes lady long sleeve deep v casual dress for women,Category: Apparel.,in stock,new,10.96 USD,,https://bytebuy.store/product/alibaba-apparel-62322530987/,https://sc02.alicdn.com/kf/H16c808de4a894cc2a33f657370e1e537K.jpg_200x200.jpg,ByteBuy,Apparel,Apparel,alibaba-apparel
alibaba-apparel-62318517935,Without lining Sports Training Running Short Pants Men&#39;s Gym Shorts,Category: Apparel.,in stock,new,8.50 USD,,https://bytebuy.store/product/alibaba-apparel-62318517935/,https://sc02.alicdn.com/kf/H618a68f5a3fd436c8460119e6f7ae791O.jpg_200x200.jpg,ByteBuy,Apparel,Apparel,alibaba-apparel
alibaba-apparel-62043621789,Simple long sleeve boat neck off the shoulder mermaid wedding dress,Category: Apparel.,in stock,new,120.00 USD,,https://bytebuy.store/product/alibaba-apparel-62043621789/,https://sc02.alicdn.com/kf/H272d696b51ed4993b869997dfb5f13ceQ.jpg_200x200.jpg,ByteBuy,Apparel,Apparel,alibaba-apparel
alibaba-apparel-62318844281,African embroidery magenta lace fabric tulle lace fabric 2019 for wedding dress,Category: Apparel.,in stock,new,8.60 USD,,https://bytebuy.store/product/alibaba-apparel-62318844281/,https://sc02.alicdn.com/kf/Ha64f36a6043243f8a3625f031ad45191Z.png_200x200.jpg,ByteBuy,Apparel,Apparel,alibaba-apparel
alibaba-apparel-62163519069,New arrival high quality custom made print logo no brand plain sport muscle gym tank top men,Category: Apparel.,in stock,new,5.00 USD,,https://bytebuy.store/product/alibaba-apparel-62163519069/,https://sc02.alicdn.com/kf/HTB1Bd1HcSSD3KVjSZFKq6z10VXaE.jpg_200x200.jpg,ByteBuy,Apparel,Apparel,alibaba-apparel
alibaba-apparel-60727138435,Winter thick thermal high quality fashion fuzzy soft kids leggings,Category: Apparel.,in stock,new,3.70 USD,,https://bytebuy.store/product/alibaba-apparel-60727138435/,https://sc02.alicdn.com/kf/H8dc8c15921cb40589b50866a3d6c034cr.jpg_200x200.jpg,ByteBuy,Apparel,Apparel,alibaba-apparel
alibaba-apparel-62014891221,latest design puff long sleeve solid women mini dress A2056,Category: Apparel.,in stock,new,8.77 USD,,https://bytebuy.store/product/alibaba-apparel-62014891221/,https://sc02.alicdn.com/kf/H7e29aca699ff451689969ea4001897f7z.jpg_200x200.jpg,ByteBuy,Apparel,Apparel,alibaba-apparel
alibaba-apparel-62406228637,Custom gym wear gym leggings sexy bodybuilding hollowed out yoga pants high waist sports tights seamless fitness pants,Category: Apparel.,in stock,new,11.00 USD,,https://bytebuy.store/product/alibaba-apparel-62406228637/,https://sc02.alicdn.com/kf/Hd2be206ef7554202afc6d343f4a35c24Q.jpg_200x200.jpg,ByteBuy,Apparel,Apparel,alibaba-apparel
alibaba-apparel-62129446336,"Dropship 3D All Over Print Tshirts Custom Design, Print On Demand Dropship No Minimum Order Custom T Shirt Printing Sublimation",Category: Apparel.,in stock,new,5.20 USD,,https://bytebuy.store/product/alibaba-apparel-62129446336/,https://sc02.alicdn.com/kf/HTB1mYK8XW1s3KVjSZFtq6yLOpXa0.jpg_200x200.jpg,ByteBuy,Apparel,Apparel,alibaba-apparel
alibaba-apparel-62462225316,Women gym camouflage leggings set bra and yoga pants set fitness wear outfit sport wear seamless yoga set,Category: Apparel.,in stock,new,15.00 USD,,https://bytebuy.store/product/alibaba-apparel-62462225316/,https://sc02.alicdn.com/kf/H194352212d5d48bb838e5a4c50a5f089Z.jpg_200x200.jpg,ByteBuy,Apparel,Apparel,alibaba-apparel
alibaba-apparel-60766865252,Wholesale cowboy long sleeve denim shirt casual shirt men,Category: Apparel.,in stock,new,20.00 USD,,https://bytebuy.store/product/alibaba-apparel-60766865252/,https://sc02.alicdn.com/kf/H219afbd2185c4b819621481f813cb1e6n.jpg_200x200.jpg,ByteBuy,Apparel,Apparel,alibaba-apparel
alibaba-apparel-62107236755,Good Price Hot Sale Cheap zhejiang YIWU Socks Market Wholesale Happy Socks New Custom Logo Sport Banana Socks,Category: Apparel.,in stock,new,0.95 USD,,https://bytebuy.store/product/alibaba-apparel-62107236755/,https://sc02.alicdn.com/kf/HLB15HS1USrqK1RjSZK9q6xyypXa2.jpg_200x200.jpg,ByteBuy,Apparel,Apparel,alibaba-apparel
alibaba-apparel-60826204999,Children Bathing Suit Swim with Monofin Girls Kids Costumes Girls Mermaid Tails Swimsuit,Category: Apparel.,in stock,new,17.50 USD,,https://bytebuy.store/product/alibaba-apparel-60826204999/,https://sc02.alicdn.com/kf/HTB1_t.JXZ_vK1Rjy0Foq6xIxVXaC.jpg_200x200.jpg,ByteBuy,Apparel,Apparel,alibaba-apparel
alibaba-apparel-60830693340,OEM Fitness Backless Sports T Shirt Breathable Gym Clothes,Category: Apparel.,in stock,new,11.00 USD,,https://bytebuy.store/product/alibaba-apparel-60830693340/,https://sc02.alicdn.com/kf/HTB1u.5CJYPpK1RjSZFFq6y5PpXah.jpg_200x200.jpg,ByteBuy,Apparel,Apparel,alibaba-apparel
alibaba-apparel-60629542973,New Design Thai Quality Red Portugal Custom Soccer Jersey,Category: Apparel.,in stock,new,9.99 USD,,https://bytebuy.store/product/alibaba-apparel-60629542973/,https://sc02.alicdn.com/kf/HTB1b74pd7fb_uJkSne1q6zE4XXaR.jpg_200x200.jpg,ByteBuy,Apparel,Apparel,alibaba-apparel
alibaba-apparel-62120904790,2019 summer modest 3D pattern french lace women abaya islamic clothing muslim dress with breathable satin fabric,Category: Apparel.,in stock,new,17.60 USD,,https://bytebuy.store/product/alibaba-apparel-62120904790/,https://sc02.alicdn.com/kf/HTB1.ZJXXa1s3KVjSZFAq6x_ZXXaN.jpg_200x200.jpg,ByteBuy,Apparel,Apparel,alibaba-apparel
alibaba-apparel-60819918003,2379 off shoulder body suit botton up cotton knitted body suits women sexy,Category: Apparel.,in stock,new,7.28 USD,,https://bytebuy.store/product/alibaba-apparel-60819918003/,https://sc02.alicdn.com/kf/HTB16s.8XLjsK1Rjy1Xaq6zispXao.jpg_200x200.jpg,ByteBuy,Apparel,Apparel,alibaba-apparel
alibaba-apparel-62211837877,Men Loose Soft Jogger Fitness Beach Sport Shorts Running Training Summer Dry Fit Gym Pant,Category: Apparel.,in stock,new,8.00 USD,,https://bytebuy.store/product/alibaba-apparel-62211837877/,https://sc02.alicdn.com/kf/HTB1pRGBarH1gK0jSZFwq6A7aXXat.jpg_200x200.jpg,ByteBuy,Apparel,Apparel,alibaba-apparel
alibaba-home-garden-60826743944,High Quality 350/450ml Coffee enamel cup mug Classic Look,Category: Home & Garden.,in stock,new,1.70 USD,,https://bytebuy.store/product/alibaba-home-garden-60826743944/,https://sc02.alicdn.com/kf/HTB1NGNLadfvK1RjSspfq6zzXFXaV.jpg_200x200.jpg,ByteBuy,Home & Garden,Home & Garden,alibaba-home-garden
alibaba-home-garden-62187321978,Dog Travel Bowl Pet Folding Bowl Silicone Collapsible Food & Water Bowl,Category: Home & Garden.,in stock,new,0.38 USD,,https://bytebuy.store/product/alibaba-home-garden-62187321978/,https://sc02.alicdn.com/kf/HTB1S.mFeHus3KVjSZKbq6xqkFXaK.jpg_200x200.jpg,ByteBuy,Home & Garden,Home & Garden,alibaba-home-garden
alibaba-home-garden-60728323744,Seamless welding 316l stainless steel beast chain luxury big dog chain,Category: Home & Garden.,in stock,new,5.00 USD,,https://bytebuy.store/product/alibaba-home-garden-60728323744/,https://sc02.alicdn.com/kf/HTB1crJUczfguuRjSspaq6yXVXXad.jpg_200x200.jpg,ByteBuy,Home & Garden,Home & Garden,alibaba-home-garden
alibaba-home-garden-62180371928,High capacity Rectangular Stainless Steel Bento Lunch Box for Kids Food Container,Category: Home & Garden.,in stock,new,8.65 USD,,https://bytebuy.store/product/alibaba-home-garden-62180371928/,https://sc02.alicdn.com/kf/Hc20b14be145949c2ab8dddf5328562759.jpg_200x200.jpg,ByteBuy,Home & Garden,Home & Garden,alibaba-home-garden
alibaba-home-garden-60737839635,Clear Storage Box Plastic Organizer 36 Compartment with Adjustable Dividers,Category: Home & Garden.,in stock,new,3.49 USD,,https://bytebuy.store/product/alibaba-home-garden-60737839635/,https://sc02.alicdn.com/kf/HTB1oAAeXG61gK0jSZFlq6xDKFXa4.jpg_200x200.jpg,ByteBuy,Home & Garden,Home & Garden,alibaba-home-garden
alibaba-home-garden-62194401775,10&#34; Tray Low Moq Kitchen Plate Gold Rim Dinnerware Set Ceramic Plate,Category: Home & Garden.,in stock,new,4.66 USD,,https://bytebuy.store/product/alibaba-home-garden-62194401775/,https://sc02.alicdn.com/kf/HTB1OQNwXhz1gK0jSZSgq6yvwpXaH.jpg_200x200.jpg,ByteBuy,Home & Garden,Home & Garden,alibaba-home-garden
alibaba-home-garden-60381674463,Auto car Cigarette Lighter plug & socket,Category: Home & Garden.,in stock,new,0.96 USD,,https://bytebuy.store/product/alibaba-home-garden-60381674463/,https://sc02.alicdn.com/kf/HTB1CSVvFxSYBuNjSspjq6x73VXaG.jpg_200x200.jpg,ByteBuy,Home & Garden,Home & Garden,alibaba-home-garden
alibaba-home-garden-60722494673,Top quality kids manicure pedicure set electric baby nail trimmer for wholesale,Category: Home & Garden.,in stock,new,2.50 USD,,https://bytebuy.store/product/alibaba-home-garden-60722494673/,https://sc02.alicdn.com/kf/HTB1jeZpidrJ8KJjSspa760uKpXag.png_200x200.jpg,ByteBuy,Home & Garden,Home & Garden,alibaba-home-garden
alibaba-home-garden-62197704798,Eco Friendly New Product Ideas 2020 Home Garden Simple Portable Creative Nordic Color Travel Baby Mini PP Toothbrush Box,Category: Home & Garden.,in stock,new,0.60 USD,,https://bytebuy.store/product/alibaba-home-garden-62197704798/,https://sc02.alicdn.com/kf/HTB1YuuCXxD1gK0jSZFyq6AiOVXaD.jpg_200x200.jpg,ByteBuy,Home & Garden,Home & Garden,alibaba-home-garden
alibaba-home-garden-62164639640,36inch Bamboo Marshmallow Stick for Amazon Sale,Category: Home & Garden.,in stock,new,2.65 USD,,https://bytebuy.store/product/alibaba-home-garden-62164639640/,https://sc02.alicdn.com/kf/H97d10f411a204d25a693be0b38a5f176u.jpg_200x200.jpg,ByteBuy,Home & Garden,Home & Garden,alibaba-home-garden
alibaba-home-garden-62212663307,Online Best Seller 98 pcs PU Leather Large Set Travel Home Storage Sewing kit Set Box,Category: Home & Garden.,in stock,new,5.58 USD,,https://bytebuy.store/product/alibaba-home-garden-62212663307/,https://sc02.alicdn.com/kf/H9a69f4ea1a824d5baf35fef438fa3e76t.jpg_200x200.jpg,ByteBuy,Home & Garden,Home & Garden,alibaba-home-garden
alibaba-home-garden-60639410300,RUITAI Premium mosaic rivet Forged pakkawood VG10 blade best 67-layers Steel damascus knife chef for kitchen,Category: Home & Garden.,in stock,new,25.50 USD,,https://bytebuy.store/product/alibaba-home-garden-60639410300/,https://sc02.alicdn.com/kf/H474a1825c15f41df80d4a6575ee01ab5I.jpg_200x200.jpg,ByteBuy,Home & Garden,Home & Garden,alibaba-home-garden
alibaba-home-garden-60462660427,Hot selling aluminum metalized pump sprayer,Category: Home & Garden.,in stock,new,0.10 USD,,https://bytebuy.store/product/alibaba-home-garden-60462660427/,https://sc02.alicdn.com/kf/HTB19JDwbSWD3KVjSZSgq6ACxVXaY.jpg_200x200.jpg,ByteBuy,Home & Garden,Home & Garden,alibaba-home-garden
alibaba-home-garden-62333419873,Handmade Small flower pot making silicone molds for concrete diy resin cement planter mould,Category: Home & Garden.,in stock,new,3.50 USD,,https://bytebuy.store/product/alibaba-home-garden-62333419873/,https://sc02.alicdn.com/kf/H0944a840fd0544be868ea7ac34226c3f9.jpg_200x200.jpg,ByteBuy,Home & Garden,Home & Garden,alibaba-home-garden
alibaba-home-garden-60798192085,Easy Install light weight Tricycle Baby Stroller 3 wheels baby stroller,Category: Home & Garden.,in stock,new,7.90 USD,,https://bytebuy.store/product/alibaba-home-garden-60798192085/,https://sc02.alicdn.com/kf/HTB1hPfkt4SYBuNjSspjq6x73VXaa.jpg_200x200.jpg,ByteBuy,Home & Garden,Home & Garden,alibaba-home-garden
alibaba-home-garden-62041546365,New Arrival Tee Shirt Organizer Clothing Dividers Stackable Closet T-Shirt Folder Storage Clothes,Category: Home & Garden.,in stock,new,6.50 USD,,https://bytebuy.store/product/alibaba-home-garden-62041546365/,https://sc02.alicdn.com/kf/HTB1wuGiM4TpK1RjSZR0q6zEwXXae.jpg_200x200.jpg,ByteBuy,Home & Garden,Home & Garden,alibaba-home-garden
alibaba-home-garden-62067552100,GS07-A 480ml Glass Double Walled Glass Thermos Travel Mug with Removable Stainless Steel Basket and bamboo lid for Detox Coffee,Category: Home & Garden.,in stock,new,5.80 USD,,https://bytebuy.store/product/alibaba-home-garden-62067552100/,https://sc02.alicdn.com/kf/H7b8958b825984658bc6cb4bb59eaaaf0H.jpg_200x200.jpg,ByteBuy,Home & Garden,Home & Garden,alibaba-home-garden
alibaba-home-garden-62196953132,Korean creative frosted plastic bottles portable cup water bottle personality simple hand cup,Category: Home & Garden.,in stock,new,2.50 USD,,https://bytebuy.store/product/alibaba-home-garden-62196953132/,https://sc02.alicdn.com/kf/HTB17JZ5XoY1gK0jSZFCq6AwqXXab.jpg_200x200.jpg,ByteBuy,Home & Garden,Home & Garden,alibaba-home-garden
alibaba-home-garden-62155908743,VIPaoclean High Quality Bathroom Rubber Silicone Toilet Bowl Brush,Category: Home & Garden.,in stock,new,1.90 USD,,https://bytebuy.store/product/alibaba-home-garden-62155908743/,https://sc02.alicdn.com/kf/HTB1Z4BocBKw3KVjSZTEq6AuRpXab.jpg_200x200.jpg,ByteBuy,Home & Garden,Home & Garden,alibaba-home-garden
alibaba-home-garden-62196077189,Superior Quality Heavyweight Bbq Disposable Plastic Dinnerware Sets,Category: Home & Garden.,in stock,new,16.46 USD,,https://bytebuy.store/product/alibaba-home-garden-62196077189/,https://sc02.alicdn.com/kf/HTB1NqviXbr1gK0jSZR0q6zP8XXa4.jpg_200x200.jpg,ByteBuy,Home & Garden,Home & Garden,alibaba-home-garden
alibaba-home-garden-62252426629,Hot Selling Silicone Collapsible Coffee Cup,Category: Home & Garden.,in stock,new,0.04 USD,,https://bytebuy.store/product/alibaba-home-garden-62252426629/,https://sc02.alicdn.com/kf/H4af7fa52a89a43a990e0d8cfd9231afbX.jpg_200x200.jpg,ByteBuy,Home & Garden,Home & Garden,alibaba-home-garden
alibaba-home-garden-62154451725,Best selling multi-function sucking feeding milk storage silicone manual breast pump,Category: Home & Garden.,in stock,new,3.00 USD,,https://bytebuy.store/product/alibaba-home-garden-62154451725/,https://sc02.alicdn.com/kf/HTB1oA.xclGw3KVjSZFwq6zQ2FXaU.jpg_200x200.jpg,ByteBuy,Home & Garden,Home & Garden,alibaba-home-garden
alibaba-home-garden-62223828400,Engraved Diamond Champagne Wine Glass Flute Glasses Drinking Goblets,Category: Home & Garden.,in stock,new,1.58 USD,,https://bytebuy.store/product/alibaba-home-garden-62223828400/,https://sc02.alicdn.com/kf/He442749b09fb4c5f843dd27f0791765dQ.jpg_200x200.jpg,ByteBuy,Home & Garden,Home & Garden,alibaba-home-garden
alibaba-home-garden-62309374212,Promotional Coffee Cup Customized Logo Auto Self Stirring Mug Travel Drinking Double Wall Insulated 14Oz Mug With Plastic Lid,Category: Home & Garden.,in stock,new,2.22 USD,,https://bytebuy.store/product/alibaba-home-garden-62309374212/,https://sc02.alicdn.com/kf/Hdc72410ce3f04957b8e1f31168295c76R.jpg_200x200.jpg,ByteBuy,Home & Garden,Home & Garden,alibaba-home-garden
alibaba-home-garden-60771014089,Wi-Fi Smart Formula Mixer Machine Milk Powder Maker for Baby Bottle Feeding App Control,Category: Home & Garden.,in stock,new,329.00 USD,,https://bytebuy.store/product/alibaba-home-garden-60771014089/,https://sc02.alicdn.com/kf/HTB1ZI3_Xx2rK1RkSnhJq6ykdpXa3.jpg_200x200.jpg,ByteBuy,Home & Garden,Home & Garden,alibaba-home-garden
alibaba-home-garden-62362519449,Custom Logo Black Color Plastic Cigar Punch Punches With Keychain,Category: Home & Garden.,in stock,new,0.80 USD,,https://bytebuy.store/product/alibaba-home-garden-62362519449/,https://sc02.alicdn.com/kf/He5f877f8bb154ebcac98aaa9f84296d7O.jpg_200x200.jpg,ByteBuy,Home & Garden,Home & Garden,alibaba-home-garden
alibaba-home-garden-60737428480,Inner Color Ceramic Mug Sublimation Mug Ceramic Coffee Mugs,Category: Home & Garden.,in stock,new,2.00 USD,,https://bytebuy.store/product/alibaba-home-garden-60737428480/,https://sc02.alicdn.com/kf/HTB1xeyHXpOWBuNjy0Fiq6xFxVXal.jpg_200x200.jpg,ByteBuy,Home & Garden,Home & Garden,alibaba-home-garden
alibaba-home-garden-1409786728,Ywbeyond Wedding Return Gifts Combination Corkscrew Wine set Heart Shape for Couple Wine Bottle Opener and Stopper Set,Category: Home & Garden.,in stock,new,1.30 USD,,https://bytebuy.store/product/alibaba-home-garden-1409786728/,https://sc02.alicdn.com/kf/Hb5298155d7a34dde9cc3a4ff34ce678eS.jpg_200x200.jpg,ByteBuy,Home & Garden,Home & Garden,alibaba-home-garden
alibaba-home-garden-62120488889,Cheap Folding Portable Silicone Collapsible Container Food Storage with PP Lid,Category: Home & Garden.,in stock,new,2.50 USD,,https://bytebuy.store/product/alibaba-home-garden-62120488889/,https://sc02.alicdn.com/kf/HTB1nphpXaSs3KVjSZPiq6AsiVXa4.jpg_200x200.jpg,ByteBuy,Home & Garden,Home & Garden,alibaba-home-garden
alibaba-home-garden-62386269691,Pocket folder for collecting coins with a diameter of 33mm commemorative album storage loose-leaf folder,Category: Home & Garden.,in stock,new,0.29 USD,,https://bytebuy.store/product/alibaba-home-garden-62386269691/,https://sc02.alicdn.com/kf/H9b8a5be0be4a411f8a14fedf7f97104dz.jpg_200x200.jpg,ByteBuy,Home & Garden,Home & Garden,alibaba-home-garden
alibaba-home-garden-60826008168,Electric Coffee Milk Frother 2020 New Products Auto Matic Metal Body Safe Material Coffee Tea Gadget Milk Foamer,Category: Home & Garden.,in stock,new,4.20 USD,,https://bytebuy.store/product/alibaba-home-garden-60826008168/,https://sc02.alicdn.com/kf/HTB1hP1PXxD1gK0jSZFsq6zldVXa4.jpg_200x200.jpg,ByteBuy,Home & Garden,Home & Garden,alibaba-home-garden
alibaba-home-garden-62308380703,"Dog Car Seat Cover with Mesh Viewing Window, Dog Car Travel Hammock with a Storage Pocket, Waterproof Non-Scratch Backs",Category: Home & Garden.,in stock,new,12.58 USD,,https://bytebuy.store/product/alibaba-home-garden-62308380703/,https://sc02.alicdn.com/kf/H8ed45aa02fdb475d96867e183e871e44t.jpg_200x200.jpg,ByteBuy,Home & Garden,Home & Garden,alibaba-home-garden
alibaba-home-garden-62177515668,Plastic DIY 3D Lady&#39;s Bag Chocolate Mould Homemade Stereo Lady Handbag Candy Jelly Mold Polycarbonate Handbag Fondant Mold,Category: Home & Garden.,in stock,new,3.40 USD,,https://bytebuy.store/product/alibaba-home-garden-62177515668/,https://sc02.alicdn.com/kf/HTB18xJMd7WE3KVjSZSyq6xocXXaf.jpg_200x200.jpg,ByteBuy,Home & Garden,Home & Garden,alibaba-home-garden
alibaba-home-garden-60578678884,Cixi electric hot water bag/hot water bottle/hand warmer bag,Category: Home & Garden.,in stock,new,1.10 USD,,https://bytebuy.store/product/alibaba-home-garden-60578678884/,https://sc02.alicdn.com/kf/HTB1lpGzaqLN8KJjSZFKq6z7NVXaE.jpg_200x200.jpg,ByteBuy,Home & Garden,Home & Garden,alibaba-home-garden
alibaba-home-garden-62012988273,Bathroom products travel toiletry cup portable toothbrush storage case travel shampoo bottles toothpaste holder,Category: Home & Garden.,in stock,new,3.40 USD,,https://bytebuy.store/product/alibaba-home-garden-62012988273/,https://sc02.alicdn.com/kf/Hf7628af2fc3c436bab24fce5803ec417V.jpg_200x200.jpg,ByteBuy,Home & Garden,Home & Garden,alibaba-home-garden
alibaba-home-garden-62335222202,Industrial Style Vintage Container Shape Iron Tissue Holder,Category: Home & Garden.,in stock,new,8.90 USD,,https://bytebuy.store/product/alibaba-home-garden-62335222202/,https://sc02.alicdn.com/kf/H20c3f8f206314444ae292ecba03a02d9U.jpg_200x200.jpg,ByteBuy,Home & Garden,Home & Garden,alibaba-home-garden
alibaba-home-garden-60832415869,2oz biodegradable compostable sugarcane fiber bagasse sauce cup with lid wholesale,Category: Home & Garden.,in stock,new,0.02 USD,,https://bytebuy.store/product/alibaba-home-garden-60832415869/,https://sc02.alicdn.com/kf/HTB1sI3cacvrK1Rjy0Feq6ATmVXad.jpg_200x200.jpg,ByteBuy,Home & Garden,Home & Garden,alibaba-home-garden
alibaba-home-garden-62005145577,Hot design quality fashion stripe pet hoodies t shirt dog clothes match owner,Category: Home & Garden.,in stock,new,5.64 USD,,https://bytebuy.store/product/alibaba-home-garden-62005145577/,https://sc02.alicdn.com/kf/HTB1R2Bya5DxK1RjSsphq6zHrpXaT.jpg_200x200.jpg,ByteBuy,Home & Garden,Home & Garden,alibaba-home-garden
alibaba-home-garden-62088358354,Hydroponic Garden Dark Room Mylar 600D Greenhouse Grow Tent Indoor,Category: Home & Garden.,in stock,new,52.70 USD,,https://bytebuy.store/product/alibaba-home-garden-62088358354/,https://sc02.alicdn.com/kf/HLB12p4CSzDpK1RjSZFrq6y78VXaw.jpg_200x200.jpg,ByteBuy,Home & Garden,Home & Garden,alibaba-home-garden
alibaba-home-garden-62293599036,30 oz Stainless Steel Tumbler Modern Curve Double Wall Sealed Lid,Category: Home & Garden.,in stock,new,3.78 USD,,https://bytebuy.store/product/alibaba-home-garden-62293599036/,https://sc02.alicdn.com/kf/Hee4da27764ef4bc3bc3b06b2301f33c6x.jpg_200x200.jpg,ByteBuy,Home & Garden,Home & Garden,alibaba-home-garden
alibaba-home-garden-62384191299,Bottle and Jar Opener 6 in 1 Multi Function safety Kitchen cans Opener with smooth handle,Category: Home & Garden.,in stock,new,1.40 USD,,https://bytebuy.store/product/alibaba-home-garden-62384191299/,https://sc02.alicdn.com/kf/H47062188592c41fdbe7d9652432e6c57d.jpg_200x200.jpg,ByteBuy,Home & Garden,Home & Garden,alibaba-home-garden
alibaba-home-garden-60749921295,"Jaula para mascotas y perros, Best selling free sample 1150 x 1150 wire cage welded wire mesh dog pet cage",Category: Home & Garden.,in stock,new,43.80 USD,,https://bytebuy.store/product/alibaba-home-garden-60749921295/,https://sc02.alicdn.com/kf/HTB1RNN1cqQoBKNjSZJnq6yw9VXak.jpg_200x200.jpg,ByteBuy,Home & Garden,Home & Garden,alibaba-home-garden
alibaba-home-garden-60642381899,Modern led bubble illuminated Wine Rack Shelf wine stand Bar Accessory,Category: Home & Garden.,in stock,new,86.00 USD,,https://bytebuy.store/product/alibaba-home-garden-60642381899/,https://sc02.alicdn.com/kf/Hb67ba3914ddc491cb503c05e7b403eefm.jpg_200x200.jpg,ByteBuy,Home & Garden,Home & Garden,alibaba-home-garden
alibaba-home-garden-632451343,Bulk Wholesale Cheap Multi Blank Metal Can Custom Logo Keyring Key Ring Chain Wine Beer Bottle Opener Keychain,Category: Home & Garden.,in stock,new,1.50 USD,,https://bytebuy.store/product/alibaba-home-garden-632451343/,https://sc02.alicdn.com/kf/HTB1FwEta3KG3KVjSZFLq6yMvXXay.jpg_200x200.jpg,ByteBuy,Home & Garden,Home & Garden,alibaba-home-garden
alibaba-home-garden-60456874513,"HXY 4pcs black paper gift box no MOQ set opener wine accessories, custom wine bottle opener gift set, wine corkscrew gift set",Category: Home & Garden.,in stock,new,1.30 USD,,https://bytebuy.store/product/alibaba-home-garden-60456874513/,https://sc02.alicdn.com/kf/HTB1y4PYm_lYBeNjSszcq6zwhFXaU.jpg_200x200.jpg,ByteBuy,Home & Garden,Home & Garden,alibaba-home-garden
alibaba-home-garden-62118612457,Tall cylinder 800ml clear voss drinking bottle glass water bottle,Category: Home & Garden.,in stock,new,0.79 USD,,https://bytebuy.store/product/alibaba-home-garden-62118612457/,https://sc02.alicdn.com/kf/HTB1m3oIVOrpK1RjSZFhq6xSdXXaW.jpg_200x200.jpg,ByteBuy,Home & Garden,Home & Garden,alibaba-home-garden
alibaba-home-garden-62365929775,2020 Home Automatic Fragrance Purifier Air Dispenser with AA Batteries Operated Appliances Portable Toilet Aroma Diffuser,Category: Home & Garden.,in stock,new,2.00 USD,,https://bytebuy.store/product/alibaba-home-garden-62365929775/,https://sc02.alicdn.com/kf/H3bca9e8d39dc47ed9d7d53442784843ep.jpg_200x200.jpg,ByteBuy,Home & Garden,Home & Garden,alibaba-home-garden
alibaba-home-garden-60818372198,2020 new water misting system fg 025 fog machine high pressure pump misting farm vegetables misting system dust suppression,Category: Home & Garden.,in stock,new,175.00 USD,,https://bytebuy.store/product/alibaba-home-garden-60818372198/,https://sc02.alicdn.com/kf/Hdbb6b3ff32ca4e899b99447776480c60L.jpg_200x200.jpg,ByteBuy,Home & Garden,Home & Garden,alibaba-home-garden
alibaba-home-garden-62095593744,Wholesale Double Wall Vacuum 20oz 30oz Glass Mug Tumbler Stainless Steel Insulated Coffee Tumbler,Category: Home & Garden.,in stock,new,4.00 USD,,https://bytebuy.store/product/alibaba-home-garden-62095593744/,https://sc02.alicdn.com/kf/HLB18myAS4TpK1RjSZFKq6y2wXXa4.jpg_200x200.jpg,ByteBuy,Home & Garden,Home & Garden,alibaba-home-garden
alibaba-home-garden-62171546803,550ML food grade hot sales leak proof portable collapsible silicone cups wholesale reusable coffee mug,Category: Home & Garden.,in stock,new,3.44 USD,,https://bytebuy.store/product/alibaba-home-garden-62171546803/,https://sc02.alicdn.com/kf/HTB1gEd3dCSD3KVjSZFKq6z10VXav.jpg_200x200.jpg,ByteBuy,Home & Garden,Home & Garden,alibaba-home-garden
alibaba-home-garden-62289192594,Multifunctional Plastic Fishing Skin Scraper Fishing Scale Brush Graters Fast Remove Fish Cleaning Peeler,Category: Home & Garden.,in stock,new,0.68 USD,,https://bytebuy.store/product/alibaba-home-garden-62289192594/,https://sc02.alicdn.com/kf/H5dc3f3d5ffee4ff794a7127c1d9286f6G.jpg_200x200.jpg,ByteBuy,Home & Garden,Home & Garden,alibaba-home-garden
alibaba-home-garden-62285038027,Cheap Price Kitchenware High Quality Non Stick Wok Pan/ Aluminium Non-stick Pan Set,Category: Home & Garden.,in stock,new,3.45 USD,,https://bytebuy.store/product/alibaba-home-garden-62285038027/,https://sc02.alicdn.com/kf/Hd445390d6a6d49caaa5aba4383132057f.jpg_200x200.jpg,ByteBuy,Home & Garden,Home & Garden,alibaba-home-garden
alibaba-home-garden-62290023196,Resin crafts Making trinket storage mould silicone hexagon jewelry box mold,Category: Home & Garden.,in stock,new,1.98 USD,,https://bytebuy.store/product/alibaba-home-garden-62290023196/,https://sc02.alicdn.com/kf/H1835b268f20d4d47b004ed38e05d172dy.jpg_200x200.jpg,ByteBuy,Home & Garden,Home & Garden,alibaba-home-garden
alibaba-home-garden-62240443984,Custom Logo 6oz 7oz 10oz Engraved Glass Bottle Whiskey Stainless Steel Hip Flask Gift Set,Category: Home & Garden.,in stock,new,2.60 USD,,https://bytebuy.store/product/alibaba-home-garden-62240443984/,https://sc02.alicdn.com/kf/H3eac832cf3154acaa0f14041ea4d491eJ.jpg_200x200.jpg,ByteBuy,Home & Garden,Home & Garden,alibaba-home-garden
alibaba-home-garden-62229084088,Pink Looking up Style Feathered Flamingo Yard Garden Lawn Ornaments Party Supplies,Category: Home & Garden.,in stock,new,25.00 USD,,https://bytebuy.store/product/alibaba-home-garden-62229084088/,https://sc02.alicdn.com/kf/H49acefe3a6e9468a89d8ceb79bf83088c.jpg_200x200.jpg,ByteBuy,Home & Garden,Home & Garden,alibaba-home-garden
alibaba-home-garden-62029341868,Bling bling rhinestone gem diamond leather car tissue box holder,Category: Home & Garden.,in stock,new,20.00 USD,,https://bytebuy.store/product/alibaba-home-garden-62029341868/,https://sc02.alicdn.com/kf/HTB1b3DRKYrpK1RjSZTE763WAVXa4.png_200x200.jpg,ByteBuy,Home & Garden,Home & Garden,alibaba-home-garden
alibaba-home-garden-62326927514,Black Art Shower Curtain Afro Black Twins African American Women Waterproof Polyester Fabric Black Girl Magic Shower Curtain,Category: Home & Garden.,in stock,new,5.50 USD,,https://bytebuy.store/product/alibaba-home-garden-62326927514/,https://sc02.alicdn.com/kf/H759ffd767c3649c28d119f619ea368439.jpg_200x200.jpg,ByteBuy,Home & Garden,Home & Garden,alibaba-home-garden
alibaba-home-garden-60811802993,Reflective flash collar- Glow LED Collar Cat Dog Pet Flashing Light up Safety Nylon Tag,Category: Home & Garden.,in stock,new,1.00 USD,,https://bytebuy.store/product/alibaba-home-garden-60811802993/,https://sc02.alicdn.com/kf/HTB1ChTOXErrK1RkSne1q6ArVVXaL.jpg_200x200.jpg,ByteBuy,Home & Garden,Home & Garden,alibaba-home-garden
alibaba-home-garden-62408458065,High Quality baby pram can sit and lie down baby carrier with four seasons baby stroller,Category: Home & Garden.,in stock,new,120.00 USD,,https://bytebuy.store/product/alibaba-home-garden-62408458065/,https://sc02.alicdn.com/kf/H993b31207d2c472a98dcebadd18abf96M.jpg_200x200.jpg,ByteBuy,Home & Garden,Home & Garden,alibaba-home-garden
alibaba-home-garden-62232831035,Strawberry Shaker Silicone Molds Jewelry Mold Star Bear Key Chain Charm Jewelry Craft Tool Fondant Tools Cake Decorating,Category: Home & Garden.,in stock,new,0.39 USD,,https://bytebuy.store/product/alibaba-home-garden-62232831035/,https://sc02.alicdn.com/kf/H62208772bc5342e3bc4272d049726341a.jpg_200x200.jpg,ByteBuy,Home & Garden,Home & Garden,alibaba-home-garden
alibaba-home-garden-62329685560,Ecoco punch-free wall-mounted plastic Toothbrush holder magnetic inverted dust Double people toothbrush cup wash cup set,Category: Home & Garden.,in stock,new,3.58 USD,,https://bytebuy.store/product/alibaba-home-garden-62329685560/,https://sc02.alicdn.com/kf/H4242578b6ca44e1f91e556eb4ff7daf9i.jpg_200x200.jpg,ByteBuy,Home & Garden,Home & Garden,alibaba-home-garden
alibaba-home-garden-60731993595,SPECIAL MARCH !!! FREE SAMPLE!!!Printing service for hot sale cheap price suction mug magic mug,Category: Home & Garden.,in stock,new,2.50 USD,,https://bytebuy.store/product/alibaba-home-garden-60731993595/,https://sc02.alicdn.com/kf/HTB1l1ONXiYrK1Rjy0Fd763CvVXaG.png_200x200.jpg,ByteBuy,Home & Garden,Home & Garden,alibaba-home-garden
alibaba-home-garden-62209469206,Transparent round shape 200ml 300ml honey jam jelly glass jar with black metal lid,Category: Home & Garden.,in stock,new,0.22 USD,,https://bytebuy.store/product/alibaba-home-garden-62209469206/,https://sc02.alicdn.com/kf/H102b085ce1e74018aef4f3a2e1b62a850.jpg_200x200.jpg,ByteBuy,Home & Garden,Home & Garden,alibaba-home-garden
alibaba-home-garden-60772870837,Made in China luxury and durable High Quality goblet Wine Glasses bottle For Sale,Category: Home & Garden.,in stock,new,4.00 USD,,https://bytebuy.store/product/alibaba-home-garden-60772870837/,https://sc02.alicdn.com/kf/H62f8fbc593654dbfb7f6824b677f3a98V.jpg_200x200.jpg,ByteBuy,Home & Garden,Home & Garden,alibaba-home-garden
alibaba-home-garden-62205139689,china factory price waste can Plastic Dustbin 240L Wheelie Waste Bin,Category: Home & Garden.,in stock,new,25.00 USD,,https://bytebuy.store/product/alibaba-home-garden-62205139689/,https://sc02.alicdn.com/kf/HTB15nyfX7Y2gK0jSZFgq6A5OFXaP.jpg_200x200.jpg,ByteBuy,Home & Garden,Home & Garden,alibaba-home-garden
alibaba-home-garden-62119696889,My Bottle Transparent Plastic Daily Use Water Bottle With Dome Lid Bucket Shape Juicing Tumbler Cup Handheld For Using Cups,Category: Home & Garden.,in stock,new,0.48 USD,,https://bytebuy.store/product/alibaba-home-garden-62119696889/,https://sc02.alicdn.com/kf/HTB1eDa4Xk9E3KVjSZFGq6A19XXap.jpg_200x200.jpg,ByteBuy,Home & Garden,Home & Garden,alibaba-home-garden
alibaba-home-garden-62193792601,3 in 1 Outdoor Hand-held Cotton Hip seat 360 safety infant kids toddler newborn Baby Carrier,Category: Home & Garden.,in stock,new,14.50 USD,,https://bytebuy.store/product/alibaba-home-garden-62193792601/,https://sc02.alicdn.com/kf/Hdbf921c8b04f47e7a212f759da71f5688.jpg_200x200.jpg,ByteBuy,Home & Garden,Home & Garden,alibaba-home-garden
alibaba-home-garden-62285820637,Hot selling innovative kitchen electronic refillable windproof cigarette lighter,Category: Home & Garden.,in stock,new,1.40 USD,,https://bytebuy.store/product/alibaba-home-garden-62285820637/,https://sc02.alicdn.com/kf/Hba6ffab92b044889909fd8b3fd1925eaR.jpg_200x200.jpg,ByteBuy,Home & Garden,Home & Garden,alibaba-home-garden
alibaba-home-garden-60625191025,Promotional disposable plastic transparent round fruit partyy plate,Category: Home & Garden.,in stock,new,24.90 USD,,https://bytebuy.store/product/alibaba-home-garden-60625191025/,https://sc02.alicdn.com/kf/H32d44aae0a1b479caf6212a1b96d0c40x.jpg_200x200.jpg,ByteBuy,Home & Garden,Home & Garden,alibaba-home-garden
alibaba-home-garden-62280516747,Kitchen Cleaning Brush with 4 Removable Brushes Long Handle Sponge Cleaning Brush Soap Dispensing Dish Brush Set,Category: Home & Garden.,in stock,new,0.90 USD,,https://bytebuy.store/product/alibaba-home-garden-62280516747/,https://sc02.alicdn.com/kf/Hdbd717687e2043be902cd6d2f1641099V.jpg_200x200.jpg,ByteBuy,Home & Garden,Home & Garden,alibaba-home-garden
alibaba-home-garden-60807052885,"Yanzhen grinding wheel, gas long strip flying, fashionable cigarette lighter, wholesale 970-1",Category: Home & Garden.,in stock,new,1.88 USD,,https://bytebuy.store/product/alibaba-home-garden-60807052885/,https://sc02.alicdn.com/kf/HTB1FLd9A.R1BeNjy0Fmq6z0wVXa3.jpg_200x200.jpg,ByteBuy,Home & Garden,Home & Garden,alibaba-home-garden
alibaba-home-garden-60731471978,Digital Night LED Light USA Projection Alarm Clock With Wireless Phone Charger,Category: Home & Garden.,in stock,new,11.40 USD,,https://bytebuy.store/product/alibaba-home-garden-60731471978/,https://sc02.alicdn.com/kf/H2c7d1527990041fb8d33ea7f391a3a37p.jpg_200x200.jpg,ByteBuy,Home & Garden,Home & Garden,alibaba-home-garden
alibaba-home-garden-62122697062,Dog bag costume adorable pet backpack harness adjustable saddlebag for dog walking training outside,Category: Home & Garden.,in stock,new,6.40 USD,,https://bytebuy.store/product/alibaba-home-garden-62122697062/,https://sc02.alicdn.com/kf/HTB1yQ4TXf1H3KVjSZFHq6zKppXa9.jpg_200x200.jpg,ByteBuy,Home & Garden,Home & Garden,alibaba-home-garden
alibaba-home-garden-62174993408,Garden Flower Pots Mould Plant Pots Custom Shanghai Pot Vasi Fiori Black Flower Pot,Category: Home & Garden.,in stock,new,3.88 USD,,https://bytebuy.store/product/alibaba-home-garden-62174993408/,https://sc02.alicdn.com/kf/HTB1mkkvdB1D3KVjSZFyq6zuFpXa9.jpg_200x200.jpg,ByteBuy,Home & Garden,Home & Garden,alibaba-home-garden
alibaba-home-garden-62405662049,Wholesale Hot Sale Transparent Vodka Shot Glass With Logo For Custom bullet whiskey shot glass,Category: Home & Garden.,in stock,new,0.50 USD,,https://bytebuy.store/product/alibaba-home-garden-62405662049/,https://sc02.alicdn.com/kf/Hf0c1ff0d03e74bee838d645fb8e4f40cn.png_200x200.jpg,ByteBuy,Home & Garden,Home & Garden,alibaba-home-garden
alibaba-home-garden-60342538704,Best Dog Cat Step in Pet Safe Harness 2019,Category: Home & Garden.,in stock,new,12.00 USD,,https://bytebuy.store/product/alibaba-home-garden-60342538704/,https://sc02.alicdn.com/kf/HTB1b4z8apzsK1Rjy1Xbq6xOaFXaD.jpg_200x200.jpg,ByteBuy,Home & Garden,Home & Garden,alibaba-home-garden
alibaba-home-garden-62033892178,DEAREVERY Wholesale Electric Double Breast Feeding pump Touch Botton,Category: Home & Garden.,in stock,new,8.50 USD,,https://bytebuy.store/product/alibaba-home-garden-62033892178/,https://sc02.alicdn.com/kf/HTB1ZrZELQPoK1RjSZKbq6x1IXXac.jpg_200x200.jpg,ByteBuy,Home & Garden,Home & Garden,alibaba-home-garden
alibaba-home-garden-62151242651,Wholesale large acrylic fish tank black acrylic fish aquarium,Category: Home & Garden.,in stock,new,200.00 USD,,https://bytebuy.store/product/alibaba-home-garden-62151242651/,https://sc02.alicdn.com/kf/HTB1osLebRSD3KVjSZFqq6A4bpXa2.jpg_200x200.jpg,ByteBuy,Home & Garden,Home & Garden,alibaba-home-garden
alibaba-home-garden-60795798388,Ceramic tea set starfish tea for one tea pot ceramic,Category: Home & Garden.,in stock,new,15.00 USD,,https://bytebuy.store/product/alibaba-home-garden-60795798388/,https://sc02.alicdn.com/kf/HTB19YDPKXmWBuNjSspdq6zugXXaO.jpg_200x200.jpg,ByteBuy,Home & Garden,Home & Garden,alibaba-home-garden
alibaba-home-garden-60704373314,1l stainless steel food grade thermal reusable fitness milton alkaline water bottle wholesale,Category: Home & Garden.,in stock,new,7.96 USD,,https://bytebuy.store/product/alibaba-home-garden-60704373314/,https://sc02.alicdn.com/kf/HTB1T2R5AeGSBuNjSspbq6AiipXaf.jpg_200x200.jpg,ByteBuy,Home & Garden,Home & Garden,alibaba-home-garden
alibaba-home-garden-60821876893,The Best Convenient Borosilicate High Quality Small Round Glass Meal Prep Containers Glass Lunch boxes,Category: Home & Garden.,in stock,new,1.45 USD,,https://bytebuy.store/product/alibaba-home-garden-60821876893/,https://sc02.alicdn.com/kf/HTB17TmFO4naK1RjSZFBq6AW7VXak.jpg_200x200.jpg,ByteBuy,Home & Garden,Home & Garden,alibaba-home-garden
alibaba-home-garden-62161354190,20PCS Refills Magic Magnetic Telescopic Duster with Micro Fiber,Category: Home & Garden.,in stock,new,0.10 USD,,https://bytebuy.store/product/alibaba-home-garden-62161354190/,https://sc02.alicdn.com/kf/HTB1Q1KqbAxz61VjSZFtq6yDSVXa2.jpg_200x200.jpg,ByteBuy,Home & Garden,Home & Garden,alibaba-home-garden
alibaba-home-garden-60735125838,Handheld Ultrasonic Bark Control,Category: Home & Garden.,in stock,new,11.85 USD,,https://bytebuy.store/product/alibaba-home-garden-60735125838/,https://sc02.alicdn.com/kf/HLB1M0U3QjDpK1RjSZFrq6y78VXaY.jpg_200x200.jpg,ByteBuy,Home & Garden,Home & Garden,alibaba-home-garden
alibaba-home-garden-60682659126,Cycling Hiking 750ml Straw Plastic Tritan Drinking Sport Water Bottle,Category: Home & Garden.,in stock,new,2.00 USD,,https://bytebuy.store/product/alibaba-home-garden-60682659126/,https://sc02.alicdn.com/kf/HTB1mpHYnZyYBuNkSnfoq6AWgVXaC.jpg_200x200.jpg,ByteBuy,Home & Garden,Home & Garden,alibaba-home-garden
alibaba-home-garden-62257869722,"HOT Stainless Steel Potato Chipper with Two Size Interchangeable Blades,Potato Slicer for Home Kitchen Tool",Category: Home & Garden.,in stock,new,4.50 USD,,https://bytebuy.store/product/alibaba-home-garden-62257869722/,https://sc02.alicdn.com/kf/Hf211efedff2b4b958f803e09bcf843d0p.jpg_200x200.jpg,ByteBuy,Home & Garden,Home & Garden,alibaba-home-garden
alibaba-home-garden-62193852149,Eco-Friendly Baby Bamboo Children Food-safe Dinnerware Fiber Bamboo Dinner Kid Set,Category: Home & Garden.,in stock,new,2.70 USD,,https://bytebuy.store/product/alibaba-home-garden-62193852149/,https://sc02.alicdn.com/kf/H0e493ae780cd4943ac61ddeef0e59cfbl.jpg_200x200.jpg,ByteBuy,Home & Garden,Home & Garden,alibaba-home-garden
alibaba-home-garden-62151885869,Courage custom drink bottle sublimation stainless steel vacuum water bottle cup,Category: Home & Garden.,in stock,new,2.80 USD,,https://bytebuy.store/product/alibaba-home-garden-62151885869/,https://sc02.alicdn.com/kf/HTB1eufIbMmH3KVjSZKzq6z2OXXan.jpg_200x200.jpg,ByteBuy,Home & Garden,Home & Garden,alibaba-home-garden
alibaba-home-garden-62011782197,grade b cheaper wooden hangers cheap hanger wooden cloth clothe hanger cabides de madeira percha de madera,Category: Home & Garden.,in stock,new,0.28 USD,,https://bytebuy.store/product/alibaba-home-garden-62011782197/,https://sc02.alicdn.com/kf/U4005e5a32a7e48b0bc83c1cae2bf4106t.jpg_200x200.jpg,ByteBuy,Home & Garden,Home & Garden,alibaba-home-garden
alibaba-home-garden-62251116134,HDX Double-Wall Insulated beer glasses double wall glass cup cafe latte glass,Category: Home & Garden.,in stock,new,2.98 USD,,https://bytebuy.store/product/alibaba-home-garden-62251116134/,https://sc02.alicdn.com/kf/Ha8302bebdb6a4bb8b88121a374dd5d21a.jpg_200x200.jpg,ByteBuy,Home & Garden,Home & Garden,alibaba-home-garden
alibaba-home-garden-60610023957,Customized 23 inch High Quality Semi Automatic Straight Hotel Umbrella with Full Fiberglass frame,Category: Home & Garden.,in stock,new,9.99 USD,,https://bytebuy.store/product/alibaba-home-garden-60610023957/,https://sc02.alicdn.com/kf/HTB1wvU7PFXXXXbmXpXXq6xXFXXXH.jpg_200x200.jpg,ByteBuy,Home & Garden,Home & Garden,alibaba-home-garden
alibaba-home-garden-62232036326,Online Shop New Product Home Kitchen Gadgets Summer Creative Candy Colors Children Bowl Plastic Ice Cream Cup With Spoon,Category: Home & Garden.,in stock,new,0.45 USD,,https://bytebuy.store/product/alibaba-home-garden-62232036326/,https://sc02.alicdn.com/kf/H9d0a3671d78e4a9b875755da4ae753f8M.jpg_200x200.jpg,ByteBuy,Home & Garden,Home & Garden,alibaba-home-garden
alibaba-home-garden-60764198628,hot new cutlery set custom bamboo mini kids feeding baby spoon,Category: Home & Garden.,in stock,new,0.85 USD,,https://bytebuy.store/product/alibaba-home-garden-60764198628/,https://sc02.alicdn.com/kf/HTB121hHsY1YBuNjSszeq6yblFXaS.jpg_200x200.jpg,ByteBuy,Home & Garden,Home & Garden,alibaba-home-garden
alibaba-home-garden-62376247865,Bird nest shaped unbreakable silicone glass bowl for glass smoking water pipe suit for 14-18mm bong joint,Category: Home & Garden.,in stock,new,1.60 USD,,https://bytebuy.store/product/alibaba-home-garden-62376247865/,https://sc02.alicdn.com/kf/H8b911a56c2be4c069f9bd2b822cc184c2.jpg_200x200.jpg,ByteBuy,Home & Garden,Home & Garden,alibaba-home-garden
alibaba-home-garden-60689379700,CTS-002 Hot Sale New Wedding Thank You Gifts Beauty and The Beast Mrs. Potts Chip Tea Pot & Cup set Teapot Mug ( Pot & Cup),Category: Home & Garden.,in stock,new,21.00 USD,,https://bytebuy.store/product/alibaba-home-garden-60689379700/,https://sc02.alicdn.com/kf/HTB1c3ogdlaE3KVjSZLeq6xsSFXaZ.jpg_200x200.jpg,ByteBuy,Home & Garden,Home & Garden,alibaba-home-garden
alibaba-home-garden-62244456718,All Seasons Elevated Travel Washable Pet Dog Bed For Medium And Large Dogs,Category: Home & Garden.,in stock,new,23.79 USD,,https://bytebuy.store/product/alibaba-home-garden-62244456718/,https://sc02.alicdn.com/kf/H44acbd900f104732bd67e5bcaaba1414k.jpg_200x200.jpg,ByteBuy,Home & Garden,Home & Garden,alibaba-home-garden
alibaba-home-garden-62059536014,V-3023 Hot Selling Artificial Tree Bark with Moss for Decoration,Category: Home & Garden.,in stock,new,19.60 USD,,https://bytebuy.store/product/alibaba-home-garden-62059536014/,https://sc02.alicdn.com/kf/HTB1zXaZO5LaK1RjSZFxq6ymPFXaH.jpg_200x200.jpg,ByteBuy,Home & Garden,Home & Garden,alibaba-home-garden
alibaba-home-garden-62190657728,Aluminium frame car parking shed pc solid sheet canopy carport for Garden,Category: Home & Garden.,in stock,new,86.00 USD,,https://bytebuy.store/product/alibaba-home-garden-62190657728/,https://sc02.alicdn.com/kf/HTB1.EeXe8Kw3KVjSZTEq6AuRpXaP.jpg_200x200.jpg,ByteBuy,Home & Garden,Home & Garden,alibaba-home-garden
alibaba-home-garden-62166619843,There is Always Hope Graffiti Artworks by Banksy Giclee Print Wall Art for Home Decor and Wall Decor,Category: Home & Garden.,in stock,new,8.55 USD,,https://bytebuy.store/product/alibaba-home-garden-62166619843/,https://sc02.alicdn.com/kf/HTB1OgjKc2WG3KVjSZPcq6zkbXXaj.jpg_200x200.jpg,ByteBuy,Home & Garden,Home & Garden,alibaba-home-garden
alibaba-home-garden-60785094743,Wholesale plastic Artificial Boxwood Hedge for sale,Category: Home & Garden.,in stock,new,4.50 USD,,https://bytebuy.store/product/alibaba-home-garden-60785094743/,https://sc02.alicdn.com/kf/HTB1jMrrmqQoBKNjSZJnq6yw9VXaa.jpg_200x200.jpg,ByteBuy,Home & Garden,Home & Garden,alibaba-home-garden
alibaba-home-garden-62141885357,KYOK Decor Blinds And Shades Hot Sale Zebra Blinds Components New Design Window Shades,Category: Home & Garden.,in stock,new,7.00 USD,,https://bytebuy.store/product/alibaba-home-garden-62141885357/,https://sc02.alicdn.com/kf/HTB1ciMza8WD3KVjSZKPq6yp7FXao.jpg_200x200.jpg,ByteBuy,Home & Garden,Home & Garden,alibaba-home-garden
alibaba-sports-62418058345,"Cheap sport soccer shoes,Football Shoes kids,Wholesale soccer football boots",Category: Sports & Entertainment.,in stock,new,12.90 USD,,https://bytebuy.store/product/alibaba-sports-62418058345/,https://sc02.alicdn.com/kf/Hfdb1b8b5134c476fbf7b1e55c725a32eB.jpg_200x200.jpg,ByteBuy,Sports & Entertainment,Sports & Entertainment,alibaba-sports
alibaba-sports-60625813039,Waterproof synthetic rubber running track Prefabricated athletic track flooring material,Category: Sports & Entertainment.,in stock,new,23.00 USD,,https://bytebuy.store/product/alibaba-sports-60625813039/,https://sc02.alicdn.com/kf/HTB1PH9GEYGYBuNjy0Foq6AiBFXa5.jpg_200x200.jpg,ByteBuy,Sports & Entertainment,Sports & Entertainment,alibaba-sports
alibaba-sports-60837496767,PAS senor 48v lithium battery 350w 27.5inch wheel electric bicycle e bike,Category: Sports & Entertainment.,in stock,new,499.00 USD,,https://bytebuy.store/product/alibaba-sports-60837496767/,https://sc02.alicdn.com/kf/HTB1hYHYasrrK1RjSspaq6AREXXaj.jpg_200x200.jpg,ByteBuy,Sports & Entertainment,Sports & Entertainment,alibaba-sports
alibaba-sports-62184833380,Sale SUP Board Inflatable custom super soft surfboard OEM yoga mat on water surfboard price soft top board yoga balance board,Category: Sports & Entertainment.,in stock,new,240.00 USD,,https://bytebuy.store/product/alibaba-sports-62184833380/,https://sc02.alicdn.com/kf/Hbff828ff52564117aef6cc42fa54aa14W.jpg_200x200.jpg,ByteBuy,Sports & Entertainment,Sports & Entertainment,alibaba-sports
alibaba-sports-60613838184,"Multi color for outdoor boat, plastic emergency survival rescue safety whistle.",Category: Sports & Entertainment.,in stock,new,1.00 USD,,https://bytebuy.store/product/alibaba-sports-60613838184/,https://sc02.alicdn.com/kf/HTB1wTEwXIfrK1Rjy1Xdq6yemFXao.jpg_200x200.jpg,ByteBuy,Sports & Entertainment,Sports & Entertainment,alibaba-sports
alibaba-sports-62420450952,Hot sale OBSESSION 1.98 1 section slow pitch jigging rod High quality carbon slow jigging rod,Category: Sports & Entertainment.,in stock,new,70.60 USD,,https://bytebuy.store/product/alibaba-sports-62420450952/,https://sc02.alicdn.com/kf/Heaf93b6e33d549f79fa35132129a9e39V.png_200x200.jpg,ByteBuy,Sports & Entertainment,Sports & Entertainment,alibaba-sports
alibaba-sports-60465131486,Reusable metal cube 8mm customized zinc alloy game cube,Category: Sports & Entertainment.,in stock,new,0.10 USD,,https://bytebuy.store/product/alibaba-sports-60465131486/,https://sc02.alicdn.com/kf/HTB1AY1yIr1YBuNjSszeq6yblFXaz.jpg_200x200.jpg,ByteBuy,Sports & Entertainment,Sports & Entertainment,alibaba-sports
alibaba-sports-62347735420,21 variable speed bicycle 26 inch cheap adult outdoor sports bicycle mountain bike,Category: Sports & Entertainment.,in stock,new,171.40 USD,,https://bytebuy.store/product/alibaba-sports-62347735420/,https://sc02.alicdn.com/kf/Hf8fa77a54e60493997f4234b457544b5y.jpg_200x200.jpg,ByteBuy,Sports & Entertainment,Sports & Entertainment,alibaba-sports
alibaba-sports-62187403614,Artificial Grass Roll Dry Ski Slope For Snow Skiing,Category: Sports & Entertainment.,in stock,new,7.35 USD,,https://bytebuy.store/product/alibaba-sports-62187403614/,https://sc02.alicdn.com/kf/HTB1hZKeeL1H3KVjSZFBq6zSMXXaM.jpg_200x200.jpg,ByteBuy,Sports & Entertainment,Sports & Entertainment,alibaba-sports
alibaba-sports-60834099956,Wholesale Park Bearings Long Board Wooden Skateboard,Category: Sports & Entertainment.,in stock,new,10.00 USD,,https://bytebuy.store/product/alibaba-sports-60834099956/,https://sc02.alicdn.com/kf/HTB1UFpFatfvK1RjSszhq6AcGFXaG.jpg_200x200.jpg,ByteBuy,Sports & Entertainment,Sports & Entertainment,alibaba-sports
alibaba-sports-60699546269,Logo printing hickory Wood Drumsticks Drum Sticks Nylon Tips,Category: Sports & Entertainment.,in stock,new,3.00 USD,,https://bytebuy.store/product/alibaba-sports-60699546269/,https://sc02.alicdn.com/kf/HTB1IKJbaKKAUKJjSZFzq6xdQFXax.jpg_200x200.jpg,ByteBuy,Sports & Entertainment,Sports & Entertainment,alibaba-sports
alibaba-sports-62475075028,Boatman AL actor rc fishing bait boat 500meters rc distance with two hoppers for rc baitboat,Category: Sports & Entertainment.,in stock,new,125.00 USD,,https://bytebuy.store/product/alibaba-sports-62475075028/,https://sc02.alicdn.com/kf/He7c3ab26dbcf4ea6bb9983d39a7b684au.jpg_200x200.jpg,ByteBuy,Sports & Entertainment,Sports & Entertainment,alibaba-sports
alibaba-sports-62114695627,2200W 60V Electric Go Kart Scooter E Bike Motorized Bicycle ATV Moped Mini Bikes Geared DC Motor Kit with BM1424ZXF Unitemotor,Category: Sports & Entertainment.,in stock,new,316.40 USD,,https://bytebuy.store/product/alibaba-sports-62114695627/,https://sc02.alicdn.com/kf/HLB10i60VhjaK1RjSZFAq6zdLFXag.jpg_200x200.jpg,ByteBuy,Sports & Entertainment,Sports & Entertainment,alibaba-sports
alibaba-sports-62198584856,High quality long blade full pocket fins/flippers for free diving with cheap price,Category: Sports & Entertainment.,in stock,new,38.00 USD,,https://bytebuy.store/product/alibaba-sports-62198584856/,https://sc02.alicdn.com/kf/HTB1nOEHXxz1gK0jSZSgq6yvwpXaD.jpg_200x200.jpg,ByteBuy,Sports & Entertainment,Sports & Entertainment,alibaba-sports
alibaba-sports-62095620660,shin guards sleeve stays strap instep Sports Safety plastic pads Eva custom soccer football Protect knee leg shin guard,Category: Sports & Entertainment.,in stock,new,2.15 USD,,https://bytebuy.store/product/alibaba-sports-62095620660/,https://sc02.alicdn.com/kf/HLB1PtOzS4jaK1RjSZKzq6xVwXXab.jpg_200x200.jpg,ByteBuy,Sports & Entertainment,Sports & Entertainment,alibaba-sports
alibaba-sports-60544090591,26 inch lady bike China city ladies bicycle city bike,Category: Sports & Entertainment.,in stock,new,42.00 USD,,https://bytebuy.store/product/alibaba-sports-60544090591/,https://sc02.alicdn.com/kf/HTB1w4VDWmzqK1RjSZPxq6A4tVXab.jpg_200x200.jpg,ByteBuy,Sports & Entertainment,Sports & Entertainment,alibaba-sports
alibaba-sports-60802507757,India Bangladesh market steel frame lead acid battery hot selling electric scooter,Category: Sports & Entertainment.,in stock,new,176.00 USD,,https://bytebuy.store/product/alibaba-sports-60802507757/,https://sc02.alicdn.com/kf/HTB1PVWNXjnuK1RkSmFP763uzFXay.png_200x200.jpg,ByteBuy,Sports & Entertainment,Sports & Entertainment,alibaba-sports
alibaba-sports-60831102554,4-Tube Elastic Sit Up Pull Rope With Foot Pedal Abdominal Exerciser Equipment Fitness Yoga Body Building,Category: Sports & Entertainment.,in stock,new,3.00 USD,,https://bytebuy.store/product/alibaba-sports-60831102554/,https://sc02.alicdn.com/kf/HTB1SRrnaojrK1RkHFNRq6ySvpXaU.jpg_200x200.jpg,ByteBuy,Sports & Entertainment,Sports & Entertainment,alibaba-sports
alibaba-sports-62172062462,2018 china low price new model flat sport shoes man,Category: Sports & Entertainment.,in stock,new,4.00 USD,,https://bytebuy.store/product/alibaba-sports-62172062462/,https://sc02.alicdn.com/kf/HTB1EhzUdECF3KVjSZJnq6znHFXa2.jpg_200x200.jpg,ByteBuy,Sports & Entertainment,Sports & Entertainment,alibaba-sports
alibaba-sports-62177402515,Gtech 80kph 3200w dual motor two wheel smart ultron electric scooter,Category: Sports & Entertainment.,in stock,new,1020.00 USD,,https://bytebuy.store/product/alibaba-sports-62177402515/,https://sc02.alicdn.com/kf/HTB1K_pYd8WD3KVjSZKPq6yp7FXaF.jpg_200x200.jpg,ByteBuy,Sports & Entertainment,Sports & Entertainment,alibaba-sports
alibaba-sports-60272678767,"111Funny kids sleeping bag for child kid , indoor child sleeping bag",Category: Sports & Entertainment.,in stock,new,30.00 USD,,https://bytebuy.store/product/alibaba-sports-60272678767/,https://sc02.alicdn.com/kf/HTB1cUj0IpXXXXbrXpXXq6xXFXXXI.jpg_200x200.jpg,ByteBuy,Sports & Entertainment,Sports & Entertainment,alibaba-sports
alibaba-sports-60059586469,Weifang Rebon LP junior P90 pickup electric guitar,Category: Sports & Entertainment.,in stock,new,110.00 USD,,https://bytebuy.store/product/alibaba-sports-60059586469/,https://sc02.alicdn.com/kf/HTB1cctRXvb2gK0jSZK9q6yEgFXae.jpg_200x200.jpg,ByteBuy,Sports & Entertainment,Sports & Entertainment,alibaba-sports
alibaba-sports-62420301638,outdoor camping equipments double layer waterproof instant open big dome tent 3-4 man use with automatic frame pole,Category: Sports & Entertainment.,in stock,new,42.00 USD,,https://bytebuy.store/product/alibaba-sports-62420301638/,https://sc02.alicdn.com/kf/Hc4f63594d0124359b5e9ee2376569d09u.png_200x200.jpg,ByteBuy,Sports & Entertainment,Sports & Entertainment,alibaba-sports
alibaba-sports-62228397781,Freego factory upgraded ES-06C folding electric scooter with cheap price,Category: Sports & Entertainment.,in stock,new,129.00 USD,,https://bytebuy.store/product/alibaba-sports-62228397781/,https://sc02.alicdn.com/kf/Hc2aefbb1941649aca1553eb8b2d30e1ei.jpg_200x200.jpg,ByteBuy,Sports & Entertainment,Sports & Entertainment,alibaba-sports
alibaba-sports-62255820398,Elastic Sports Leg Knee Support Brace Wrap Protector Long Athletics Knee Compression Sleeves Support,Category: Sports & Entertainment.,in stock,new,4.00 USD,,https://bytebuy.store/product/alibaba-sports-62255820398/,https://sc02.alicdn.com/kf/Haa25f3d8cf874fe58e375edf6e88ad322.jpg_200x200.jpg,ByteBuy,Sports & Entertainment,Sports & Entertainment,alibaba-sports
alibaba-sports-60797801584,WHS cheap Lightweight MTB Road Bike bicycle accessories Cycling Bottle Holder Brackets multi functional bike water bottle cage,Category: Sports & Entertainment.,in stock,new,0.39 USD,,https://bytebuy.store/product/alibaba-sports-60797801584/,https://sc02.alicdn.com/kf/HTB1WKRcaND1gK0jSZFKq6AJrVXaF.jpg_200x200.jpg,ByteBuy,Sports & Entertainment,Sports & Entertainment,alibaba-sports
alibaba-sports-62328082033,The latest Fashion style High quality Wholesale Badminton Sports shoes,Category: Sports & Entertainment.,in stock,new,20.00 USD,,https://bytebuy.store/product/alibaba-sports-62328082033/,https://sc02.alicdn.com/kf/H4373fb6ed63d4e3690f52d1d5df45022u.jpg_200x200.jpg,ByteBuy,Sports & Entertainment,Sports & Entertainment,alibaba-sports
alibaba-sports-60826753791,Nylon Sports Compression Knee Brace Knee Protector Support Sleeve Pad with Spring Stay and Silicon Pad-Red,Category: Sports & Entertainment.,in stock,new,3.99 USD,,https://bytebuy.store/product/alibaba-sports-60826753791/,https://sc02.alicdn.com/kf/HTB1DKZ1X.jrK1RkHFNRq6ySvpXaE.jpg_200x200.jpg,ByteBuy,Sports & Entertainment,Sports & Entertainment,alibaba-sports
alibaba-sports-62128133473,Shad bait soft plastic fish lure 90mm 3.5g pvc plastisol soft bait Double Color T Tail soft lure,Category: Sports & Entertainment.,in stock,new,0.10 USD,,https://bytebuy.store/product/alibaba-sports-62128133473/,https://sc02.alicdn.com/kf/HTB1YOq2XUGF3KVjSZFoq6zmpFXa7.jpg_200x200.jpg,ByteBuy,Sports & Entertainment,Sports & Entertainment,alibaba-sports
alibaba-sports-60797369343,10 pieces Fishing Floats Set Buoy Bobber Fishing Light Stick Floats Fluctuate Mix Size Color float buoy For Fishing Accessories,Category: Sports & Entertainment.,in stock,new,0.68 USD,,https://bytebuy.store/product/alibaba-sports-60797369343/,https://sc02.alicdn.com/kf/HTB1H3hQOgHqK1RjSZFkq6x.WFXaV.jpg_200x200.jpg,ByteBuy,Sports & Entertainment,Sports & Entertainment,alibaba-sports
alibaba-sports-60694536379,electric bicycle china for sale(YHZ-SX-028),Category: Sports & Entertainment.,in stock,new,389.00 USD,,https://bytebuy.store/product/alibaba-sports-60694536379/,https://sc02.alicdn.com/kf/HTB1l6ihdUKF3KVjSZFE760ExFXaa.png_200x200.jpg,ByteBuy,Sports & Entertainment,Sports & Entertainment,alibaba-sports
alibaba-sports-62203008789,electric bicycle battery 52V 14Ah hailong ebike battery pack 36 48 volt ebike lithium ion batteries for ebike with Samsung cell,Category: Sports & Entertainment.,in stock,new,309.00 USD,,https://bytebuy.store/product/alibaba-sports-62203008789/,https://sc02.alicdn.com/kf/HTB1jx.oXQH0gK0jSZPiq6yvapXaF.jpg_200x200.jpg,ByteBuy,Sports & Entertainment,Sports & Entertainment,alibaba-sports
alibaba-sports-62356150173,chinese wholesale Paint prices hammer action 88 key board besar vertical electric digital piano for studio,Category: Sports & Entertainment.,in stock,new,221.00 USD,,https://bytebuy.store/product/alibaba-sports-62356150173/,https://sc02.alicdn.com/kf/H540dd0d1815c4c72be934dc7bdcbfc26l.jpg_200x200.jpg,ByteBuy,Sports & Entertainment,Sports & Entertainment,alibaba-sports
alibaba-sports-62227862580,free sample electroplating custom fishing hard floating wobbler oem minnow lure,Category: Sports & Entertainment.,in stock,new,1.00 USD,,https://bytebuy.store/product/alibaba-sports-62227862580/,https://sc02.alicdn.com/kf/Hf3a03e94be2348518e2ad1a0947b4f32H.jpg_200x200.jpg,ByteBuy,Sports & Entertainment,Sports & Entertainment,alibaba-sports
alibaba-sports-62382377073,Warehouse in Europe 2019 Hot Popular Folding Electric Bike 48V 500W Electric Bicycle,Category: Sports & Entertainment.,in stock,new,750.00 USD,,https://bytebuy.store/product/alibaba-sports-62382377073/,https://sc02.alicdn.com/kf/Hbf688d1fd9b64d0194b66c4ee981abd4R.jpg_200x200.jpg,ByteBuy,Sports & Entertainment,Sports & Entertainment,alibaba-sports
alibaba-sports-62335432877,Sunshine Adult Socker Bopper Power Bag Standing Inflatable Punching Bag for Kids,Category: Sports & Entertainment.,in stock,new,5.52 USD,,https://bytebuy.store/product/alibaba-sports-62335432877/,https://sc02.alicdn.com/kf/H635be6ba4a6a4dc1a7ea2dd0a352cefdx.jpg_200x200.jpg,ByteBuy,Sports & Entertainment,Sports & Entertainment,alibaba-sports
alibaba-sports-60753355211,2017 Factory Customize field Ice Hockey Bag With Whells,Category: Sports & Entertainment.,in stock,new,23.00 USD,,https://bytebuy.store/product/alibaba-sports-60753355211/,https://sc02.alicdn.com/kf/HTB10_S5cGLN8KJjSZFvq6xW8VXaF.jpg_200x200.jpg,ByteBuy,Sports & Entertainment,Sports & Entertainment,alibaba-sports
alibaba-sports-62177023529,Slalom inlineskate in factory price outdoor quad roller skates patines en linea,Category: Sports & Entertainment.,in stock,new,78.00 USD,,https://bytebuy.store/product/alibaba-sports-62177023529/,https://sc02.alicdn.com/kf/HTB1Vfxxd2WG3KVjSZFg762TspXa9.png_200x200.jpg,ByteBuy,Sports & Entertainment,Sports & Entertainment,alibaba-sports
alibaba-sports-62323704592,Spike 3-10X42E M9 Best PriceCompact Rifle Scope Sight +red laser R/G Illum,Category: Sports & Entertainment.,in stock,new,28.20 USD,,https://bytebuy.store/product/alibaba-sports-62323704592/,https://sc02.alicdn.com/kf/H519184848d8b403fb04ad9282690763by.jpg_200x200.jpg,ByteBuy,Sports & Entertainment,Sports & Entertainment,alibaba-sports
alibaba-sports-62005349706,Taiwan Made Garden Tool Chaussures debulleur/ Lawn Aerator Shoes Full Assembled Spiked Aerating Lawn Sandals,Category: Sports & Entertainment.,in stock,new,6.28 USD,,https://bytebuy.store/product/alibaba-sports-62005349706/,https://sc02.alicdn.com/kf/UTB8s8YotSbIXKJkSaefq6yasXXaW.jpg_200x200.jpg,ByteBuy,Sports & Entertainment,Sports & Entertainment,alibaba-sports
alibaba-sports-62003945068,Rechargeable built in battery mini green laser sight guns and weapons army,Category: Sports & Entertainment.,in stock,new,28.50 USD,,https://bytebuy.store/product/alibaba-sports-62003945068/,https://sc02.alicdn.com/kf/HTB1Il37aOzxK1RkSnaVq6xn9VXau.jpg_200x200.jpg,ByteBuy,Sports & Entertainment,Sports & Entertainment,alibaba-sports
alibaba-sports-62392012876,best outdoor cover walking proof barefoot men womens kids children summer walk on swimming sports socks aqua beach water shoes,Category: Sports & Entertainment.,in stock,new,7.90 USD,,https://bytebuy.store/product/alibaba-sports-62392012876/,https://sc02.alicdn.com/kf/H4058dab15fab49a48d0c8f78172bb61eO.jpg_200x200.jpg,ByteBuy,Sports & Entertainment,Sports & Entertainment,alibaba-sports
alibaba-sports-62282928712,china supplier Billiards Pool Cue oak shaft cues sticks 2 piece,Category: Sports & Entertainment.,in stock,new,7.50 USD,,https://bytebuy.store/product/alibaba-sports-62282928712/,https://sc02.alicdn.com/kf/H8deac220e08c421993715baa70bce1330.jpg_200x200.jpg,ByteBuy,Sports & Entertainment,Sports & Entertainment,alibaba-sports
alibaba-sports-62012866832,Factory OEM Wholesale vibration therapy massage roller ball electric,Category: Sports & Entertainment.,in stock,new,23.90 USD,,https://bytebuy.store/product/alibaba-sports-62012866832/,https://sc02.alicdn.com/kf/H562774b4b3d743129ec25488fb35f505k.jpg_200x200.jpg,ByteBuy,Sports & Entertainment,Sports & Entertainment,alibaba-sports
alibaba-sports-60859685620,Manke new arriving Mini foldable electro-car for adult use bike bicycle convenient use electrical bicycle,Category: Sports & Entertainment.,in stock,new,330.00 USD,,https://bytebuy.store/product/alibaba-sports-60859685620/,https://sc02.alicdn.com/kf/HTB1l5dFaizxK1Rjy1zkq6yHrVXaj.jpg_200x200.jpg,ByteBuy,Sports & Entertainment,Sports & Entertainment,alibaba-sports
alibaba-sports-62313744364,Wholesale Colombian Corset Body Shaper Waist Trainer,Category: Sports & Entertainment.,in stock,new,14.00 USD,,https://bytebuy.store/product/alibaba-sports-62313744364/,https://sc02.alicdn.com/kf/Hddace99736c24d21957cce7abdcb70c2J.jpg_200x200.jpg,ByteBuy,Sports & Entertainment,Sports & Entertainment,alibaba-sports
alibaba-sports-60834256882,Composite Basketball Nice Quality Custom Printed Indoor Basketball,Category: Sports & Entertainment.,in stock,new,8.80 USD,,https://bytebuy.store/product/alibaba-sports-60834256882/,https://sc02.alicdn.com/kf/HTB1cak2O9zqK1RjSZFLq6An2XXa7.jpg_200x200.jpg,ByteBuy,Sports & Entertainment,Sports & Entertainment,alibaba-sports
alibaba-sports-62470282305,Thermal slim waist trainer lower back support brace 2019 new style,Category: Sports & Entertainment.,in stock,new,5.00 USD,,https://bytebuy.store/product/alibaba-sports-62470282305/,https://sc02.alicdn.com/kf/H107b2069cab24ac2bcabbf923914f20cH.jpg_200x200.jpg,ByteBuy,Sports & Entertainment,Sports & Entertainment,alibaba-sports
alibaba-sports-60766123612,Custom OEM TPE Yoga Wheel Massage Back Stretch Roller With Carrying Bag,Category: Sports & Entertainment.,in stock,new,15.00 USD,,https://bytebuy.store/product/alibaba-sports-60766123612/,https://sc02.alicdn.com/kf/HTB1S6VRXhD1gK0jSZFKq6AJrVXaM.jpg_200x200.jpg,ByteBuy,Sports & Entertainment,Sports & Entertainment,alibaba-sports
alibaba-sports-62184939107,Newest Automatical smart four wheel folding disabled electric mobility scooter with Lithium battery CE FDA standard,Category: Sports & Entertainment.,in stock,new,1688.00 USD,,https://bytebuy.store/product/alibaba-sports-62184939107/,https://sc02.alicdn.com/kf/HTB1MUWyevWG3KVjSZFgq6zTspXaB.jpg_200x200.jpg,ByteBuy,Sports & Entertainment,Sports & Entertainment,alibaba-sports
alibaba-sports-60814614798,2019 new arrivals men&#39;s sport shoes colorful wholesale casual sport shoe,Category: Sports & Entertainment.,in stock,new,4.00 USD,,https://bytebuy.store/product/alibaba-sports-60814614798/,https://sc02.alicdn.com/kf/H06f6559a582d4b9bb3b48f5f033469ebq.jpg_200x200.jpg,ByteBuy,Sports & Entertainment,Sports & Entertainment,alibaba-sports
alibaba-sports-62251615340,60V 20Ah Fat Tire Electric Scooter 800W 1000W 1500W Citycoco With big tire electric scooter 2000w citycoco scooter,Category: Sports & Entertainment.,in stock,new,650.00 USD,,https://bytebuy.store/product/alibaba-sports-62251615340/,https://sc02.alicdn.com/kf/H570e4d8a2ff94657a83d340e46067c74E.jpg_200x200.jpg,ByteBuy,Sports & Entertainment,Sports & Entertainment,alibaba-sports
alibaba-sports-60734474159,Smileboy brand top fashion glow in the dark promotional ball customized size 7 deflated basketball ball,Category: Sports & Entertainment.,in stock,new,20.00 USD,,https://bytebuy.store/product/alibaba-sports-60734474159/,https://sc02.alicdn.com/kf/HTB1t9h9pfDH8KJjy1Xcq6ApdXXaC.jpg_200x200.jpg,ByteBuy,Sports & Entertainment,Sports & Entertainment,alibaba-sports
alibaba-sports-60560069553,DIVESTAR Water Sport Premium Neoprene 5mm waterproof diving boots,Category: Sports & Entertainment.,in stock,new,18.00 USD,,https://bytebuy.store/product/alibaba-sports-60560069553/,https://sc02.alicdn.com/kf/HTB1whx5jMDD8KJjy0Fdq6AjvXXaU.jpg_200x200.jpg,ByteBuy,Sports & Entertainment,Sports & Entertainment,alibaba-sports
alibaba-sports-60667698957,Laser Engraving Embossing Logo Rubber PU Leather Black Yoga Mats With Body Alignment System,Category: Sports & Entertainment.,in stock,new,20.00 USD,,https://bytebuy.store/product/alibaba-sports-60667698957/,https://sc02.alicdn.com/kf/HTB1G0IEeGWs3KVjSZFxq6yWUXXaJ.jpg_200x200.jpg,ByteBuy,Sports & Entertainment,Sports & Entertainment,alibaba-sports
alibaba-sports-62431877066,2020 New Outdoor sport off road 6.5 inch self-balancing electric scooter hover board,Category: Sports & Entertainment.,in stock,new,67.00 USD,,https://bytebuy.store/product/alibaba-sports-62431877066/,https://sc02.alicdn.com/kf/H8d0b27ceceb442f18fa329cb2bccc177G.jpg_200x200.jpg,ByteBuy,Sports & Entertainment,Sports & Entertainment,alibaba-sports
alibaba-sports-62050022918,Adjustable Free Size Back Support Sports Back Posture Corrector,Category: Sports & Entertainment.,in stock,new,2.89 USD,,https://bytebuy.store/product/alibaba-sports-62050022918/,https://sc02.alicdn.com/kf/H6d58be0bc9d54e8498e0e00de4d0f418D.jpg_200x200.jpg,ByteBuy,Sports & Entertainment,Sports & Entertainment,alibaba-sports
alibaba-sports-62458087260,Football Ball High Quality Soccer Ball Slip-resistant Seamless Match Training Football Official Size 5,Category: Sports & Entertainment.,in stock,new,2.80 USD,,https://bytebuy.store/product/alibaba-sports-62458087260/,https://sc02.alicdn.com/kf/H4ca4f5e6b7d7422ba23d8385e98567330.jpg_200x200.jpg,ByteBuy,Sports & Entertainment,Sports & Entertainment,alibaba-sports
alibaba-sports-62311956551,Carabiners Clip for Outdoor S-Biner Carabiner keychain,Category: Sports & Entertainment.,in stock,new,0.25 USD,,https://bytebuy.store/product/alibaba-sports-62311956551/,https://sc02.alicdn.com/kf/Hd1f8779aa2ca48fc9cdd88aee0b81069K.jpg_200x200.jpg,ByteBuy,Sports & Entertainment,Sports & Entertainment,alibaba-sports
alibaba-sports-62126479433,Custom Swiss Quality Skateboard Bearings,Category: Sports & Entertainment.,in stock,new,0.58 USD,,https://bytebuy.store/product/alibaba-sports-62126479433/,https://sc02.alicdn.com/kf/HTB1FxNTaG61gK0jSZFlq6xDKFXal.jpg_200x200.jpg,ByteBuy,Sports & Entertainment,Sports & Entertainment,alibaba-sports
alibaba-sports-62405145673,1-2 Person Automatic Single Layer Rainproof Camping Outdoor Portable Waterproof Tent For Sale,Category: Sports & Entertainment.,in stock,new,15.50 USD,,https://bytebuy.store/product/alibaba-sports-62405145673/,https://sc02.alicdn.com/kf/H5778d6b9ef624d309d4735fdf4c33e4az.jpg_200x200.jpg,ByteBuy,Sports & Entertainment,Sports & Entertainment,alibaba-sports
alibaba-sports-62187139557,Custom Printed Elastic Heat Resistance Super Slingshot Rubber Bands,Category: Sports & Entertainment.,in stock,new,1.99 USD,,https://bytebuy.store/product/alibaba-sports-62187139557/,https://sc02.alicdn.com/kf/HTB1CP9neLWG3KVjSZFgq6zTspXaD.jpg_200x200.jpg,ByteBuy,Sports & Entertainment,Sports & Entertainment,alibaba-sports
alibaba-sports-62261073632,Professional Venture Skateboard Trucks 5&#34; Low Skate Trucks Skateboard Aluminum Skate Board Trucks,Category: Sports & Entertainment.,in stock,new,9.70 USD,,https://bytebuy.store/product/alibaba-sports-62261073632/,https://sc02.alicdn.com/kf/H0f253d5835b24dae87ae7a6e58d778f2w.jpg_200x200.jpg,ByteBuy,Sports & Entertainment,Sports & Entertainment,alibaba-sports
alibaba-sports-62365786235,LP China&#39;s long-standing brand High quality classic style import of ash 10mm Tip 3/4 joint inlay butt billiard snooker cue stick,Category: Sports & Entertainment.,in stock,new,34.95 USD,,https://bytebuy.store/product/alibaba-sports-62365786235/,https://sc02.alicdn.com/kf/Ha0b255d5e16947d0ab5a4c94e8bcdceaG.jpg_200x200.jpg,ByteBuy,Sports & Entertainment,Sports & Entertainment,alibaba-sports
alibaba-sports-60463220005,China Cheap Outdoor Custom Used Gazebo Design Canvas Roof Top Tent,Category: Sports & Entertainment.,in stock,new,499.90 USD,,https://bytebuy.store/product/alibaba-sports-60463220005/,https://sc02.alicdn.com/kf/HTB13y6Vc6fguuRjy1zeq6z0KFXaQ.jpg_200x200.jpg,ByteBuy,Sports & Entertainment,Sports & Entertainment,alibaba-sports
alibaba-sports-60821803290,SUPERMAN EVA Exercise Simple one-touch Operation Yoga LED Vibrating Foam Roller with Deep four Speed vibration,Category: Sports & Entertainment.,in stock,new,22.00 USD,,https://bytebuy.store/product/alibaba-sports-60821803290/,https://sc02.alicdn.com/kf/H657d4ac397644e2d92f9a1d1d5c132acg.jpg_200x200.jpg,ByteBuy,Sports & Entertainment,Sports & Entertainment,alibaba-sports
alibaba-sports-60734200378,Dropship Natural Latex Resistance Yoga Loop band with fitness resistance bands loop,Category: Sports & Entertainment.,in stock,new,2.20 USD,,https://bytebuy.store/product/alibaba-sports-60734200378/,https://sc02.alicdn.com/kf/HTB1iHDkkTXYBeNkHFrdq6AiuVXaR.jpg_200x200.jpg,ByteBuy,Sports & Entertainment,Sports & Entertainment,alibaba-sports
alibaba-sports-62336947558,latest electric scooters mobility electric scooter adult foldable,Category: Sports & Entertainment.,in stock,new,120.00 USD,,https://bytebuy.store/product/alibaba-sports-62336947558/,https://sc02.alicdn.com/kf/Ha740121690804a518d839a0ba25c898aR.jpg_200x200.jpg,ByteBuy,Sports & Entertainment,Sports & Entertainment,alibaba-sports
alibaba-sports-62397679726,Hot selling Neoprene Butt Lifter Thigh Trimming Shape Wear with High Waist Trainer for womens lady,Category: Sports & Entertainment.,in stock,new,8.99 USD,,https://bytebuy.store/product/alibaba-sports-62397679726/,https://sc02.alicdn.com/kf/H9f4f611f6a984de69a6ee1f028e5c085X.jpg_200x200.jpg,ByteBuy,Sports & Entertainment,Sports & Entertainment,alibaba-sports
alibaba-sports-60796010209,2020 cheap tatami judo mats 270kg/m3 density IJF Standard quality,Category: Sports & Entertainment.,in stock,new,50.00 USD,,https://bytebuy.store/product/alibaba-sports-60796010209/,https://sc02.alicdn.com/kf/HTB1i4LQKkyWBuNjy0Fpq6yssXXaP.jpg_200x200.jpg,ByteBuy,Sports & Entertainment,Sports & Entertainment,alibaba-sports
alibaba-sports-62135260953,Customized survival kits for camping use stainless steel multitool card,Category: Sports & Entertainment.,in stock,new,0.38 USD,,https://bytebuy.store/product/alibaba-sports-62135260953/,https://sc02.alicdn.com/kf/HTB1ZETNaqSs3KVjSZPiq6AsiVXan.jpg_200x200.jpg,ByteBuy,Sports & Entertainment,Sports & Entertainment,alibaba-sports
alibaba-sports-62184869317,Fishing Lures Wholesale 90mm 27g Fishing Lures Bait Minnow Lure Trout Peche Artificial Hard Baits M349,Category: Sports & Entertainment.,in stock,new,0.70 USD,,https://bytebuy.store/product/alibaba-sports-62184869317/,https://sc02.alicdn.com/kf/H7d783bdfb0bd4b199e105b15355b3f213.jpg_200x200.jpg,ByteBuy,Sports & Entertainment,Sports & Entertainment,alibaba-sports
alibaba-sports-60766379408,Adjustable Speed Bag Platform for Boxing,Category: Sports & Entertainment.,in stock,new,52.00 USD,,https://bytebuy.store/product/alibaba-sports-60766379408/,https://sc02.alicdn.com/kf/H09ec5c7e050642c9bdc0bfcb455f5c6dw.jpg_200x200.jpg,ByteBuy,Sports & Entertainment,Sports & Entertainment,alibaba-sports
alibaba-sports-62375724209,Portable envelope silver fiber anti-bacterial anti-fungal single travel sleeping bag,Category: Sports & Entertainment.,in stock,new,39.70 USD,,https://bytebuy.store/product/alibaba-sports-62375724209/,https://sc02.alicdn.com/kf/Hc4db0ec3e98a4b5694c6cf75be9b3da7w.jpg_200x200.jpg,ByteBuy,Sports & Entertainment,Sports & Entertainment,alibaba-sports
alibaba-sports-60841430859,Children indoor playground for candy series,Category: Sports & Entertainment.,in stock,new,180.00 USD,,https://bytebuy.store/product/alibaba-sports-60841430859/,https://sc02.alicdn.com/kf/HLB13SmoaOLxK1Rjy0Ffq6zYdVXav.jpg_200x200.jpg,ByteBuy,Sports & Entertainment,Sports & Entertainment,alibaba-sports
alibaba-sports-62232614946,Amazon hot exclusive MT-005 F/R factory direct alloy mtb disc brake hub multicolor 15*100 12*142 bicycle hub bike wheels hub,Category: Sports & Entertainment.,in stock,new,34.53 USD,,https://bytebuy.store/product/alibaba-sports-62232614946/,https://sc02.alicdn.com/kf/H0bbdd8a941d44f0383e47655c65971b7N.jpg_200x200.jpg,ByteBuy,Sports & Entertainment,Sports & Entertainment,alibaba-sports
alibaba-sports-62227877422,customized color paint coating Fishing Rod metal parts rubber rod bottom cap,Category: Sports & Entertainment.,in stock,new,0.84 USD,,https://bytebuy.store/product/alibaba-sports-62227877422/,https://sc02.alicdn.com/kf/H7d4565e6ed224ddead32005a5103710fF.jpg_200x200.jpg,ByteBuy,Sports & Entertainment,Sports & Entertainment,alibaba-sports
alibaba-sports-60759492972,2018 hot selling giant unicorn / flamingo /peacock swimming float in water outdoor for 6 persons,Category: Sports & Entertainment.,in stock,new,200.00 USD,,https://bytebuy.store/product/alibaba-sports-60759492972/,https://sc02.alicdn.com/kf/HTB15wdjpQ9WBuNjSspeq6yz5VXaf.jpg_200x200.jpg,ByteBuy,Sports & Entertainment,Sports & Entertainment,alibaba-sports
alibaba-sports-62385881159,Anti-Slip Protect Weight Lifting Dumbbell Silicone Grip Fat Barbell Grips,Category: Sports & Entertainment.,in stock,new,2.20 USD,,https://bytebuy.store/product/alibaba-sports-62385881159/,https://sc02.alicdn.com/kf/H892a4ca0d2db421e926e2cbcbc945039N.jpg_200x200.jpg,ByteBuy,Sports & Entertainment,Sports & Entertainment,alibaba-sports
alibaba-sports-62093103009,Anodized Aluminum Spool FLYING SHARK 2000-7000 /12BB/ 6.2:1 Gear Ratio 8Kg Max Drag Spinning Fishing Reel,Category: Sports & Entertainment.,in stock,new,13.40 USD,,https://bytebuy.store/product/alibaba-sports-62093103009/,https://sc02.alicdn.com/kf/HLB18wihSNTpK1RjSZFKq6y2wXXaT.jpg_200x200.jpg,ByteBuy,Sports & Entertainment,Sports & Entertainment,alibaba-sports
alibaba-sports-62382312329,White Sneakers Wholesale Bottom Private Label Tennis Shoe Sports Shoes Shanghai For School Women,Category: Sports & Entertainment.,in stock,new,9.99 USD,,https://bytebuy.store/product/alibaba-sports-62382312329/,https://sc02.alicdn.com/kf/Ha2e392349c8c43beb74484f6273ac315C.jpg_200x200.jpg,ByteBuy,Sports & Entertainment,Sports & Entertainment,alibaba-sports
alibaba-sports-60749489830,Full suspension fat tire mountain electric vehicle/bike,Category: Sports & Entertainment.,in stock,new,690.00 USD,,https://bytebuy.store/product/alibaba-sports-60749489830/,https://sc02.alicdn.com/kf/HTB11bvfiXOWBuNjy0Fiq6xFxVXay.jpg_200x200.jpg,ByteBuy,Sports & Entertainment,Sports & Entertainment,alibaba-sports
alibaba-sports-60542606933,57.2mm (2-1/4&#34;) Standard size Professional quality resin Pool ball,Category: Sports & Entertainment.,in stock,new,45.00 USD,,https://bytebuy.store/product/alibaba-sports-60542606933/,https://sc02.alicdn.com/kf/H5834241f62e24a97846ecd2cc069bb4dy.jpg_200x200.jpg,ByteBuy,Sports & Entertainment,Sports & Entertainment,alibaba-sports
alibaba-sports-60802722813,FREE SAMPLE PROVIDED------Wholesale yoga mat material rolls custom organic yoga mats eco friendly custom yoga mat,Category: Sports & Entertainment.,in stock,new,1.00 USD,,https://bytebuy.store/product/alibaba-sports-60802722813/,https://sc02.alicdn.com/kf/U721191c81ac248b5bd765a50aa266aa5c.jpg_200x200.jpg,ByteBuy,Sports & Entertainment,Sports & Entertainment,alibaba-sports
alibaba-sports-60768281052,Whosale Safety elbow pads wrist guards baby knee pads for crawling,Category: Sports & Entertainment.,in stock,new,0.40 USD,,https://bytebuy.store/product/alibaba-sports-60768281052/,https://sc02.alicdn.com/kf/Hea3cb33bde16454db739c1fc6599ba30s.jpg_200x200.jpg,ByteBuy,Sports & Entertainment,Sports & Entertainment,alibaba-sports
alibaba-sports-62445163974,Titanium wood stove light weght wood burn stoves,Category: Sports & Entertainment.,in stock,new,289.00 USD,,https://bytebuy.store/product/alibaba-sports-62445163974/,https://sc02.alicdn.com/kf/He7ba6ddb949f4c09bdcb1ec740209d34y.jpg_200x200.jpg,ByteBuy,Sports & Entertainment,Sports & Entertainment,alibaba-sports
alibaba-sports-62171345276,Candlenut pole portable fun Children&#39;s indoor play house folding Outdoor camping beach kids luxury Indian Teepee Canvas Tent,Category: Sports & Entertainment.,in stock,new,13.50 USD,,https://bytebuy.store/product/alibaba-sports-62171345276/,https://sc02.alicdn.com/kf/HTB11xhOdvWG3KVjSZFgq6zTspXal.jpg_200x200.jpg,ByteBuy,Sports & Entertainment,Sports & Entertainment,alibaba-sports
alibaba-sports-62239217131,OEM service Adjustable power belt hand support Wrist Support bracer gym wrist wraps Pair Weight Lifting,Category: Sports & Entertainment.,in stock,new,0.72 USD,,https://bytebuy.store/product/alibaba-sports-62239217131/,https://sc02.alicdn.com/kf/Hdcfda5be3b7b4244b19aa779871e63d0t.jpg_200x200.jpg,ByteBuy,Sports & Entertainment,Sports & Entertainment,alibaba-sports
alibaba-sports-62031514358,Chinese Bike Components Supplier Reflective Logo S size Women Aluminium mountain bicycle frame,Category: Sports & Entertainment.,in stock,new,81.00 USD,,https://bytebuy.store/product/alibaba-sports-62031514358/,https://sc02.alicdn.com/kf/HTB183nALwDqK1RjSZSyq6yxEVXa3.jpg_200x200.jpg,ByteBuy,Sports & Entertainment,Sports & Entertainment,alibaba-sports
alibaba-sports-60465722385,yoga hanging sling with handles aerial pilates nylon fabric antigravity flying yoga hammock,Category: Sports & Entertainment.,in stock,new,18.59 USD,,https://bytebuy.store/product/alibaba-sports-60465722385/,https://sc02.alicdn.com/kf/Hceec4e1795f2447ca1b8e47d6fc1b767Q.jpg_200x200.jpg,ByteBuy,Sports & Entertainment,Sports & Entertainment,alibaba-sports
alibaba-sports-62109156361,Custom Gym Protective Adjustable Leather Weight Lifting Belt,Category: Sports & Entertainment.,in stock,new,25.00 USD,,https://bytebuy.store/product/alibaba-sports-62109156361/,https://sc02.alicdn.com/kf/HLB1Q3ZzUNnaK1RjSZFtq6zC2VXa8.jpg_200x200.jpg,ByteBuy,Sports & Entertainment,Sports & Entertainment,alibaba-sports
alibaba-sports-62179589561,Running Outdoor Fashion Breathable Mesh Soft Sole Casual Athletic Women Sneaker Shoes,Category: Sports & Entertainment.,in stock,new,4.84 USD,,https://bytebuy.store/product/alibaba-sports-62179589561/,https://sc02.alicdn.com/kf/HTB1UpjyelWD3KVjSZFsq6AqkpXaP.jpg_200x200.jpg,ByteBuy,Sports & Entertainment,Sports & Entertainment,alibaba-sports
alibaba-sports-60849957647,"SERAPH paint Gravel 700C Carbon Bike Frameset, Thru Axle 142mm QR 135mm Carbon Cyclocross Frame Disc GR029",Category: Sports & Entertainment.,in stock,new,369.00 USD,,https://bytebuy.store/product/alibaba-sports-60849957647/,https://sc02.alicdn.com/kf/HTB1zE1TXUrrK1RkSne1q6ArVVXaZ.jpg_200x200.jpg,ByteBuy,Sports & Entertainment,Sports & Entertainment,alibaba-sports
alibaba-sports-60795636781,Colorful Adult Running Shoes Indoor Gym Cross Training Sneakers Breathable Volleyball Badminton Tennis Shoes,Category: Sports & Entertainment.,in stock,new,17.90 USD,,https://bytebuy.store/product/alibaba-sports-60795636781/,https://sc02.alicdn.com/kf/HTB1trardi6guuRjy1Xdq6yAwpXag.jpg_200x200.jpg,ByteBuy,Sports & Entertainment,Sports & Entertainment,alibaba-sports
alibaba-sports-60836088335,2x Dual Sided Fitness Gliding Discs Core Sliders for Home Gym Abs Leg Workouts,Category: Sports & Entertainment.,in stock,new,4.42 USD,,https://bytebuy.store/product/alibaba-sports-60836088335/,https://sc02.alicdn.com/kf/HTB1_PjxayYrK1Rjy0Fdq6ACvVXaE.jpg_200x200.jpg,ByteBuy,Sports & Entertainment,Sports & Entertainment,alibaba-sports
alibaba-sports-62254577013,2.1M 4-21g OEM Ultra Light Guide Fuji Spinning Rod,Category: Sports & Entertainment.,in stock,new,13.00 USD,,https://bytebuy.store/product/alibaba-sports-62254577013/,https://sc02.alicdn.com/kf/Hc0ed69b77ddc4dc78380ef0e8dc891a87.jpg_200x200.jpg,ByteBuy,Sports & Entertainment,Sports & Entertainment,alibaba-sports
alibaba-sports-62161855821,XPD white man women table tennis shoes hombre mujer fashion Durable rubber sole anti-skidding custom,Category: Sports & Entertainment.,in stock,new,16.15 USD,,https://bytebuy.store/product/alibaba-sports-62161855821/,https://sc02.alicdn.com/kf/HTB1x0M3cCSD3KVjSZFKq6z10VXaS.jpg_200x200.jpg,ByteBuy,Sports & Entertainment,Sports & Entertainment,alibaba-sports
alibaba-sports-62173212185,DECOQ 12inch Shooting Target Game Custom Magnetic Dartboard with Plastic Wing Darts and Sticky Balls for Kids Dart Toy,Category: Sports & Entertainment.,in stock,new,2.10 USD,,https://bytebuy.store/product/alibaba-sports-62173212185/,https://sc02.alicdn.com/kf/HTB127sldvWG3KVjSZPcq6zkbXXaM.jpg_200x200.jpg,ByteBuy,Sports & Entertainment,Sports & Entertainment,alibaba-sports
alibaba-sports-62115295849,Soccer Shoes Boots Long Ankle Men Adults Kids Original Outdoor Athletic Football shoes of PU vamp and sole,Category: Sports & Entertainment.,in stock,new,41.92 USD,,https://bytebuy.store/product/alibaba-sports-62115295849/,https://sc02.alicdn.com/kf/HLB1ZY3dVmzqK1RjSZFHq6z3CpXaY.jpg_200x200.jpg,ByteBuy,Sports & Entertainment,Sports & Entertainment,alibaba-sports
alibaba-sports-62383077633,fishing lead lure drag metal cast slim jig,Category: Sports & Entertainment.,in stock,new,1.00 USD,,https://bytebuy.store/product/alibaba-sports-62383077633/,https://sc02.alicdn.com/kf/H34f50e6212bc4aa8bfa6e93838f13d66h.jpg_200x200.jpg,ByteBuy,Sports & Entertainment,Sports & Entertainment,alibaba-sports
aliexpress-1005008469177029,Girl Family Matching Clothes Outfits Kids Tshirt Blazing Party Boy Shirt Clothing Children Outfit Summer Daddy Daughter Tshirts,Category: Children's Clothing.,in stock,new,18.69 USD,8.78 USD,https://bytebuy.store/product/aliexpress-1005008469177029/,https://ae-pic-a1.aliexpress-media.com/kf/S8eb771e1cae2461dab32bf59523d8dbbn.jpg,ByteBuy,Children's Clothing,Children's Clothing,aliexpress
aliexpress-1005010294784495,Versatile Thick-Soled High-Top Sports Shoes White Casual Sneakers for Women Teenagers Spring Autumn Fashion Footwear,Category: Women's Shoes.,in stock,new,13.48 USD,6.93 USD,https://bytebuy.store/product/aliexpress-1005010294784495/,https://ae-pic-a1.aliexpress-media.com/kf/S24144d6864a94cbeb95ceb8552f341f2C.jpg,ByteBuy,Women's Shoes,Women's Shoes,aliexpress
aliexpress-1005010312218852,range hood industrial filter intelligent commercial wholesale leads industrial kitchen,Category: Measurement & Analysis Instruments.,in stock,new,330.24 USD,317.03 USD,https://bytebuy.store/product/aliexpress-1005010312218852/,https://ae-pic-a1.aliexpress-media.com/kf/S16c832821e114b54a22dfb363b2759d8O.jpg,ByteBuy,Measurement & Analysis Instruments,Measurement & Analysis Instruments,aliexpress
aliexpress-1005008645474826,Vintage Car Shape Piggy Bank Coin Bank Savings Money Box Coin Saving Pot Kids' Money Banks Gifts for Home Decor Birthday,Category: Home Decor.,in stock,new,31.65 USD,18.67 USD,https://bytebuy.store/product/aliexpress-1005008645474826/,https://ae-pic-a1.aliexpress-media.com/kf/Haec7b6e3a5cf4f78932ee096256ca360D.jpg,ByteBuy,Home Decor,Home Decor,aliexpress
aliexpress-33002939564,Focusable 650nm 30mW Red Laser Diode Module w Focus Dot Collimator Lens 12mmx30mm,Category: Commercial Lighting.,in stock,new,9.15 USD,8.23 USD,https://bytebuy.store/product/aliexpress-33002939564/,https://ae-pic-a1.aliexpress-media.com/kf/HTB1Gj_GQAvoK1RjSZPfq6xPKFXa7.jpg,ByteBuy,Commercial Lighting,Commercial Lighting,aliexpress
aliexpress-1005012935566935,New Cover For Inspiron 15Plus 7510 LCD Rear Cover/Front Frame/Palm Pad/Bottom Cover/hinged Top Cover Silver,Category: Laptop Parts & Accessories.,in stock,new,29.96 USD,23.97 USD,https://bytebuy.store/product/aliexpress-1005012935566935/,https://ae-pic-a1.aliexpress-media.com/kf/Sce954d784a96480fa89e9858cccc12c70.jpg,ByteBuy,Laptop Parts & Accessories,Laptop Parts & Accessories,aliexpress
aliexpress-1005010718902614,LTT aluminum alloy custom balcony sunscreen balcony locker,Category: Home Furniture.,in stock,new,1272.25 USD,890.57 USD,https://bytebuy.store/product/aliexpress-1005010718902614/,https://ae-pic-a1.aliexpress-media.com/kf/Sfe75b33c7dc14f34949550f01a3dd541m.jpg,ByteBuy,Home Furniture,Home Furniture,aliexpress
aliexpress-1005008580066879,Metal Penis Cage Male Chastity Lock Device Cock Ring Chastity Cage Erotic Adult Sex Toys For Men Cbt erotic sexy adult man tools,Category: Sex Products.,in stock,new,15.99 USD,11.19 USD,https://bytebuy.store/product/aliexpress-1005008580066879/,https://ae-pic-a1.aliexpress-media.com/kf/S0b0e87dd27514a998367952b3d0380f0d.jpg,ByteBuy,Sex Products,Sex Products,aliexpress
aliexpress-1005010437602202,AB02 Commercial Japanese Charcoal Fish Grill Open Display Grill Japanese Style Grill,Category: Home Appliance Parts.,in stock,new,857.60 USD,728.96 USD,https://bytebuy.store/product/aliexpress-1005010437602202/,https://ae-pic-a1.aliexpress-media.com/kf/S69cf9f407e664f988f732fd297cc6d43H.jpg,ByteBuy,Home Appliance Parts,Home Appliance Parts,aliexpress
aliexpress-1005012798614108,1/2pcs Durable Stainless Steel Hand Cultivator Silver Wooden Handle Garden Hoe Ergonomic Handle Dual Head Pickaxe Tool,Category: Garden Tools.,in stock,new,41.21 USD,20.60 USD,https://bytebuy.store/product/aliexpress-1005012798614108/,https://ae-pic-a1.aliexpress-media.com/kf/S36012921d7e2437e9a7210165b5608e9V.jpg,ByteBuy,Garden Tools,Garden Tools,aliexpress
aliexpress-1005010161339890,Freely installed small pneumatic cylinder CDU6/10/16/20-10*15*20*25*30D-S,Category: Hardware.,in stock,new,8.24 USD,7.17 USD,https://bytebuy.store/product/aliexpress-1005010161339890/,https://ae-pic-a1.aliexpress-media.com/kf/Sf71bdeda62204273b040403c9f02918fm.png,ByteBuy,Hardware,Hardware,aliexpress
aliexpress-1005012501264634,DingSheng Wireless IR2508 PE-X5 Projector Remote Control Black Compatible Replacement Remote for Acer D101E D315,Category: Accessories & Parts.,in stock,new,11.51 USD,10.38 USD,https://bytebuy.store/product/aliexpress-1005012501264634/,https://ae-pic-a1.aliexpress-media.com/kf/Sf5c2d7fa747845089f5660d92ccc5e73R.png,ByteBuy,Accessories & Parts,Accessories & Parts,aliexpress
aliexpress-1005012127953765,Brand New ECU 0281020032 Car Engine Computer Board Electronic Control Unit Factory Price,Category: Electronic Accessories & Supplies.,in stock,new,571.34 USD,531.35 USD,https://bytebuy.store/product/aliexpress-1005012127953765/,https://ae-pic-a1.aliexpress-media.com/kf/S4a2c75dbd9114ea2bc3140372b76c6a8E.jpg,ByteBuy,Electronic Accessories & Supplies,Electronic Accessories & Supplies,aliexpress
aliexpress-1005005443249988,"Domestic 1530,1520 Three-Core Film Developing Tank Tuohai Home Dark Room Film Developing Tank Extension Tank 120135",Category: Household Merchandises.,in stock,new,59.45 USD,27.94 USD,https://bytebuy.store/product/aliexpress-1005005443249988/,https://ae-pic-a1.aliexpress-media.com/kf/S9ce685dcab4249129b8cc18287f10bdbi.jpg,ByteBuy,Household Merchandises,Household Merchandises,aliexpress
aliexpress-1005009221222513,Exotic Summer Adult Women Cool Nightgown Spaghetti Strap Slim Party Dress Backless Elegant V-Neck Sexy Bodycon Lace Long Dress,Category: Cosplay Costumes.,in stock,new,21.72 USD,20.42 USD,https://bytebuy.store/product/aliexpress-1005009221222513/,https://ae-pic-a1.aliexpress-media.com/kf/S5a5419b6ec44475e95e65e4b46a1a760P.jpg,ByteBuy,Cosplay Costumes,Cosplay Costumes,aliexpress
aliexpress-1005012679283900,"Pet heating pad oversized, warm and constant temperature in winter, cat kennel can lie down and sleep waterproof",Category: Pet Products.,in stock,new,118.34 USD,112.42 USD,https://bytebuy.store/product/aliexpress-1005012679283900/,https://ae-pic-a1.aliexpress-media.com/kf/S6eb70737e36a4d95b40a9660cca28bb2J.jpg,ByteBuy,Pet Products,Pet Products,aliexpress
aliexpress-32797193121,BULLCAPTAIN Leather Men's Sports Bag Fitness Shoulder Bag Retro Handbag Travel Bag Large Capacity Laptop Bag Cross Section 01,Category: Men's Bags.,in stock,new,44.48 USD,43.45 USD,https://bytebuy.store/product/aliexpress-32797193121/,https://ae-pic-a1.aliexpress-media.com/kf/S0d394e22e40e424ca7e24289e111d88dL.jpg,ByteBuy,Men's Bags,Men's Bags,aliexpress
aliexpress-1005009993659245,Animal Owl Mask Cosplay Bird Beak Eagle Pu Half Face Masks Halloween Masquerade Carnival Dress Up Purim Party Costume Props,Category: Cosplay Accessories.,in stock,new,5.92 USD,2.90 USD,https://bytebuy.store/product/aliexpress-1005009993659245/,https://ae-pic-a1.aliexpress-media.com/kf/S74b80150997a43b1a589dd911bede73cB.jpg,ByteBuy,Cosplay Accessories,Cosplay Accessories,aliexpress
aliexpress-1005010138082509,HQD GDF60-18Z/7.5 Spindle Cnc 7.5KW 18000rpm ER32 Square Shape Cooper Shaft Air Cooled,"Category: Packaging, Printing & Supporting Equipment.",in stock,new,886.21 USD,797.59 USD,https://bytebuy.store/product/aliexpress-1005010138082509/,https://ae-pic-a1.aliexpress-media.com/kf/Sa7c180b17b874148bece66652270005fQ.jpg,ByteBuy,"Packaging, Printing & Supporting Equipment","Packaging, Printing & Supporting Equipment",aliexpress
aliexpress-1005012654294103,Motorcycle Registration Plate Holder License Bracket LED Fender For Kawasaki Z900 Z900SE 2017 2018 2019 2020 2021 2022 2023 2024,Category: Motorcycle Parts.,in stock,new,24.83 USD,24.23 USD,https://bytebuy.store/product/aliexpress-1005012654294103/,https://ae-pic-a1.aliexpress-media.com/kf/S27fc49a29c1e4a6f9f0464d71844f7e07.jpg,ByteBuy,Motorcycle Parts,Motorcycle Parts,aliexpress
aliexpress-1005012026245879,UTV&ATVStraight Hydraulic Pressure Pop up Camping 4x4 4wd Automatic Suv Truck Rooftop Tents Hard Cover Car 270 Degree Awning Ten,Category: Motorcycle & ATV.,in stock,new,1109.48 USD,898.68 USD,https://bytebuy.store/product/aliexpress-1005012026245879/,https://ae-pic-a1.aliexpress-media.com/kf/S7d65adf83a5d422ebbad255cb6db29dcG.jpg,ByteBuy,Motorcycle & ATV,Motorcycle & ATV,aliexpress
aliexpress-1005013021416266,2026 Men Women Square Sunglasses Luxury Designer Trendy Photochromic Driving Punk Sun Glasses Male Outdoor Streetwear Shades,Category: Eyewear & Accessories.,in stock,new,28.46 USD,12.81 USD,https://bytebuy.store/product/aliexpress-1005013021416266/,https://ae-pic-a1.aliexpress-media.com/kf/Se821410e15d74095ac53976438179a99S.jpg,ByteBuy,Eyewear & Accessories,Eyewear & Accessories,aliexpress
aliexpress-1005012132321605,XL Timing Belt Width 6/8/10/12.7/15mm Type: 44XL 46XL 48XL 50XL 54XL 56XL 60XL 64XL 66XL 68XL 70XL 72XL 74XL 76XL 78XL 80XL 82XL,Category: Hardware.,in stock,new,3.74 USD,2.39 USD,https://bytebuy.store/product/aliexpress-1005012132321605/,https://ae-pic-a1.aliexpress-media.com/kf/S0d8741b8435f4e998cf5bdd8e83d6b66Y.jpg,ByteBuy,Hardware,Hardware,aliexpress
aliexpress-1005010198177029,ShinyGem 30-45mm Charm Irregular Natural Crystal Druzy Hollow Geode Stone Jewelry Connector Necklace For Women Men,Category: Fashion Jewelry.,in stock,new,7.36 USD,7.29 USD,https://bytebuy.store/product/aliexpress-1005010198177029/,https://ae-pic-a1.aliexpress-media.com/kf/H817fa8feb8be43329bdb8ad3068cd0ecd.jpg,ByteBuy,Fashion Jewelry,Fashion Jewelry,aliexpress
aliexpress-1005004653682093,Men's Watch Sports Watches Military Outdoor Army Tactical Date Chronograph Analog Wristwatches Waterproof Man Watch erkek kol sa,Category: Men's Watches.,in stock,new,37.34 USD,18.67 USD,https://bytebuy.store/product/aliexpress-1005004653682093/,https://ae-pic-a1.aliexpress-media.com/kf/S67059c750bb14334babb91ec34e98647Z.jpg,ByteBuy,Men's Watches,Men's Watches,aliexpress
aliexpress-1005012964334655,For Zama C1M-W44 PP133 PP333 545189502 545008042 Carburetor Set Kit Accessories,Category: Garden Tools.,in stock,new,44.22 USD,19.90 USD,https://bytebuy.store/product/aliexpress-1005012964334655/,https://ae-pic-a1.aliexpress-media.com/kf/S07f6486efac24ed899c04ef6831470415.jpg,ByteBuy,Garden Tools,Garden Tools,aliexpress
aliexpress-1005011915717425,5PCS Original Genuine SW-18010P Vibration Switch Sensor Module PH2.0-4pin Interface,Category: Automotive Sensors.,in stock,new,14.18 USD,13.75 USD,https://bytebuy.store/product/aliexpress-1005011915717425/,https://ae-pic-a1.aliexpress-media.com/kf/S8261d0a1697b4251a8b2ca4a553a6529Y.jpg,ByteBuy,Automotive Sensors,Automotive Sensors,aliexpress
aliexpress-1005009606670207,Boho-Chic Wicker Cup Holder Stacked Mug Organizer Cottagecore Coffee Bar Display Shelf Rustic Countertop Tea Glass Drain Rack,Category: Home Storage & Organization.,in stock,new,12.49 USD,8.62 USD,https://bytebuy.store/product/aliexpress-1005009606670207/,https://ae-pic-a1.aliexpress-media.com/kf/S9d9b1b68a58248c39d658670b5fd10e5F.jpg,ByteBuy,Home Storage & Organization,Home Storage & Organization,aliexpress
aliexpress-1005012307669424,Men's Thick Sole Leather Sandals Breathable Adjustable Strap Casual Platform Sandals Anti-slip Outdoor Summer Shoes for Men,Category: Men's Shoes.,in stock,new,32.54 USD,17.90 USD,https://bytebuy.store/product/aliexpress-1005012307669424/,https://ae-pic-a1.aliexpress-media.com/kf/S85dd24c1b9444b439e3f07bbd5787b1bu.jpg,ByteBuy,Men's Shoes,Men's Shoes,aliexpress
aliexpress-1005011612186467,6PCS Fuel Injectors 3071492 / 3071492PX – Fits Cummins NTA855 Engine | Replaces R-3071492,Category: Measurement & Analysis Instruments.,in stock,new,2790.77 USD,2595.42 USD,https://bytebuy.store/product/aliexpress-1005011612186467/,https://ae-pic-a1.aliexpress-media.com/kf/S394b86a03f724718bdace4683e63102e6.jpg,ByteBuy,Measurement & Analysis Instruments,Measurement & Analysis Instruments,aliexpress
aliexpress-1005008789859319,4-5mm AAA Timeless Elegance Natural Freshwater White Rice Pearl Bead Women Gift Jewelry Make DIY Necklace Bracelet Accessories,Category: Fashion Jewelry.,in stock,new,15.40 USD,12.17 USD,https://bytebuy.store/product/aliexpress-1005008789859319/,https://ae-pic-a1.aliexpress-media.com/kf/Sb875f33e1748425faaa13b303aa570beD.jpg,ByteBuy,Fashion Jewelry,Fashion Jewelry,aliexpress
aliexpress-1005012831330452,Genuine Leather Loafers for Men Thick Sole Fashion Casual Dress Shoes,Category: Men's Shoes.,in stock,new,337.96 USD,268.82 USD,https://bytebuy.store/product/aliexpress-1005012831330452/,https://ae-pic-a1.aliexpress-media.com/kf/Sedf1364d26554a4883b6e711e43116cf7.jpg,ByteBuy,Men's Shoes,Men's Shoes,aliexpress
aliexpress-1005012464437742,New 6GK7343-1EX30-0XE0 Communications Processor CP 343-1 for Connection of S7-300 in Stock,"Category: Packaging, Printing & Supporting Equipment.",in stock,new,766.15 USD,735.50 USD,https://bytebuy.store/product/aliexpress-1005012464437742/,https://ae-pic-a1.aliexpress-media.com/kf/S0bcf2dd44c4c403fa589f428c9c97e2d3.jpg,ByteBuy,"Packaging, Printing & Supporting Equipment","Packaging, Printing & Supporting Equipment",aliexpress
aliexpress-1005011766471839,"Natural Afghan white jade pendant with skin, raw stone necklace pendant wholesale",Category: Fine Jewelry.,in stock,new,15.00 USD,10.48 USD,https://bytebuy.store/product/aliexpress-1005011766471839/,https://ae-pic-a1.aliexpress-media.com/kf/Sf2270723281f4b9191c651357bb92fe6d.jpg,ByteBuy,Fine Jewelry,Fine Jewelry,aliexpress
aliexpress-1005012087812953,x-14 metal candle light dinner wrought iron table decoration ornament handicraft candle holder candle cup --2 pcs,Category: Home Decor.,in stock,new,72.05 USD,50.43 USD,https://bytebuy.store/product/aliexpress-1005012087812953/,https://ae-pic-a1.aliexpress-media.com/kf/S7678f37689e44060a5c3b91f5d97c236C.jpg,ByteBuy,Home Decor,Home Decor,aliexpress
aliexpress-1005012546430687,600g High Flow Electric 5-stage TDS Reduction Under-Sink Reverse Osmosis Water Purifier System With Compact Design For Hotel Use,Category: Tools Packaging.,in stock,new,1237.58 USD,1014.82 USD,https://bytebuy.store/product/aliexpress-1005012546430687/,https://ae-pic-a1.aliexpress-media.com/kf/S4d9203b8cf2a4532957508cf30aae6bck.jpg,ByteBuy,Tools Packaging,Tools Packaging,aliexpress
aliexpress-1005012679521725,Antenna Combiner 145mhz 400- 470MHz Iso -frequency Transit Station Duplexer VHF UHF 100W,Category: Home Decor.,in stock,new,74.90 USD,37.45 USD,https://bytebuy.store/product/aliexpress-1005012679521725/,https://ae-pic-a1.aliexpress-media.com/kf/S3605417c7adb493fa9ba920fe3068884P.jpg,ByteBuy,Home Decor,Home Decor,aliexpress
aliexpress-1005011966465964,Plus Size Lace Bra Set No Underwire Push Up Bows Cross Back Lingerie for Women,Category: Women's Intimates.,in stock,new,26.96 USD,26.69 USD,https://bytebuy.store/product/aliexpress-1005011966465964/,https://ae-pic-a1.aliexpress-media.com/kf/S69ee2b81f5bf461ab03653f303481c63K.jpg,ByteBuy,Women's Intimates,Women's Intimates,aliexpress
aliexpress-1005009688626965,New 3.0 Laser Aiming Manual Salt Bullet Fly Gun Children's Toys Adult Toys Salt Bullet Mosquito Killer Gun,Category: Garden Supplies.,in stock,new,30.69 USD,24.55 USD,https://bytebuy.store/product/aliexpress-1005009688626965/,https://ae-pic-a1.aliexpress-media.com/kf/Se73385742e374b02b841b1bd3658e608b.jpg,ByteBuy,Garden Supplies,Garden Supplies,aliexpress
aliexpress-1005012200166787,"YANN'S 2128559 212-8559 Fuel Pump, Excavator 320D 3066 S6K Fuel Pump Part",Category: Industrial Automation Control & Accessories.,in stock,new,1251.73 USD,1214.18 USD,https://bytebuy.store/product/aliexpress-1005012200166787/,https://ae-pic-a1.aliexpress-media.com/kf/Sdbfb24863367499598351a278e06d498S.jpg,ByteBuy,Industrial Automation Control & Accessories,Industrial Automation Control & Accessories,aliexpress
aliexpress-1005012941256373,For Apple For MacBook Air 13-Inch MVH22LL/A MVH42LL/A MVH52LL/A MWTJ2LL/A MWTK2LL/A MWTL2LL/A DC5V 1.5W Laptop CPU Fan,Category: Laptop Parts & Accessories.,in stock,new,32.06 USD,30.78 USD,https://bytebuy.store/product/aliexpress-1005012941256373/,https://ae-pic-a1.aliexpress-media.com/kf/Sbed7c1e161614fec82d4a5d632e122f7U.jpg,ByteBuy,Laptop Parts & Accessories,Laptop Parts & Accessories,aliexpress
aliexpress-1005012046146308,ATV&UTVLED Full Cassette Double Side Retractable Awning Free Standing Aluminum Motorized Acrylic Sail Butterfly Sunshade Remote,Category: Motorcycle & ATV.,in stock,new,2596.63 USD,2103.27 USD,https://bytebuy.store/product/aliexpress-1005012046146308/,https://ae-pic-a1.aliexpress-media.com/kf/Scaa26191038f4100abbe43eac714b330L.jpg,ByteBuy,Motorcycle & ATV,Motorcycle & ATV,aliexpress
aliexpress-1005010238936602,Long Sleeve African Dresses for Women Cotton Ankara Print African Clothes for Wedding Wear Lady Dashiki Party Dresses WY9200,Category: World Apparel.,in stock,new,66.20 USD,52.96 USD,https://bytebuy.store/product/aliexpress-1005010238936602/,https://ae-pic-a1.aliexpress-media.com/kf/Scc842624ae404cb6af698069b5356b39P.jpg,ByteBuy,World Apparel,World Apparel,aliexpress
aliexpress-1005012986696268,TopESs4 In 1 Analog Video For Air Unit/ Vista Conv&Switch Board,Category: Active Components.,in stock,new,207.48 USD,197.11 USD,https://bytebuy.store/product/aliexpress-1005012986696268/,https://ae-pic-a1.aliexpress-media.com/kf/Sd14046bf301a49efa82410d906afc5d5G.jpg,ByteBuy,Active Components,Active Components,aliexpress
aliexpress-1005012462021832,New Pattern Dakimakura Anime Iku Nagae Double-sided Print Life-size Body Pillow Cover Bedding Gifts,Category: Home Textile.,in stock,new,22.77 USD,17.89 USD,https://bytebuy.store/product/aliexpress-1005012462021832/,https://ae-pic-a1.aliexpress-media.com/kf/S0768b7f013164972be0a9d9e86d765d2b.jpg,ByteBuy,Home Textile,Home Textile,aliexpress
aliexpress-1005012500040064,"Commercial Electric Gas-Powered Cotton Candy Machine for Making Fancy and Stretchy Cotton Candy, LPG-Heated 12V/7A",Category: Agricultural Machinery & Supplies.,in stock,new,593.03 USD,474.42 USD,https://bytebuy.store/product/aliexpress-1005012500040064/,https://ae-pic-a1.aliexpress-media.com/kf/Sa4340f4ca1b8448686b4291dc2ceeec9e.jpg,ByteBuy,Agricultural Machinery & Supplies,Agricultural Machinery & Supplies,aliexpress
aliexpress-1005008300405807,ZS 10Pcs/lot 16G/18G Stainless Steel Labret Lip Rings Internal Thread Lip Stud Ear Lobe Stud Cartilage Earring 5mm/6mm/7mm/8mm,Category: Fashion Jewelry.,in stock,new,4.69 USD,4.66 USD,https://bytebuy.store/product/aliexpress-1005008300405807/,https://ae-pic-a1.aliexpress-media.com/kf/S289d631c9708418a9af31337a6a70137m.jpg,ByteBuy,Fashion Jewelry,Fashion Jewelry,aliexpress
aliexpress-1005010273672438,Modern outdoor long strip wall lamp IP65 black waterproof line lamp garden courtyard gate outdoor lighting,Category: Outdoor Lighting.,in stock,new,77.50 USD,44.17 USD,https://bytebuy.store/product/aliexpress-1005010273672438/,https://ae-pic-a1.aliexpress-media.com/kf/S7cf25ba117c34a3b8b2a187842c4aedeV.jpg,ByteBuy,Outdoor Lighting,Outdoor Lighting,aliexpress
aliexpress-32823391389,10/20Pcs Diamond Grinding Head Mounted Points 2-16mm Cutter Head Stone Jade Carving Polishing Engraving Tools 2.35/3mm Shank,Category: Abrasive Tools & Abrasives.,in stock,new,5.16 USD,5.05 USD,https://bytebuy.store/product/aliexpress-32823391389/,https://ae-pic-a1.aliexpress-media.com/kf/H04326362cb1b46febf648d533a43254bv.jpg,ByteBuy,Abrasive Tools & Abrasives,Abrasive Tools & Abrasives,aliexpress
aliexpress-1005009495275431,"2x H7 Motorcycle LED Headlight Bulbs For most vehicles, Just Plug & Play For Aprilia RSV4 RF 2015 2016 2017 2018",Category: Motorcycle Parts.,in stock,new,15.43 USD,14.20 USD,https://bytebuy.store/product/aliexpress-1005009495275431/,https://ae-pic-a1.aliexpress-media.com/kf/S4809ba551293488cbbf31bbf1d84d6c8v.jpg,ByteBuy,Motorcycle Parts,Motorcycle Parts,aliexpress
aliexpress-1005010586615090,Built-in barbecue grill outdoor patio barbecue table villa garden charcoal barbecue grill,Category: Tool Parts.,in stock,new,2238.00 USD,2126.10 USD,https://bytebuy.store/product/aliexpress-1005010586615090/,https://ae-pic-a1.aliexpress-media.com/kf/S5e27d6767bdf48c9a640d3720bd407edz.jpg,ByteBuy,Tool Parts,Tool Parts,aliexpress
aliexpress-1005008578388706,MT0993 Chinese Style flowers plum orchid bamboo chrysanthemum Canvas Decorative Wall Art Posters Solid Wood Scroll Paintings,Category: Home Decor.,in stock,new,10.78 USD,7.33 USD,https://bytebuy.store/product/aliexpress-1005008578388706/,https://ae-pic-a1.aliexpress-media.com/kf/S19f8120142c84f898bd49253aba5ee702.jpg,ByteBuy,Home Decor,Home Decor,aliexpress
aliexpress-1005012570047596,Lens Aperture Ribbon Cable Sticky Flex For Tamron A17 70-300mm F4-5.6 Di LD Macro Canon Mount,Category: Camera & Photo.,in stock,new,11.68 USD,10.87 USD,https://bytebuy.store/product/aliexpress-1005012570047596/,https://ae-pic-a1.aliexpress-media.com/kf/S933b2c993f704ea194457d30feab11e9s.png,ByteBuy,Camera & Photo,Camera & Photo,aliexpress
aliexpress-1005002996562080,12V 110cc High Flow Motorcycle Fuel Pump Electric Petrol Gas Oil Pump Core Motor For Honda Wave 110 2013,Category: Motorcycle Parts.,in stock,new,19.38 USD,14.73 USD,https://bytebuy.store/product/aliexpress-1005002996562080/,https://ae-pic-a1.aliexpress-media.com/kf/H4ec525fede064ffda3aef64082c9c38c8.jpg,ByteBuy,Motorcycle Parts,Motorcycle Parts,aliexpress
aliexpress-1005012512248361,Hi88 AI Assistant ON-EAR Smart Translator Earphone Bluetooth V6.0 Sport Headphone AI noise reduction 360 Dolby Atmos Headset,Category: Portable Audio & Video.,in stock,new,69.23 USD,42.92 USD,https://bytebuy.store/product/aliexpress-1005012512248361/,https://ae-pic-a1.aliexpress-media.com/kf/S2ecb615cc330414db2962a6a7ac84721J.jpg,ByteBuy,Portable Audio & Video,Portable Audio & Video,aliexpress
aliexpress-1005012797315825,LH hand-woven rattan chair sofa balcony leisure chair home comfort,Category: Home Furniture.,in stock,new,770.12 USD,500.58 USD,https://bytebuy.store/product/aliexpress-1005012797315825/,https://ae-pic-a1.aliexpress-media.com/kf/S5ac217deb44147e8b46d661baba36da7K.jpg,ByteBuy,Home Furniture,Home Furniture,aliexpress
aliexpress-1005012877404176,"Customized self propelled remote-controlled lawn mower, wireless four stroke lawn mower robot, industrial remote control optiona",Category: Agricultural Machinery & Supplies.,in stock,new,1498.00 USD,509.32 USD,https://bytebuy.store/product/aliexpress-1005012877404176/,https://ae-pic-a1.aliexpress-media.com/kf/S980440bc73f447c28ca76c0871280f389.jpg,ByteBuy,Agricultural Machinery & Supplies,Agricultural Machinery & Supplies,aliexpress
aliexpress-1005012728751718,KEYENCE SR-X80 SR-X300WP SR-X100P SR-X300W SR-X100W SR-X100WP SR-X80W SR-X300P SR-X100 SR-X300 Barcode and QR Code Reader,"Category: Packaging, Printing & Supporting Equipment.",in stock,new,1520.26 USD,1459.45 USD,https://bytebuy.store/product/aliexpress-1005012728751718/,https://ae-pic-a1.aliexpress-media.com/kf/S297128eb21274187a96d77d1c95a9a8ed.jpg,ByteBuy,"Packaging, Printing & Supporting Equipment","Packaging, Printing & Supporting Equipment",aliexpress
aliexpress-1005009401450152,Japanese Handmade Transparent Glass TeaCup Kung Fu Tea Set Supplies Divide Tea Chahai Household Tea Ceremony Accessories New,"Category: Kitchen,Dining & Bar.",in stock,new,23.96 USD,11.98 USD,https://bytebuy.store/product/aliexpress-1005009401450152/,https://ae-pic-a1.aliexpress-media.com/kf/S99a19d4741634cd38318f3fc6030b4b23.jpg,ByteBuy,"Kitchen,Dining & Bar","Kitchen,Dining & Bar",aliexpress
aliexpress-1005009329027277,"5Pcs Original brand new Ar Condicionado Farol Relé, Relé Ventilador, 4Pin, 95220-M2000, 12V, 20A,",Category: Active Components.,in stock,new,12.10 USD,7.75 USD,https://bytebuy.store/product/aliexpress-1005009329027277/,https://ae-pic-a1.aliexpress-media.com/kf/Se88c80d379fe429cbb161f2f26e2df41b.jpg,ByteBuy,Active Components,Active Components,aliexpress
aliexpress-1005013220821894,"Ibiza Is Calling 2 Music Quote T-Shirt, Summer Casual Cotton Tee, Oversized Streetwear Tops, Vintage Graphic Print, 100% Cotton",Category: Tops & Tees.,in stock,new,17.98 USD,8.99 USD,https://bytebuy.store/product/aliexpress-1005013220821894/,https://ae-pic-a1.aliexpress-media.com/kf/S0134656b87354bb38d177f65566a5262Z.jpg,ByteBuy,Tops & Tees,Tops & Tees,aliexpress
aliexpress-1005012795948659,24V 250W Gear Drive Motor Rear Axle Assembly Upgradeable To 350W Electric Vehicle Transmission Parts,Category: Garden Supplies.,in stock,new,259.00 USD,126.91 USD,https://bytebuy.store/product/aliexpress-1005012795948659/,https://ae-pic-a1.aliexpress-media.com/kf/S0b26e1aca7e64704809b15804506cf7dV.jpg,ByteBuy,Garden Supplies,Garden Supplies,aliexpress
aliexpress-1005012828640378,"Haida CPL+VND+Black Mist 1/4 Magnetic Filter Kit for Insta360 Luna Ultra, 3-in-1, ND2-32 Adjustable, Nano Coating",Category: Camera & Photo.,in stock,new,49.22 USD,44.30 USD,https://bytebuy.store/product/aliexpress-1005012828640378/,https://ae-pic-a1.aliexpress-media.com/kf/S3148aae83e604f2ca045880aed055537C.jpg,ByteBuy,Camera & Photo,Camera & Photo,aliexpress
aliexpress-1005012627785209,1 Pcs Ladies' Hair Clips Halloween Funny Devil Pumpkin Bat For Girl High-quality Skeleton Mesh Hat Hair Pins Hair Accessories,Category: New Headwear.,in stock,new,3.14 USD,3.06 USD,https://bytebuy.store/product/aliexpress-1005012627785209/,https://ae-pic-a1.aliexpress-media.com/kf/Sbb2344d3de794803a53bb6487f6ed4afi.jpg,ByteBuy,New Headwear,New Headwear,aliexpress
aliexpress-1005010199002713,"Wholesale New Electric Massage Mattress - Home Full-Body, Auto Waist & Cervical Care",Category: Measurement & Analysis Instruments.,in stock,new,9.70 USD,9.31 USD,https://bytebuy.store/product/aliexpress-1005010199002713/,https://ae-pic-a1.aliexpress-media.com/kf/Scde03e27d3be48bf88a307a8cabf8ec2j.jpg,ByteBuy,Measurement & Analysis Instruments,Measurement & Analysis Instruments,aliexpress
aliexpress-1005008404987521,Vennystyle Latin Dance Training dress Girls Summer dance set Professional performance ballroom dress,Category: Stage & Dance Wear.,in stock,new,97.37 USD,57.45 USD,https://bytebuy.store/product/aliexpress-1005008404987521/,https://ae-pic-a1.aliexpress-media.com/kf/S8dcddeef28be42889f64719817841bedr.jpg,ByteBuy,Stage & Dance Wear,Stage & Dance Wear,aliexpress
aliexpress-1005005089423041,Recessed Led Spotlight Frame Aluminum DownLight Shell Gu10 Mr16 Socket Angle Rotatable Square Ceiling Lamp Stand Bracket Fitting,Category: Indoor Lighting.,in stock,new,8.13 USD,6.18 USD,https://bytebuy.store/product/aliexpress-1005005089423041/,https://ae-pic-a1.aliexpress-media.com/kf/Se0787df076674383949830af1ced2562o.jpg,ByteBuy,Indoor Lighting,Indoor Lighting,aliexpress
aliexpress-1005012860786501,Brushless Motor Controller LSW947-84-1F 48V 10A E-Bike Scooter Universal E-Bike Conversion Kit Bicycle Speed Controller,Category: Cycling.,in stock,new,102.46 USD,89.44 USD,https://bytebuy.store/product/aliexpress-1005012860786501/,https://ae-pic-a1.aliexpress-media.com/kf/Sf1ef575e6c5f406696eed6aeea4176e0g.jpg,ByteBuy,Cycling,Cycling,aliexpress
aliexpress-1005012656420261,Pink leopard adorned artistic design Bedding Set for Kids Luxury Gift 3pcs Digital Print Comforter Set Soft Comfortable,Category: Home Textile.,in stock,new,74.92 USD,38.96 USD,https://bytebuy.store/product/aliexpress-1005012656420261/,https://ae-pic-a1.aliexpress-media.com/kf/S9e7673348085479191ee7919679fc945M.jpg,ByteBuy,Home Textile,Home Textile,aliexpress
aliexpress-1005013099650772,"OUYADI 999 Sterling Silver Women Adjustable Bangle, Chic Rhombus Faceted With Lucky Engraved Slide Bracelet Gift For Her",Category: Fine Jewelry.,in stock,new,44.94 USD,22.47 USD,https://bytebuy.store/product/aliexpress-1005013099650772/,https://ae-pic-a1.aliexpress-media.com/kf/S76a6a09e1f6f42638dc9ec611a219f59N.jpg,ByteBuy,Fine Jewelry,Fine Jewelry,aliexpress
aliexpress-1005012963514024,Alice Rabbit Mad Hatter Rabbit Hole Tea Party Fans Vintage Literary Gifts Throw Blanket Beach blankets and throws Blankets,Category: Home Textile.,in stock,new,12.73 USD,6.36 USD,https://bytebuy.store/product/aliexpress-1005012963514024/,https://ae-pic-a1.aliexpress-media.com/kf/Sa843ea03c12a4e32aece5bfc47d3949fn.jpg,ByteBuy,Home Textile,Home Textile,aliexpress
aliexpress-1005013138925002,Men's Shoulder Bags Soft Leather Casual Crossbody Business Travel Bag Male Handbag Commute Office Work Outdoor Activities,Category: Men's Bags.,in stock,new,19.08 USD,13.74 USD,https://bytebuy.store/product/aliexpress-1005013138925002/,https://ae-pic-a1.aliexpress-media.com/kf/Scd576ec3483848ea95f2dccec977763es.jpg,ByteBuy,Men's Bags,Men's Bags,aliexpress
aliexpress-1005009073896085,Of Sponge Cake Sandals Thick-Soled Heel Breathable Rocking Shoes For Women Mesh Shoes Comfortable Sports Casual Women's Shoes,Category: Women's Shoes.,in stock,new,26.90 USD,14.80 USD,https://bytebuy.store/product/aliexpress-1005009073896085/,https://ae-pic-a1.aliexpress-media.com/kf/Sfc601921019e4b7882f73584466074f12.jpg,ByteBuy,Women's Shoes,Women's Shoes,aliexpress
aliexpress-1005012560347606,Creative 1 minute hourglass timer Sandglass glass ornaments home decoration crafts,Category: Home Decor.,in stock,new,3.65 USD,2.08 USD,https://bytebuy.store/product/aliexpress-1005012560347606/,https://ae-pic-a1.aliexpress-media.com/kf/Sc448625dee244863875ac30fc4a6ffdec.jpg,ByteBuy,Home Decor,Home Decor,aliexpress
aliexpress-1005012273104110,MKB25/32 Swings Back 90 Degrees Angle Cylinder ClampingMKB25/32-10R/10L/20R/20L/30R/30L Pneumatic Air Cylinders,Category: Hardware.,in stock,new,13.74 USD,8.79 USD,https://bytebuy.store/product/aliexpress-1005012273104110/,https://ae-pic-a1.aliexpress-media.com/kf/S72a55ce28f0e48e39e5f05ec887b6a48W.jpg,ByteBuy,Hardware,Hardware,aliexpress
aliexpress-1005011895191162,JYZX35 Silent Digital Bench Drill Milling Machine Variable Speed 36mm Max Drilling 1.5kW Power Home Use,Category: Woodworking Machinery & Accessories.,in stock,new,4690.20 USD,4502.59 USD,https://bytebuy.store/product/aliexpress-1005011895191162/,https://ae-pic-a1.aliexpress-media.com/kf/Sc27972adce534545a7e623fd9e0e9479P.jpg,ByteBuy,Woodworking Machinery & Accessories,Woodworking Machinery & Accessories,aliexpress
aliexpress-1005010575372038,"YFY Rattan Dining Chair with Solid Wood Backrest for Cafe, Bar, Homestay, Leisure Armchair",Category: Home Furniture.,in stock,new,500.48 USD,350.34 USD,https://bytebuy.store/product/aliexpress-1005010575372038/,https://ae-pic-a1.aliexpress-media.com/kf/S6864890ce9ab42828f0552ba1dfc6d4bx.jpg,ByteBuy,Home Furniture,Home Furniture,aliexpress
aliexpress-1005006313106960,"392-616mm, 2GT Timing Belt, Model from 392-2GT, 396-2GT, 400-2GT, 404-2GT to 616-2GT, for DIY/CNC/3D Printers, G2M Toothed Belt",Category: Hardware.,in stock,new,3.13 USD,2.98 USD,https://bytebuy.store/product/aliexpress-1005006313106960/,https://ae-pic-a1.aliexpress-media.com/kf/S2907f7b900b245649ce34bc03f9301dfL.png,ByteBuy,Hardware,Hardware,aliexpress
aliexpress-1005012290572076,16 Inch Classic Barbecue Grill 1500 Degrees Portable Outdoor Propane Steak Grill,Category: Camping & Hiking.,in stock,new,262.14 USD,251.65 USD,https://bytebuy.store/product/aliexpress-1005012290572076/,https://ae-pic-a1.aliexpress-media.com/kf/S2d4b5f7d9274428fb5ed1b799744b53b0.jpg,ByteBuy,Camping & Hiking,Camping & Hiking,aliexpress
aliexpress-1005013065205457,Vacation Sunglasses For Men UV400 protection Sunglasses Square Sunglass Gafas Vintage Glasses Oculos,Category: Eyewear & Accessories.,in stock,new,29.96 USD,13.48 USD,https://bytebuy.store/product/aliexpress-1005013065205457/,https://ae-pic-a1.aliexpress-media.com/kf/Sa1bcd380f05f48e3a530ea38624f17b8j.jpg,ByteBuy,Eyewear & Accessories,Eyewear & Accessories,aliexpress
aliexpress-1005011802678258,PROFESSIONAL FACTORY Brand New Motor Engine Assembly Long Block Sqr473f SQR484F SQR481FC SQR481 SQR481F SQR472 Engine For Chery,Category: RV Parts & Accessories.,in stock,new,1563.58 USD,1329.04 USD,https://bytebuy.store/product/aliexpress-1005011802678258/,https://ae-pic-a1.aliexpress-media.com/kf/Sdb2c2330381840709d5be2eb58f18ba0l.jpg,ByteBuy,RV Parts & Accessories,RV Parts & Accessories,aliexpress
aliexpress-1005008755485885,Spring Summer Children Baseball Caps Kids Boys Girls Fashion Letter Embroidery Color Block Sun Hat Cotton Autumn Baby Hats,Category: Kids Accessories.,in stock,new,6.20 USD,4.96 USD,https://bytebuy.store/product/aliexpress-1005008755485885/,https://ae-pic-a1.aliexpress-media.com/kf/Se8c27b79c9a445b68a03dbd408fc3283x.jpg,ByteBuy,Kids Accessories,Kids Accessories,aliexpress
aliexpress-1005011841856098,6001546816 suitable for Renault car glass regulator switch button power window control single switch,Category: Interior Parts.,in stock,new,33.85 USD,10.15 USD,https://bytebuy.store/product/aliexpress-1005011841856098/,https://ae-pic-a1.aliexpress-media.com/kf/Sb19430b1ff004535a815c9cff9624a89Z.jpg,ByteBuy,Interior Parts,Interior Parts,aliexpress
aliexpress-1005012547168008,Natural Marble + brass T Bar Cabinet handle and Knobs Kitchen Cupboard Door Pulls Furniture Handle Dresser knob Hardware,Category: Hardware.,in stock,new,19.63 USD,8.84 USD,https://bytebuy.store/product/aliexpress-1005012547168008/,https://ae-pic-a1.aliexpress-media.com/kf/S2a6451310dda4704baf9619b2730b6b0u.jpg,ByteBuy,Hardware,Hardware,aliexpress
aliexpress-33028197595,American Industrial Wind Loft Wrought Iron Retro Nostalgic Study Living Room Bedroom Vintage Long Arm Fishing Floor Lamp E27,Category: Indoor Lighting.,in stock,new,228.00 USD,177.84 USD,https://bytebuy.store/product/aliexpress-33028197595/,https://ae-pic-a1.aliexpress-media.com/kf/S557228b7f0dc483fb8beda73f98fed69l.jpg,ByteBuy,Indoor Lighting,Indoor Lighting,aliexpress
aliexpress-1005008380462991,F-35 Lightning II Jet Fighters Men's T-Shirt Short Sleeve Casual Cotton Summer O-Neck TShirt,Category: Tops & Tees.,in stock,new,20.53 USD,12.11 USD,https://bytebuy.store/product/aliexpress-1005008380462991/,https://ae-pic-a1.aliexpress-media.com/kf/Sb22dc3954d644f0396611d2c252f07f4R.jpg,ByteBuy,Tops & Tees,Tops & Tees,aliexpress
aliexpress-1005011643591251,For Jet X Jetx 125 150 X125 X150 CNC Motorcycle Key Case Shell Cover Keychain Keyring Key Holder Motorcycle Accessories,Category: Modification&Protection.,in stock,new,5.15 USD,4.92 USD,https://bytebuy.store/product/aliexpress-1005011643591251/,https://ae-pic-a1.aliexpress-media.com/kf/S48e4406eb11b47219ac5e629b934c8e1Y.png,ByteBuy,Modification&Protection,Modification&Protection,aliexpress
aliexpress-1005012566623341,Countertop Full Glass Hot Food Display Warmer Commercial Thermal Insulation Food Heating Showcase for Restaurant Snack Shop,Category: Food Machine and Supporting Equipment.,in stock,new,387.08 USD,224.51 USD,https://bytebuy.store/product/aliexpress-1005012566623341/,https://ae-pic-a1.aliexpress-media.com/kf/S979a778a248b40099f1dc1e9ea7e8820g.jpg,ByteBuy,Food Machine and Supporting Equipment,Food Machine and Supporting Equipment,aliexpress
aliexpress-1005013232497672,Soft Christmas Dog Socks Breathable Thickening Knitted Elk Printed Dog Socks Warm Dirt-Resistant Paws Protectors Indoor Socks,Category: Pet Products.,in stock,new,7.60 USD,2.66 USD,https://bytebuy.store/product/aliexpress-1005013232497672/,https://ae-pic-a1.aliexpress-media.com/kf/S56cf03e78098493784ee10bd6fe8c908H.png,ByteBuy,Pet Products,Pet Products,aliexpress
aliexpress-1005012592131228,Pet Dog Sunglasses Doggles Anti-UV Protection Adjustable Strap Driving Bike Riding Hiking Swimming Wind Dust Fog Eye Protection,Category: Pet Products.,in stock,new,12.34 USD,7.53 USD,https://bytebuy.store/product/aliexpress-1005012592131228/,https://ae-pic-a1.aliexpress-media.com/kf/S065566b4a8b04c17a9a238a6023d9831G.jpg,ByteBuy,Pet Products,Pet Products,aliexpress
aliexpress-1005012782297892,"Hot Sale Heavy Duty Crawler Tractor, Efficient Farm Soil Preparation Machine For Rural Areas, Free Shipping",Category: Agricultural Machinery & Supplies.,in stock,new,698.97 USD,678.00 USD,https://bytebuy.store/product/aliexpress-1005012782297892/,https://ae-pic-a1.aliexpress-media.com/kf/Sd3b0f24dd3eb4091bc0d7d057c1bd6d7a.png,ByteBuy,Agricultural Machinery & Supplies,Agricultural Machinery & Supplies,aliexpress
aliexpress-1005012414143189,Paper PICKUP FEED ROLLER ACM Tires 40X5451 Fits For Lexmark E260D X463 X464DE 2350D X466DTE X264DN MFP E460 X364DN 2330D,Category: Office Electronics.,in stock,new,2.11 USD,2.03 USD,https://bytebuy.store/product/aliexpress-1005012414143189/,https://ae-pic-a1.aliexpress-media.com/kf/Se0e8fafea62c4aca8f03e9098e6004a5r.jpg,ByteBuy,Office Electronics,Office Electronics,aliexpress
aliexpress-1005011954540786,French high-end retro decorative lamp wall hanging sales office three-dimensional entrance background,Category: Home Decor.,in stock,new,823.90 USD,659.12 USD,https://bytebuy.store/product/aliexpress-1005011954540786/,https://ae-pic-a1.aliexpress-media.com/kf/Sa03f4e9f169c48709b49c1b0706b3b0em.jpg,ByteBuy,Home Decor,Home Decor,aliexpress
aliexpress-1005013224760032,FOR Ducati Streetfighter V2 2022-2023-2026 Streetfighter V2 Motorcycle Radiator Guard Covers Oil Cooler Cooling Radiator Shield,Category: Motorcycle Parts.,in stock,new,35.65 USD,16.40 USD,https://bytebuy.store/product/aliexpress-1005013224760032/,https://ae-pic-a1.aliexpress-media.com/kf/S42e6e5bcb2ee49e48a591bdc400619098.jpg,ByteBuy,Motorcycle Parts,Motorcycle Parts,aliexpress
aliexpress-1005009290079667,Motorcycle Accessories Full Fairing Bolts Kit Screws Nuts For yamaha MT-09 MT-07 TRACER mt09 mt07 TRACER 700 900 7/9 gt TRACER,Category: Modification&Protection.,in stock,new,25.48 USD,11.72 USD,https://bytebuy.store/product/aliexpress-1005009290079667/,https://ae-pic-a1.aliexpress-media.com/kf/S3c52755f4b104e449f47fcf5add0f391v.jpg,ByteBuy,Modification&Protection,Modification&Protection,aliexpress
aliexpress-1005012565248601,High-Performance 1-20 TON/H Wood Chipper Shredder With Electric/Diesel Engine China's Leading Forestry Machinery,Category: Tool Parts.,in stock,new,2959.04 USD,2663.14 USD,https://bytebuy.store/product/aliexpress-1005012565248601/,https://ae-pic-a1.aliexpress-media.com/kf/S31b76d9c26174efbb5567ea21d5f1d40b.jpg,ByteBuy,Tool Parts,Tool Parts,aliexpress
aliexpress-1005013225805074,Luxury 3D Bedding set Europe Double Duvet cover set Bed linen Comfortable BlanketQuilt cover Bed Set Nordic colour,Category: Home Textile.,in stock,new,50.10 USD,23.05 USD,https://bytebuy.store/product/aliexpress-1005013225805074/,https://ae-pic-a1.aliexpress-media.com/kf/S55b3d5889f9f4bf5bd6fd0b61ccf2fb6t.jpg,ByteBuy,Home Textile,Home Textile,aliexpress
aliexpress-1005006559362399,Bunny Family Burrow Carrot Book Light Fire Log Basket Metal Cutting Dies Stamp Scrapbook Diary Decoration Embossing Template DIY,"Category: Arts,Crafts & Sewing.",in stock,new,3.98 USD,2.31 USD,https://bytebuy.store/product/aliexpress-1005006559362399/,https://ae-pic-a1.aliexpress-media.com/kf/S64ba11a57d284b30b4a564b15241f39cy.jpg,ByteBuy,"Arts,Crafts & Sewing","Arts,Crafts & Sewing",aliexpress
aliexpress-1005013145606759,Super Business Portable Coffee Maker Self Heating Integrated Espresso S9A Commercial Fully Automatic Coffee Machine Maker,Category: Furniture Accessories.,in stock,new,873.84 USD,795.19 USD,https://bytebuy.store/product/aliexpress-1005013145606759/,https://ae-pic-a1.aliexpress-media.com/kf/Sa597375f667c4cb7a101c961a07307d9F.jpg,ByteBuy,Furniture Accessories,Furniture Accessories,aliexpress
aliexpress-1005012191041801,"Spring Back Ping Pong Rebound Board, Professional Indoor Training Tool for Solo Practice",Category: Home Decor.,in stock,new,80.37 USD,38.58 USD,https://bytebuy.store/product/aliexpress-1005012191041801/,https://ae-pic-a1.aliexpress-media.com/kf/Sc7bf0f17d2fb4f238c3af25e5f4aaa23H.jpg,ByteBuy,Home Decor,Home Decor,aliexpress
aliexpress-under10-1005007038221828,Inflatable Anal Plug Silicone Huge Anal Ball Expander Butt Plug Dilator G Spot Stimulator Prostate Massager Expansion Sex Toys,Category: Sex Products.,in stock,new,12.51 USD,6.13 USD,https://bytebuy.store/product/aliexpress-under10-1005007038221828/,https://ae-pic-a1.aliexpress-media.com/kf/S7d322f92b76048578288c3e6251582bcK.png,ByteBuy,Sex Products,Sex Products,aliexpress-under10
aliexpress-under10-1005012224109763,Rear Hand Brake Cable For Hon *da Rincon 650 4x4 2003-2019 For TRX650FA 2004-2009 For Rincon 650 4x4 GPS TRX650FGA 43460-HN8-00,Category: Motorcycle & ATV.,in stock,new,10.80 USD,8.21 USD,https://bytebuy.store/product/aliexpress-under10-1005012224109763/,https://ae-pic-a1.aliexpress-media.com/kf/S16ad7533a96040e6bb9b2ba89738ff9az.jpg,ByteBuy,Motorcycle & ATV,Motorcycle & ATV,aliexpress-under10
aliexpress-under10-1005012683399872,Precise 2X 688-82560 Sensor Temperature Switch 688-82560-10 For Outboard Motor Parts 60-70-75-90-115-130-150-175-200 HP,Category: Boats.,in stock,new,14.94 USD,7.62 USD,https://bytebuy.store/product/aliexpress-under10-1005012683399872/,https://ae-pic-a1.aliexpress-media.com/kf/Sadc1ad3d8a17436ab1de7b49e783ea94B.jpg,ByteBuy,Boats,Boats,aliexpress-under10
aliexpress-under10-1005012101511238,New original AFB0812HH-R00 8025 12V 0.30A 3-wire cooling fan,Category: Computer Components.,in stock,new,10.33 USD,9.50 USD,https://bytebuy.store/product/aliexpress-under10-1005012101511238/,https://ae-pic-a1.aliexpress-media.com/kf/Sed964831832b4bb394724caebbc20c0a1.png,ByteBuy,Computer Components,Computer Components,aliexpress-under10
aliexpress-under10-1005013148923170,Butterfly Pearl Necklace - New Collar Chain with Full Diamond Choker and Bow Earrings - Women's Jewelry,Category: Fine Jewelry.,in stock,new,9.86 USD,9.55 USD,https://bytebuy.store/product/aliexpress-under10-1005013148923170/,https://ae-pic-a1.aliexpress-media.com/kf/S23f5f9853b514908bea64be6bd960d4dX.jpg,ByteBuy,Fine Jewelry,Fine Jewelry,aliexpress-under10
aliexpress-under10-1005006444109184,Genuine Leather Waist Packs Men Classic Texture Creative Delicate Design Travel Casual Fanny Bum Bag Phone Belt Pocket,Category: Women's Handbags.,in stock,new,16.29 USD,7.33 USD,https://bytebuy.store/product/aliexpress-under10-1005006444109184/,https://ae-pic-a1.aliexpress-media.com/kf/S3a5ec70048914dd68cbef5b6aa3107c1Q.jpg,ByteBuy,Women's Handbags,Women's Handbags,aliexpress-under10
aliexpress-under10-1005011773322565,M.2 NVME M+B Key SSD to PCIE Adapter Module PCI-E 3.0 X4 SATA Expansion Card,Category: Computer Components.,in stock,new,15.28 USD,7.64 USD,https://bytebuy.store/product/aliexpress-under10-1005011773322565/,https://ae-pic-a1.aliexpress-media.com/kf/Sa5c48a02a489473d91521093ddc7658ee.jpg,ByteBuy,Computer Components,Computer Components,aliexpress-under10
aliexpress-under10-1005012383721316,Basketball Dream Art Bandana Neck Cover Mask Scarf Warm Headwear Beanies Hat Unisex Adult All Season,Category: new Scarf &Wrap.,in stock,new,11.68 USD,3.73 USD,https://bytebuy.store/product/aliexpress-under10-1005012383721316/,https://ae-pic-a1.aliexpress-media.com/kf/Sa2a3ed5bd0c94953b7969c75e3250252Z.jpg,ByteBuy,new Scarf &Wrap,new Scarf &Wrap,aliexpress-under10
aliexpress-under10-1005011722524898,100% natural Vietnam Monet Garden ruby rough mineral specimens cure crystal (fluorescence effect red） +Box size:35*35*35mm,Category: Fine Jewelry.,in stock,new,45.00 USD,7.65 USD,https://bytebuy.store/product/aliexpress-under10-1005011722524898/,https://ae-pic-a1.aliexpress-media.com/kf/S3c918b63275d46e7ae01c15fe649e4dbx.jpg,ByteBuy,Fine Jewelry,Fine Jewelry,aliexpress-under10
aliexpress-under10-1005012819647138,Fashion PU Leather Mini Phone Bag Simple Multi-functional Messenger Bag Casual Crossbody Bag Daily Use,Category: Women's Handbags.,in stock,new,7.34 USD,7.25 USD,https://bytebuy.store/product/aliexpress-under10-1005012819647138/,https://ae-pic-a1.aliexpress-media.com/kf/Sd0743a971ecd4ccfafacb025532939c7Y.jpg,ByteBuy,Women's Handbags,Women's Handbags,aliexpress-under10
aliexpress-under10-1005012824522354,Felt Felt Beading Tray Felt Surfaces Measurement Markings Beading Mat Alphabetic Scale Nonslip Beadwork Design Tray Art Crafts,Category: Jewelry Tools & Equipments.,in stock,new,8.02 USD,4.01 USD,https://bytebuy.store/product/aliexpress-under10-1005012824522354/,https://ae-pic-a1.aliexpress-media.com/kf/Scdb77960167442efbd60dcf5a5c1b8fdK.jpg,ByteBuy,Jewelry Tools & Equipments,Jewelry Tools & Equipments,aliexpress-under10
aliexpress-under10-1005012964386089,Motorcycle Equipped With Waterproof Black Leather Fuel Tank Storage Bag For Honda Goldwing GL1800 F6B,Category: Motorcycle Accessories.,in stock,new,11.24 USD,9.22 USD,https://bytebuy.store/product/aliexpress-under10-1005012964386089/,https://ae-pic-a1.aliexpress-media.com/kf/S65b8ef8f866d4d5ab3b4754dd332ee33l.jpg,ByteBuy,Motorcycle Accessories,Motorcycle Accessories,aliexpress-under10
aliexpress-under10-1005012962784902,Sneaker Addict Box Suitcase Cover Protection Elastic Travel Luggage Protector Covers for 18-32 Inch,Category: Travel Accessories.,in stock,new,16.48 USD,8.24 USD,https://bytebuy.store/product/aliexpress-under10-1005012962784902/,https://ae-pic-a1.aliexpress-media.com/kf/Se0b901c3e8a647f79d566250da476afbw.jpg,ByteBuy,Travel Accessories,Travel Accessories,aliexpress-under10
aliexpress-under10-1005012794450653,Luxury Wooden Bracelet Holder Square Packaging Transparent Lid Jewelry Box Anti-collision Storage Hand Chain Display Case Couple,Category: Jewelry Packaging & Display.,in stock,new,24.35 USD,8.52 USD,https://bytebuy.store/product/aliexpress-under10-1005012794450653/,https://ae-pic-a1.aliexpress-media.com/kf/Scce46c8e42cc471ca8496324753a93a5C.png,ByteBuy,Jewelry Packaging & Display,Jewelry Packaging & Display,aliexpress-under10
aliexpress-under10-1005011780833409,1-10PCS Women‘s Summer Outdoor Sun Face Mask Neck Cover Cooling Breathable UV Protection for Hiking Cycling Ideal Gift,Category: new Scarf &Wrap.,in stock,new,7.79 USD,3.90 USD,https://bytebuy.store/product/aliexpress-under10-1005011780833409/,https://ae-pic-a1.aliexpress-media.com/kf/S70d79c1fab3940a486075ad80016de0dv.jpg,ByteBuy,new Scarf &Wrap,new Scarf &Wrap,aliexpress-under10
aliexpress-under10-1005012486827553,Shockproof Micro TF SD Card SD Cards TF Cards Memory Card 256GB 64GB 32GB Magnet Proof Fast Read Write A2 for Drone Laptop Phone,Category: Storage Device.,in stock,new,1.49 USD,1.48 USD,https://bytebuy.store/product/aliexpress-under10-1005012486827553/,https://ae-pic-a1.aliexpress-media.com/kf/Se39bc9b5655b4e6d88442d47e318bf39R.jpg,ByteBuy,Storage Device,Storage Device,aliexpress-under10
aliexpress-under10-1005013211957752,"Bonroy C10 TF Flash Memory Card, Mini SD Form Factor High‑Speed Storage for Phone, Dash Cam, Camera, DVR, 4GB-64GB Optional",Category: Storage Device.,in stock,new,19.85 USD,6.06 USD,https://bytebuy.store/product/aliexpress-under10-1005013211957752/,https://ae-pic-a1.aliexpress-media.com/kf/Se8a9b8654fe84a429b475442460c9827B.jpg,ByteBuy,Storage Device,Storage Device,aliexpress-under10
aliexpress-under10-1005004133755346,For Sport Evo TNT150 250 300 600 502C 750 752s Motorcycle Tank Pad Sticker Gas Cover Protector Accessories Waterproof,Category: Ornamental & Cleaning.,in stock,new,6.86 USD,6.65 USD,https://bytebuy.store/product/aliexpress-under10-1005004133755346/,https://ae-pic-a1.aliexpress-media.com/kf/S2bb40a60a45241569c78cac41bb0acd7W.jpg,ByteBuy,Ornamental & Cleaning,Ornamental & Cleaning,aliexpress-under10
aliexpress-under10-1005013115836642,portable1 Pair Metal Nipple Clamps Breast Clip Slave Chest Stimulator Adult Games Erotic Product BDSM Sex Toys For Women,Category: Sex Products.,in stock,new,8.90 USD,4.01 USD,https://bytebuy.store/product/aliexpress-under10-1005013115836642/,https://ae-pic-a1.aliexpress-media.com/kf/S16d3799114684b0b9bfa1a9d145da9a8s.jpg,ByteBuy,Sex Products,Sex Products,aliexpress-under10
aliexpress-under10-1005012432838471,2 in 1 OTG Type C Card Reader USB Flash Drive for Tablet SD TF Memory Card Adapter for Smartphones And Tablets,Category: Storage Device.,in stock,new,10.06 USD,4.83 USD,https://bytebuy.store/product/aliexpress-under10-1005012432838471/,https://ae-pic-a1.aliexpress-media.com/kf/S90337f1b16f549c0955b023a06e52140H.jpg,ByteBuy,Storage Device,Storage Device,aliexpress-under10
aliexpress-under10-1005011951266773,Autumn/Winter Solid-Color Hairband Pearl-Embellished Fuzzy Headband Women's Elegant Style Non-Slip Hair Tie Hair Accessory SA40,Category: New Headwear.,in stock,new,27.96 USD,7.83 USD,https://bytebuy.store/product/aliexpress-under10-1005011951266773/,https://ae-pic-a1.aliexpress-media.com/kf/S8afeeb7f0f6f465d9de8b7761c1fc399g.jpg,ByteBuy,New Headwear,New Headwear,aliexpress-under10
aliexpress-under10-1005008917164444,12pcs MOC Solid Color Mini Doll Bricks 40 Color Character Bricks DIY Accessories Display Toys Children's Gifts,Category: Building & Construction Toys.,in stock,new,6.26 USD,6.06 USD,https://bytebuy.store/product/aliexpress-under10-1005008917164444/,https://ae-pic-a1.aliexpress-media.com/kf/S45c3f6cc6c0e47e69ec9cb3b32515e36j.jpg,ByteBuy,Building & Construction Toys,Building & Construction Toys,aliexpress-under10
aliexpress-under10-1005012951192513,TrustDavis Real 925 Sterling Silver Fashion and Elegant Hollow Woven Flower Earrings for Women Daily Wear Jewelry Gift DS4964,Category: Fine Jewelry.,in stock,new,11.01 USD,6.06 USD,https://bytebuy.store/product/aliexpress-under10-1005012951192513/,https://ae-pic-a1.aliexpress-media.com/kf/S8869a7dc28284cbd8fd1712f5a8805adr.jpg,ByteBuy,Fine Jewelry,Fine Jewelry,aliexpress-under10
aliexpress-under10-1005012570165852,1/64 1/35 Scale Miniature Scene Dolls Un-panited White Figure Mini Model Agile and Cunning Opportunistic Predator Red Fox,Category: Action & Toy Figures.,in stock,new,8.84 USD,5.57 USD,https://bytebuy.store/product/aliexpress-under10-1005012570165852/,https://ae-pic-a1.aliexpress-media.com/kf/S8c38403fe7504f0da6ea3a392fae61d44.jpg,ByteBuy,Action & Toy Figures,Action & Toy Figures,aliexpress-under10
aliexpress-under10-1005012190271283,"Baby Non-Slip Toddler Boots, Warm and Thick, Soft Flat Shoes for Infants, Suitable for Indoor Holiday Parties and Gatherings.",Category: Kids Shoes.,in stock,new,11.75 USD,5.64 USD,https://bytebuy.store/product/aliexpress-under10-1005012190271283/,https://ae-pic-a1.aliexpress-media.com/kf/S6e5f46eb85b04650906297884e8aafea2.jpg,ByteBuy,Kids Shoes,Kids Shoes,aliexpress-under10
aliexpress-under10-1005012806867154,Throttle Position Sensor TPS 89452-20130 For Toyota Corolla Sainsbaru 198500-1071 8945220130,Category: Automotive Sensors.,in stock,new,10.83 USD,8.66 USD,https://bytebuy.store/product/aliexpress-under10-1005012806867154/,https://ae-pic-a1.aliexpress-media.com/kf/S92c135482601495f8d9bbb946641d096t.jpg,ByteBuy,Automotive Sensors,Automotive Sensors,aliexpress-under10
aliexpress-under10-1005012618630943,1:18 Model Toy Motorcycle Metal Diecast Miniature Motorbike Front Wheel Steering Shock Absorption Home Decoration,Category: Play Vehicles & Models.,in stock,new,17.86 USD,8.93 USD,https://bytebuy.store/product/aliexpress-under10-1005012618630943/,https://ae-pic-a1.aliexpress-media.com/kf/S06699724462042139bb5168377d3881fu.jpg,ByteBuy,Play Vehicles & Models,Play Vehicles & Models,aliexpress-under10
aliexpress-under10-1005005398628669,X Autohaux Car Smart Remote Key Case Fob Shell Cover Housing Tools for Audi A4 A5 Q7 SQ5 TT Allroad Quattro Sportback 2016-2019,Category: Car Lock System.,in stock,new,15.68 USD,9.72 USD,https://bytebuy.store/product/aliexpress-under10-1005005398628669/,https://ae-pic-a1.aliexpress-media.com/kf/S156f75169aa44cdd9397ef5b0f60da27A.jpg,ByteBuy,Car Lock System,Car Lock System,aliexpress-under10
aliexpress-under10-1005009980321452,4626051 Throttle Position Sensor For Jeep Wrangler YJ Cherokee XJ Grand Cherokee ZJ Dodge Ram Van B150 Auto Part Accessories New,Category: Automotive Sensors.,in stock,new,10.10 USD,6.46 USD,https://bytebuy.store/product/aliexpress-under10-1005009980321452/,https://ae-pic-a1.aliexpress-media.com/kf/Sa1c24d577c154b5990b12d68d54ac9f9V.jpg,ByteBuy,Automotive Sensors,Automotive Sensors,aliexpress-under10
aliexpress-under10-1005012896228063,"1/144 30 Minutes Missions Universal Water Stickers, Fluorescent Multi‑Purpose Detail‑Up Water Slide Decals for Assembly Model",Category: Building & Construction Toys.,in stock,new,14.16 USD,9.49 USD,https://bytebuy.store/product/aliexpress-under10-1005012896228063/,https://ae-pic-a1.aliexpress-media.com/kf/S4ff5369378e5445cb0bd35bab1343280K.jpg,ByteBuy,Building & Construction Toys,Building & Construction Toys,aliexpress-under10
aliexpress-under10-1005013028708654,Universal Car Phone Holder Firm Buckle Air Vent Mount Clip Anti-drop Car Phone Stand for Long Distance Driving,Category: Motorcycle Accessories.,in stock,new,1.02 USD,0.71 USD,https://bytebuy.store/product/aliexpress-under10-1005013028708654/,https://ae-pic-a1.aliexpress-media.com/kf/S7fa9efdddce44a8eba17cb6fb9c58947l.jpg,ByteBuy,Motorcycle Accessories,Motorcycle Accessories,aliexpress-under10
aliexpress-under10-1005011992271246,Charging Port Plug Fuel Tank Sealing Ring For BYD Song Plus Seal U Sealion 6 2026 2025 2024 2023 2022 Waterproof Accessories,Category: New Energy Vehicle Parts & Accessories.,in stock,new,11.93 USD,5.49 USD,https://bytebuy.store/product/aliexpress-under10-1005011992271246/,https://ae-pic-a1.aliexpress-media.com/kf/S35ab81abb2254114bc77d33a40f4c57aQ.jpg,ByteBuy,New Energy Vehicle Parts & Accessories,New Energy Vehicle Parts & Accessories,aliexpress-under10
aliexpress-under10-1005012425609064,95760-3Z250 For 2011-2015 Hyundai i40 Saloon Reversing Camera Reversing Assist Camera Car 957603Z250 95760-3Z300 95760-3Z550,Category: Automotive Sensors.,in stock,new,19.20 USD,9.79 USD,https://bytebuy.store/product/aliexpress-under10-1005012425609064/,https://ae-pic-a1.aliexpress-media.com/kf/S1f9fb18e42074ba48e8bf9b2ab7073e5i.jpg,ByteBuy,Automotive Sensors,Automotive Sensors,aliexpress-under10
aliexpress-under10-1005009282427777,F2TD Resin Shaker Mold Silicone Casting Molds Epoxy Mold for Pendant Charm,Category: Jewelry Tools & Equipments.,in stock,new,1.79 USD,0.67 USD,https://bytebuy.store/product/aliexpress-under10-1005009282427777/,https://ae-pic-a1.aliexpress-media.com/kf/S903ff0f8d30d41b9bc800e86121c0465s.jpg,ByteBuy,Jewelry Tools & Equipments,Jewelry Tools & Equipments,aliexpress-under10
aliexpress-under10-1005009196902339,20cm Doll Clothes Puppy Baker Fashion Cute Puppy Hat Skirt Suit Stuffed Plushies Plush Doll Accessories Anime Toy For Kids Gifts,Category: Dolls & Accessories.,in stock,new,8.60 USD,7.40 USD,https://bytebuy.store/product/aliexpress-under10-1005009196902339/,https://ae-pic-a1.aliexpress-media.com/kf/S7121c047121147dfb677e08d2db60a657.jpg,ByteBuy,Dolls & Accessories,Dolls & Accessories,aliexpress-under10
aliexpress-under10-1005012473224884,Jewelry Display Mannequin Stand Necklace Organizer Storage Showcase for Collection Boutiques Retail Presentation Showroom,Category: Jewelry Packaging & Display.,in stock,new,13.83 USD,7.19 USD,https://bytebuy.store/product/aliexpress-under10-1005012473224884/,https://ae-pic-a1.aliexpress-media.com/kf/A95ce679fd34e47cfa0ca379db10f9d31N.png,ByteBuy,Jewelry Packaging & Display,Jewelry Packaging & Display,aliexpress-under10
aliexpress-under10-1005011786492833,Watch Storage Portable Shock Proof Press Velvet Snap Design Jewelry Box Watch Packing Pouch Display Bag Gift For Men Women,Category: Jewelry Packaging & Display.,in stock,new,2.77 USD,2.08 USD,https://bytebuy.store/product/aliexpress-under10-1005011786492833/,https://ae-pic-a1.aliexpress-media.com/kf/See178ede29014fb7b8b79dca701d925eD.jpeg,ByteBuy,Jewelry Packaging & Display,Jewelry Packaging & Display,aliexpress-under10
aliexpress-under10-1005012369723282,Charger Port 3 Pin Charger Port For Kid Electric Scooter Mobility Scooter E-scooter E-bike Accessories,Category: Motorcycle Accessories.,in stock,new,9.58 USD,4.70 USD,https://bytebuy.store/product/aliexpress-under10-1005012369723282/,https://ae-pic-a1.aliexpress-media.com/kf/Sbde8080e1a8b4c53b97b433e2db3ee5bn.jpeg,ByteBuy,Motorcycle Accessories,Motorcycle Accessories,aliexpress-under10
aliexpress-under10-1005013092016530,1Pcs Portable Soft Silicone Water Bottle Handle Strap Wear-Resistant Sling Holder for Camping Running Cycling Trips,"Category: Kitchen,Dining & Bar.",in stock,new,1.25 USD,0.79 USD,https://bytebuy.store/product/aliexpress-under10-1005013092016530/,https://ae-pic-a1.aliexpress-media.com/kf/S54634c3763724a5d9df7c23388a24a448.jpg,ByteBuy,"Kitchen,Dining & Bar","Kitchen,Dining & Bar",aliexpress-under10
aliexpress-under10-1005013086277824,1/3 Pcs Creative Electronic Pet Toy Keychain Game Machine Kids Gifts Educational Funny Nostalgic Virtual Cyber Pet Toy Keychain,Category: Electronic Toys.,in stock,new,9.75 USD,4.58 USD,https://bytebuy.store/product/aliexpress-under10-1005013086277824/,https://ae-pic-a1.aliexpress-media.com/kf/S8e25d21ee2e34c478525ff54516b42f32.jpg,ByteBuy,Electronic Toys,Electronic Toys,aliexpress-under10
aliexpress-under10-1005012577331537,Replacement Manifold Absolute Pressure MAP Intake Air Transducer Sensor Fit For Vauxhall Corsa D E 1.0 1.2 1.4 1.6 2006-2019,Category: Automotive Sensors.,in stock,new,5.06 USD,4.66 USD,https://bytebuy.store/product/aliexpress-under10-1005012577331537/,https://ae-pic-a1.aliexpress-media.com/kf/S9068f887067942c88b559f0efe3c41f2m.jpg,ByteBuy,Automotive Sensors,Automotive Sensors,aliexpress-under10
aliexpress-under10-1005004373734578,6.35 4×3 118 Silent Chain For Odes 1000 Dominator X2 X4 ATV UTV 21050102601,Category: Motorcycle & ATV.,in stock,new,10.00 USD,7.60 USD,https://bytebuy.store/product/aliexpress-under10-1005004373734578/,https://ae-pic-a1.aliexpress-media.com/kf/Se38a12d06d5e406ca542d3959d8467cfW.jpg,ByteBuy,Motorcycle & ATV,Motorcycle & ATV,aliexpress-under10
aliexpress-under10-1005010445230538,Mahjong Tile Pattern Outdoor Arm Sleeves Sun UV Protection Cover Summer Ice Silk Cycling Tattoo Sleeves,Category: Oversleeve & Arm Warmer.,in stock,new,8.99 USD,4.05 USD,https://bytebuy.store/product/aliexpress-under10-1005010445230538/,https://ae-pic-a1.aliexpress-media.com/kf/S989e77d3bf584122b52bb719c974a336d.jpg,ByteBuy,Oversleeve & Arm Warmer,Oversleeve & Arm Warmer,aliexpress-under10
aliexpress-under10-1005012891225323,"92/124Pcs Lomo Cards and Stickers, HD Art Photo Cards Set, Aesthetic Collectible Cards, Ideal Gift for Fans",Category: Printing Products.,in stock,new,12.34 USD,6.17 USD,https://bytebuy.store/product/aliexpress-under10-1005012891225323/,https://ae-pic-a1.aliexpress-media.com/kf/S37826017a0944e8f850a4d771bf8cd50e.jpg,ByteBuy,Printing Products,Printing Products,aliexpress-under10
aliexpress-under10-1005008248135177,10pcs 157# Y-37# SIP22 Metal Uncut Blank Flip Remote Key Blade For Fiat Punto Ducato Panda Idea for keydiy KD xhorse VVDI JMD,Category: Car Lock System.,in stock,new,13.19 USD,6.07 USD,https://bytebuy.store/product/aliexpress-under10-1005008248135177/,https://ae-pic-a1.aliexpress-media.com/kf/Hf1dd6be97a6449eab08e8680533ffae3Q.jpg,ByteBuy,Car Lock System,Car Lock System,aliexpress-under10
aliexpress-under10-1005012837296748,"Custom Pet Portrait Crossbody Bag with Adjustable Strap, Unique Watercolor Print, Zippered Purse for Travel, Daily Use, Gifts",Category: Men's Bags.,in stock,new,17.81 USD,8.73 USD,https://bytebuy.store/product/aliexpress-under10-1005012837296748/,https://ae-pic-a1.aliexpress-media.com/kf/S17fc4eb074a74feba9428d05a435d864a.jpg,ByteBuy,Men's Bags,Men's Bags,aliexpress-under10
aliexpress-under10-1005012700077692,0.96 Inch IIC Serial 4pin White/Blue/Yellow Blue/Yellow OLED Display Module 128X64 12864 LCD Screen Board For Oled,Category: Computer Components.,in stock,new,2.28 USD,1.55 USD,https://bytebuy.store/product/aliexpress-under10-1005012700077692/,https://ae-pic-a1.aliexpress-media.com/kf/Sf0362af5371744ca98c05f19dff42c12n.jpg,ByteBuy,Computer Components,Computer Components,aliexpress-under10
aliexpress-under10-1005012547052469,"Shilajit, Sea Moss & Lions Mane Capsules - Muscle Recovery, Supports Heart,Bones and Joints Health,Improves Energy and Endurance",Category: Health Care.,in stock,new,21.20 USD,9.54 USD,https://bytebuy.store/product/aliexpress-under10-1005012547052469/,https://ae-pic-a1.aliexpress-media.com/kf/S036af1831f464bfe80e055b857222b3cC.jpg,ByteBuy,Health Care,Health Care,aliexpress-under10
aliexpress-under10-1005013156053282,A4 Faux Leather Document Bag with Zipper File Folder for Office School Travel Stationery Storage Business Organizer,Category: Filing Products.,in stock,new,18.29 USD,7.32 USD,https://bytebuy.store/product/aliexpress-under10-1005013156053282/,https://ae-pic-a1.aliexpress-media.com/kf/S88c339f1bd134c4b85eed03fa2be95c11.jpg,ByteBuy,Filing Products,Filing Products,aliexpress-under10
aliexpress-under10-1005012088368469,Mouse Grip Tape Skate Handmade Sticker Non Slip Lizard Skin Suck Sweat ，For Razer Viper V4 Pro 2026 Wireless Mouse,Category: Computer Peripherals.,in stock,new,5.80 USD,5.44 USD,https://bytebuy.store/product/aliexpress-under10-1005012088368469/,https://ae-pic-a1.aliexpress-media.com/kf/S0be3892fab98422e9c23217ee5d202982.jpg,ByteBuy,Computer Peripherals,Computer Peripherals,aliexpress-under10
aliexpress-under10-1005013193923021,1set Car Clutch Master Cylinder Car Clutch Oil Pipe Joint Gasket Seal Repair Kit Car Accessories 1K0721741 1K0798741 02F141143A,Category: Chassis Parts.,in stock,new,8.93 USD,3.69 USD,https://bytebuy.store/product/aliexpress-under10-1005013193923021/,https://ae-pic-a1.aliexpress-media.com/kf/S34c188d47c5b407a8ef69b37f04516a4P.jpg,ByteBuy,Chassis Parts,Chassis Parts,aliexpress-under10
aliexpress-under10-1005008660234602,Small Bucket Metal Chain Nipple Clamp with Adjustable Massager Labia Clips For Women Stimulation Bdsm Bondage Breast Sex Toys,Category: Sex Products.,in stock,new,9.99 USD,4.99 USD,https://bytebuy.store/product/aliexpress-under10-1005008660234602/,https://ae-pic-a1.aliexpress-media.com/kf/S69f4a98f8c4749098098cddeacbbc93b9.jpg,ByteBuy,Sex Products,Sex Products,aliexpress-under10
aliexpress-under10-1005012455805955,Geometric Floral Matisse Botanical Bandanas Hairband Head Tie Sports Headband for Running Tennis Karate Athletics Brief Style,Category: New Headwear.,in stock,new,13.48 USD,6.20 USD,https://bytebuy.store/product/aliexpress-under10-1005012455805955/,https://ae-pic-a1.aliexpress-media.com/kf/S465ab5e547f3479691605505499cad276.jpg,ByteBuy,New Headwear,New Headwear,aliexpress-under10
aliexpress-under10-1005012070466281,"Fashion color blocked 1-year-old baby casual soft soled walking shoes, outdoor warm cotton shoes",Category: Kids Shoes.,in stock,new,11.58 USD,5.67 USD,https://bytebuy.store/product/aliexpress-under10-1005012070466281/,https://ae-pic-a1.aliexpress-media.com/kf/Sf3b155d6965b4e3493090e482ad286058.jpg,ByteBuy,Kids Shoes,Kids Shoes,aliexpress-under10
aliexpress-under10-1005008324299464,For VW Jetta Golf Passat A3 TT 5QD711762A 1J0711761 Gear Manual Tranmission Shaft Lever Selector Bushings Cable Stops End Catch,Category: Chassis Parts.,in stock,new,5.52 USD,5.25 USD,https://bytebuy.store/product/aliexpress-under10-1005008324299464/,https://ae-pic-a1.aliexpress-media.com/kf/Sbbdfe848aadd47b89716c710c9c10007E.jpg,ByteBuy,Chassis Parts,Chassis Parts,aliexpress-under10
aliexpress-under10-1005012818522904,Marine Animals Ocean Animal Figurine Solid Lifelike Sea Life Model multi-colored Plastic Realistic Ocean Action Figure,Category: Novelty & Gag Toys.,in stock,new,1.65 USD,1.02 USD,https://bytebuy.store/product/aliexpress-under10-1005012818522904/,https://ae-pic-a1.aliexpress-media.com/kf/Sbc7d516ada5f48c6a985e216c010ffd3Z.jpg,ByteBuy,Novelty & Gag Toys,Novelty & Gag Toys,aliexpress-under10
aliexpress-under10-1005013046788853,Plastic Electronic Robot Dog Toy Interactive Touch Programmable Smart Pets Toys Robotic Dogs with Light Electronic Stunt Pet,Category: Electronic Toys.,in stock,new,15.06 USD,7.53 USD,https://bytebuy.store/product/aliexpress-under10-1005013046788853/,https://ae-pic-a1.aliexpress-media.com/kf/S0fe0bbad30b548a1b00c528b4f061a5dc.jpg,ByteBuy,Electronic Toys,Electronic Toys,aliexpress-under10
aliexpress-under10-1005012427961992,1/6 Doll Accessories Set - Gold Lasso Handbands Waist Wands Clothing Boots Shoes for Doll Customization,Category: Dolls & Accessories.,in stock,new,8.55 USD,4.27 USD,https://bytebuy.store/product/aliexpress-under10-1005012427961992/,https://ae-pic-a1.aliexpress-media.com/kf/S73badb9457c941f18607f10552a8c0dcm.jpg,ByteBuy,Dolls & Accessories,Dolls & Accessories,aliexpress-under10
aliexpress-under10-1005011601133299,"Probiotics and Antioxidant Supplements -100% Based on Spore Digestion and Immune Support - Gluten Free, 60 Capsules",Category: Health Care.,in stock,new,19.15 USD,9.29 USD,https://bytebuy.store/product/aliexpress-under10-1005011601133299/,https://ae-pic-a1.aliexpress-media.com/kf/S1e57bbb2accd4f628d2c8aa0f5558e0bI.jpg,ByteBuy,Health Care,Health Care,aliexpress-under10
aliexpress-under10-1005012888578580,Motorcycle Tuning Parts ATV Karting Rocker Arm Bracket Rocker Lug Anchor Snubber Accessories,Category: New Energy Vehicle Parts & Accessories.,in stock,new,8.08 USD,7.68 USD,https://bytebuy.store/product/aliexpress-under10-1005012888578580/,https://ae-pic-a1.aliexpress-media.com/kf/S2cd400b3b718429ab149802e66e76380g.jpg,ByteBuy,New Energy Vehicle Parts & Accessories,New Energy Vehicle Parts & Accessories,aliexpress-under10
aliexpress-under10-1005012903207802,Silicone Massage Brush Shampoo Artifact High Temperature Resistant Deep Cleaning Cleaning Comb Hair Care Anti-hair Loss,Category: Hair Care & Styling.,in stock,new,18.00 USD,9.00 USD,https://bytebuy.store/product/aliexpress-under10-1005012903207802/,https://ae-pic-a1.aliexpress-media.com/kf/S7c9cf4269a8045dd97679585bb9dbebfC.jpg,ByteBuy,Hair Care & Styling,Hair Care & Styling,aliexpress-under10
aliexpress-under10-1005013184200240,"1:36 Cybertruck Pickup Alloy Model, Pull Back Toy, 3 Open Doors, Diecast Car, Desktop Decor, Gift for Boys & Car Collectors",Category: Play Vehicles & Models.,in stock,new,20.61 USD,6.59 USD,https://bytebuy.store/product/aliexpress-under10-1005013184200240/,https://ae-pic-a1.aliexpress-media.com/kf/S5f713d734c6e4938bea5be9dfd0670ca4.jpg,ByteBuy,Play Vehicles & Models,Play Vehicles & Models,aliexpress-under10
aliexpress-under10-1005013224581051,Cute Solid Color Scarf Hat Keep Warm Hood Knitted Balaclava Hat Thermal Beanie Children Windproof Cap Ski,Category: Kids Accessories.,in stock,new,6.05 USD,3.02 USD,https://bytebuy.store/product/aliexpress-under10-1005013224581051/,https://ae-pic-a1.aliexpress-media.com/kf/S4b0fddbc6b0c419d9c82f20d3784ba3cA.png,ByteBuy,Kids Accessories,Kids Accessories,aliexpress-under10
aliexpress-under10-1005012308030743,USB Mini Fan With 199 gears Speed Setting Foldable Neck Hanging Design For Office Home And Outdoor Use Ice Cooling,Category: Computer Peripherals.,in stock,new,13.21 USD,8.06 USD,https://bytebuy.store/product/aliexpress-under10-1005012308030743/,https://ae-pic-a1.aliexpress-media.com/kf/S2aa361ca5fff4ab0964c1adfc62a9246w.jpg,ByteBuy,Computer Peripherals,Computer Peripherals,aliexpress-under10
aliexpress-under10-1005012836804864,Marine Elastin Peptide Capsules 1000mg Skin Tightening Supplement for Loose Skin Repair After Weight Loss Beauty Care 120pcs,Category: Health Care.,in stock,new,16.40 USD,7.22 USD,https://bytebuy.store/product/aliexpress-under10-1005012836804864/,https://ae-pic-a1.aliexpress-media.com/kf/Sdbe205df93fa4359a0587929ddcc646ab.jpg,ByteBuy,Health Care,Health Care,aliexpress-under10
aliexpress-under10-1005012871134346,Cartoon Hachiware Usagi Chiikawa Double Sided Velvet Pencil Case Cosmetic Bag Cute Coin Purse Storage Bag Bags for Woman Anime,Category: Travel Bags.,in stock,new,10.19 USD,6.83 USD,https://bytebuy.store/product/aliexpress-under10-1005012871134346/,https://ae-pic-a1.aliexpress-media.com/kf/Sf1c44f4a5ded4b5cb97f24667afdb6750.jpeg,ByteBuy,Travel Bags,Travel Bags,aliexpress-under10
aliexpress-under10-1005009099056638,PU Double-Sided Wig Tape For Hair Extension Tape Tabs Hair Extension Replacement Waterproof Tape For Wigs,Category: Hair Care & Styling.,in stock,new,9.06 USD,5.25 USD,https://bytebuy.store/product/aliexpress-under10-1005009099056638/,https://ae-pic-a1.aliexpress-media.com/kf/Sa640a62b8f174371a776641a842b5b72g.jpg,ByteBuy,Hair Care & Styling,Hair Care & Styling,aliexpress-under10
aliexpress-under10-1005009464628852,Cute Preschool Summer Sandals Baptist Party Princess Casual Soft Rubber Sole Anti slip Single Shoes Baby Walking Shoes 0-18M,Category: Kids Shoes.,in stock,new,14.95 USD,7.32 USD,https://bytebuy.store/product/aliexpress-under10-1005009464628852/,https://ae-pic-a1.aliexpress-media.com/kf/S60b63947d597482aa02f77a471bfcec9M.jpg,ByteBuy,Kids Shoes,Kids Shoes,aliexpress-under10
aliexpress-under10-1005012970801515,Beach Style Rainbow Stripes Large Capacity Women's Tote Bag 2024 New Fashion Straw Weaving Single Shoulder Underarm Bag,Category: Women's Handbags.,in stock,new,12.45 USD,9.34 USD,https://bytebuy.store/product/aliexpress-under10-1005012970801515/,https://ae-pic-a1.aliexpress-media.com/kf/S7edd9d3436284ca6b469d0af6d8be6718.jpg,ByteBuy,Women's Handbags,Women's Handbags,aliexpress-under10
aliexpress-under10-1005013076102620,Visor Helmet MT Stinger 2 Shield Base Replacement Black Easy Install Repair Parts for MT THUNDER 4 Motorcycle,Category: Motorcycle Equipments.,in stock,new,15.27 USD,7.02 USD,https://bytebuy.store/product/aliexpress-under10-1005013076102620/,https://ae-pic-a1.aliexpress-media.com/kf/Sdc24691dd41f47b4be57e739bd31ed9b4.jpg,ByteBuy,Motorcycle Equipments,Motorcycle Equipments,aliexpress-under10
aliexpress-under10-1005012478378357,Car Speed Sensor Metal Speed Sensor Speed Sensor 2159.20102501 For Siemens VDO 215920102501-A28K,Category: Automotive Sensors.,in stock,new,18.62 USD,6.33 USD,https://bytebuy.store/product/aliexpress-under10-1005012478378357/,https://ae-pic-a1.aliexpress-media.com/kf/S757e1de0b5f04477a2f887c04a618585k.jpg,ByteBuy,Automotive Sensors,Automotive Sensors,aliexpress-under10
aliexpress-under10-1005011795752671,"Helmet Hanger Hanging Bag Hooks, ABS Accessory Set for Bicycle & Motorcycle Scooter",Category: Motorcycle Equipments.,in stock,new,11.23 USD,5.62 USD,https://bytebuy.store/product/aliexpress-under10-1005011795752671/,https://ae-pic-a1.aliexpress-media.com/kf/Sb043bd9b1ef64c1b9a27d5686f04a37cD.jpg,ByteBuy,Motorcycle Equipments,Motorcycle Equipments,aliexpress-under10
aliexpress-under10-1005013166208024,2pcs Baby Care Accessories Fetal Head Infant Bathing Soft Fat Comb Comb Newborn Hair Cleaning Supplies Infant Comb Head Massager,Category: Baby Care.,in stock,new,9.68 USD,4.84 USD,https://bytebuy.store/product/aliexpress-under10-1005013166208024/,https://ae-pic-a1.aliexpress-media.com/kf/S83ff1649d63f41ad9d28c9c633347da26.jpg,ByteBuy,Baby Care,Baby Care,aliexpress-under10
aliexpress-under10-1005008076895590,13cm French Hair Pin For Thick Thin Hair U-shaped French Twist Stick Hair Fork Chignons Pins Women Long Hair-Styling Accessories,Category: Hair Care & Styling.,in stock,new,1.10 USD,0.55 USD,https://bytebuy.store/product/aliexpress-under10-1005008076895590/,https://ae-pic-a1.aliexpress-media.com/kf/S8e808ca226cd41d3a4ffea50c6f4969f5.jpg,ByteBuy,Hair Care & Styling,Hair Care & Styling,aliexpress-under10
aliexpress-under10-1005012941641184,Handmade Silicone Pendant Agate Fluid Arts Round Coaster Mold Jewelry Making Mould Epoxy Resin Casting Molds,Category: Jewelry Tools & Equipments.,in stock,new,7.02 USD,3.51 USD,https://bytebuy.store/product/aliexpress-under10-1005012941641184/,https://ae-pic-a1.aliexpress-media.com/kf/S819151f8c5ed42c98df7ef743894c022g.jpg,ByteBuy,Jewelry Tools & Equipments,Jewelry Tools & Equipments,aliexpress-under10
aliexpress-under10-1005010581129635,16Pcs Stainless Steel Exhaust Spring U Hook For Motorcycle Scooter Exhaust Pipe Muffler Universal Waterproof Accessories,Category: Motorcycle Parts.,in stock,new,15.47 USD,7.73 USD,https://bytebuy.store/product/aliexpress-under10-1005010581129635/,https://ae-pic-a1.aliexpress-media.com/kf/Sc9e2278684ee48e5a823ed90ab01afd1i.jpg,ByteBuy,Motorcycle Parts,Motorcycle Parts,aliexpress-under10
aliexpress-under10-1005011850904292,"Hot Sale For Bigme B6 EReaderTPU Case 6"" Inch Tablet Back Cover Clear Ultra-Slim Shockproof Protective Cover Anti-Scratch",Category: Tablet Accessories & Parts.,in stock,new,16.12 USD,7.74 USD,https://bytebuy.store/product/aliexpress-under10-1005011850904292/,https://ae-pic-a1.aliexpress-media.com/kf/S7a582405ecf64d239de0358887dfb74eO.jpg,ByteBuy,Tablet Accessories & Parts,Tablet Accessories & Parts,aliexpress-under10
aliexpress-under10-1005012796370104,Motorcycle Chain Breaker Heavy Duty Universal Chain Link Removal Riveting Tool 1PC for Dirt Bike ATV Repair,Category: Motorcycle Parts.,in stock,new,1.92 USD,1.44 USD,https://bytebuy.store/product/aliexpress-under10-1005012796370104/,https://ae-pic-a1.aliexpress-media.com/kf/S3323d02c8d634da08034d3a3c8ca51f5k.jpg,ByteBuy,Motorcycle Parts,Motorcycle Parts,aliexpress-under10
aliexpress-under10-1005008932636015,Girls Sequin Shoes Princess Gold Pink Silver Kids 2025 New Summer Glitter Holiday Shoes Wedding Birthday Party Formal sandals,Category: Kids Shoes.,in stock,new,9.95 USD,7.36 USD,https://bytebuy.store/product/aliexpress-under10-1005008932636015/,https://ae-pic-a1.aliexpress-media.com/kf/Sc6ab4f07f7d543f389e217fd9d362e5b9.jpg,ByteBuy,Kids Shoes,Kids Shoes,aliexpress-under10
aliexpress-under10-1005012768059089,925 Sterling Silver Fashionable Versatile Stackable Light Luxury Spliced Round Diamond Paperclip Chain Bracelet,Category: Fine Jewelry.,in stock,new,9.83 USD,9.10 USD,https://bytebuy.store/product/aliexpress-under10-1005012768059089/,https://ae-pic-a1.aliexpress-media.com/kf/S635a1c537267427fb25afa81d11e7c34V.png,ByteBuy,Fine Jewelry,Fine Jewelry,aliexpress-under10
aliexpress-under10-1005011919093179,"Suitable for 45 Steel Straight Guide Column Guide Sleeve, Plastic Mold for Guide Column Inside The Mold, Diameter 10/12",Category: Power Tool Parts & Accessories.,in stock,new,15.88 USD,7.78 USD,https://bytebuy.store/product/aliexpress-under10-1005011919093179/,https://ae-pic-a1.aliexpress-media.com/kf/Sa635b272676941cba3718a38615d6abat.jpg,ByteBuy,Power Tool Parts & Accessories,Power Tool Parts & Accessories,aliexpress-under10
aliexpress-under10-1005011907285824,Gothic Red Heart White Lace Bow Press On Nails Square Tapered Fake Nails Silver Rhinestone Design Y2K Reusable Nail For Women,Category: Nail Art & Tools.,in stock,new,12.07 USD,5.67 USD,https://bytebuy.store/product/aliexpress-under10-1005011907285824/,https://ae-pic-a1.aliexpress-media.com/kf/S6066eb309a4f4d47a61088402cbac840r.jpg,ByteBuy,Nail Art & Tools,Nail Art & Tools,aliexpress-under10
aliexpress-under10-1005013029647322,Wholesale 12Yards Ultra Hold Hair System Tape Double Sided Adhesives Tape For Hair Extension Toupee Wig White Tape Strong Hold,Category: Hair Tools & Accessories.,in stock,new,14.43 USD,6.93 USD,https://bytebuy.store/product/aliexpress-under10-1005013029647322/,https://ae-pic-a1.aliexpress-media.com/kf/Sa669c7154a8f40a0896e49c79b76ea4a1.jpg,ByteBuy,Hair Tools & Accessories,Hair Tools & Accessories,aliexpress-under10
aliexpress-under10-1005005966061140,82MM FD8015U12D 12V 0.5A GPU Cooling Fan For Gainward RTX 3060 Ti 3070 3070Ti 3080 3080Ti 3090 Phoenix Graphics Card Cooler,Category: Computer Components.,in stock,new,9.60 USD,8.16 USD,https://bytebuy.store/product/aliexpress-under10-1005005966061140/,https://ae-pic-a1.aliexpress-media.com/kf/S24522033d7d84fada17cba55ed8e36f6E.jpg,ByteBuy,Computer Components,Computer Components,aliexpress-under10
aliexpress-under10-1005010758784371,Packaging and Display Watch Boxes Gifts Black Boxes Paper Decorative Bracelet Boxes Paper Jewellery Accessories,Category: Jewelry Packaging & Display.,in stock,new,1.56 USD,0.81 USD,https://bytebuy.store/product/aliexpress-under10-1005010758784371/,https://ae-pic-a1.aliexpress-media.com/kf/S028e05a6311046b496e06d7f21738c90a.jpeg,ByteBuy,Jewelry Packaging & Display,Jewelry Packaging & Display,aliexpress-under10
aliexpress-under10-1005002365609630,9H Tempered Glass For Lenovo Yoga Tab 3 10 Pro Plus 10.1 Inch Screen Protector YT3-X90F YT-X703F YT3-X50F Tablet Protective Film,Category: Tablet Accessories & Parts.,in stock,new,5.55 USD,5.53 USD,https://bytebuy.store/product/aliexpress-under10-1005002365609630/,https://ae-pic-a1.aliexpress-media.com/kf/Sa18e5c43e7d34a2a90cc4b128be9de66Z.jpg,ByteBuy,Tablet Accessories & Parts,Tablet Accessories & Parts,aliexpress-under10
aliexpress-under10-1005012819019865,OEM 2035007C2 Pressure Air Brake Switch Valve Sensor for Navistar Truck 2035007C2,Category: Automotive Sensors.,in stock,new,12.07 USD,7.72 USD,https://bytebuy.store/product/aliexpress-under10-1005012819019865/,https://ae-pic-a1.aliexpress-media.com/kf/Sc0adbd76c183473199899e895d64cbf65.jpg,ByteBuy,Automotive Sensors,Automotive Sensors,aliexpress-under10
aliexpress-under10-1005012839901123,1/2/4Pcs Exfoliating Shower Massage Scraper Back Massage Brush Bathroom Non-Slip Bath Mat Silicone Foot Wash Body Cleaning Tool,Category: Bath & Shower.,in stock,new,12.21 USD,6.10 USD,https://bytebuy.store/product/aliexpress-under10-1005012839901123/,https://ae-pic-a1.aliexpress-media.com/kf/S7fe13f8df0ca43a39d57ace0c658f6544.jpg,ByteBuy,Bath & Shower,Bath & Shower,aliexpress-under10
aliexpress-under10-1005013066152600,Y4QA Cartoon Snowballs Molding Tool for Snowman Creation and Snowballs Making Outdoor Snowballs Fighting Game For Parents Kids,Category: Novelty & Gag Toys.,in stock,new,1.57 USD,1.10 USD,https://bytebuy.store/product/aliexpress-under10-1005013066152600/,https://ae-pic-a1.aliexpress-media.com/kf/Sc470ef2cadf4408c881417112d0f1e97A.jpg,ByteBuy,Novelty & Gag Toys,Novelty & Gag Toys,aliexpress-under10
aliexpress-under10-1005009934903137,1/2pcs Cotton Swabs with Storage Box Transparent Square Bamboo Covered Cotton Swabs Double Headed Cotton Storage Box Container,Category: Baby Care.,in stock,new,8.13 USD,4.06 USD,https://bytebuy.store/product/aliexpress-under10-1005009934903137/,https://ae-pic-a1.aliexpress-media.com/kf/Sbed636a182084cfa87f930f00992d1f4B.jpg,ByteBuy,Baby Care,Baby Care,aliexpress-under10
aliexpress-under10-1005011767056302,Whistle~ Big Brim Children's Sun Hat Sun Protection Foldable Children Beach Cap Cap Thin Kids Whistle Sunscreen Hat,Category: Kids Accessories.,in stock,new,9.08 USD,4.08 USD,https://bytebuy.store/product/aliexpress-under10-1005011767056302/,https://ae-pic-a1.aliexpress-media.com/kf/S23666541dd8e4fb79ed317e0134eb2be9.jpg,ByteBuy,Kids Accessories,Kids Accessories,aliexpress-under10
aliexpress-under10-1005012985962581,Crankshaft Position Sensor Car Crankshaft Position Sensor 39180-04000 For Accent 2010 Kia Rio 2008,Category: Automotive Sensors.,in stock,new,6.46 USD,3.62 USD,https://bytebuy.store/product/aliexpress-under10-1005012985962581/,https://ae-pic-a1.aliexpress-media.com/kf/Saafeb10fec6641e99266eb35130e1c5f6.jpg,ByteBuy,Automotive Sensors,Automotive Sensors,aliexpress-under10
aliexpress-under10-1005012992761621,Soft PET Film For iPad Pro 11 2022 2021 2020 2018 Screen Protector For iPad Mini 6 Air 5 4 10th 9th 8th 7th 6th 5th Generation,Category: Tablet Accessories & Parts.,in stock,new,11.35 USD,5.67 USD,https://bytebuy.store/product/aliexpress-under10-1005012992761621/,https://ae-pic-a1.aliexpress-media.com/kf/S463573ae756d4ed5a904f42454972f82m.jpg,ByteBuy,Tablet Accessories & Parts,Tablet Accessories & Parts,aliexpress-under10
aliexpress-under10-1005012140287841,"Leisure nylon shoulder bag with compartments, chest pockets, crossbody straps, suitable for short trips and shopping",Category: Women's Handbags.,in stock,new,3.00 USD,2.10 USD,https://bytebuy.store/product/aliexpress-under10-1005012140287841/,https://ae-pic-a1.aliexpress-media.com/kf/S723ad3b0ed6948a8945be322d4d50a25z.jpg,ByteBuy,Women's Handbags,Women's Handbags,aliexpress-under10
aliexpress-under10-1005012889622721,1pcs Wooden Base T Shaped PU Leather Velvet Bracelet Display Rack Bangle Watch Hairband Jewelry Storage Holder,Category: Jewelry Packaging & Display.,in stock,new,17.42 USD,8.53 USD,https://bytebuy.store/product/aliexpress-under10-1005012889622721/,https://ae-pic-a1.aliexpress-media.com/kf/Sf3540b6d96114adea7f0db03f23c385eR.jpg,ByteBuy,Jewelry Packaging & Display,Jewelry Packaging & Display,aliexpress-under10
aliexpress-under10-1005012037477120,P9JB 90mm 9cm CPU PC Chassis Cooling Fan XH2.54 2Pin 5V-24V Dual Ball Bearing PC Server for Case Cooler Fans Computer Radiato,Category: Computer Components.,in stock,new,1.86 USD,0.65 USD,https://bytebuy.store/product/aliexpress-under10-1005012037477120/,https://ae-pic-a1.aliexpress-media.com/kf/Sfced1eef71e1432c87c6d0e25b1793b7Q.jpg,ByteBuy,Computer Components,Computer Components,aliexpress-under10
aliexpress-under10-1005012663532571,"0465 women's lace headband - modern, elegant, and sporty. perfect for yoga, fitness, running, and everyday wear. one piece",Category: New Headwear.,in stock,new,55.29 USD,3.87 USD,https://bytebuy.store/product/aliexpress-under10-1005012663532571/,https://ae-pic-a1.aliexpress-media.com/kf/S06a510646acc401ba1ed2eea175d7abbe.jpg,ByteBuy,New Headwear,New Headwear,aliexpress-under10
aliexpress-under10-1005012680606733,New Style Men's Crossbody Bag - Outdoor Large Capacity Commuter Shoulder Bag - Multi-functional Fashionable Small Backpack,Category: Men's Bags.,in stock,new,16.88 USD,8.44 USD,https://bytebuy.store/product/aliexpress-under10-1005012680606733/,https://ae-pic-a1.aliexpress-media.com/kf/S8bfd16f668d340eca27d8251d27c9d9bd.jpg,ByteBuy,Men's Bags,Men's Bags,aliexpress-under10
aliexpress-under10-1005011906551665,2pcs 4WD 95423 Car Alloy for Parts Spare Roller 12-13mm Lightweight Model Mini Double Guide,Category: Remote Control Toys.,in stock,new,1.52 USD,1.03 USD,https://bytebuy.store/product/aliexpress-under10-1005011906551665/,https://ae-pic-a1.aliexpress-media.com/kf/S92bc7fbbab7a450484c49394e45234900.jpg,ByteBuy,Remote Control Toys,Remote Control Toys,aliexpress-under10
aliexpress-under10-1005009716975626,18k Pure Gold Color Dot Diamond Dynamic Gourd Pendant Chain Exquisite Women's Jade Gourd Necklace for Women Fine Jewelry,Category: Fine Jewelry.,in stock,new,10.99 USD,7.69 USD,https://bytebuy.store/product/aliexpress-under10-1005009716975626/,https://ae-pic-a1.aliexpress-media.com/kf/S77d589f2bffc4b218f94da45e3b48f37A.jpg,ByteBuy,Fine Jewelry,Fine Jewelry,aliexpress-under10
aliexpress-10-25-1005009586936201,New Product AT Gear Shift Knob For Nissan Patrol Y62 Nissan Infiniti G25 G37 FX37 EX37 QX70 34910-JK03A 34910-1LA6C Auto Parts,Category: Interior Parts.,in stock,new,50.32 USD,23.15 USD,https://bytebuy.store/product/aliexpress-10-25-1005009586936201/,https://ae-pic-a1.aliexpress-media.com/kf/S07e1ccd9e38c46b59acab40cebe0ce3d7.jpg,ByteBuy,Interior Parts,Interior Parts,aliexpress-10-25
aliexpress-10-25-1005007382712972,1 Pcs Lower Back Brace with Suspenders | Back Support Belt for Men & Women | Adjustable Work Back Brace for Moving Construction,Category: Health Care.,in stock,new,35.47 USD,11.35 USD,https://bytebuy.store/product/aliexpress-10-25-1005007382712972/,https://ae-pic-a1.aliexpress-media.com/kf/Sd922bd87d00a4c528bd32f1ab46cb7342.jpg,ByteBuy,Health Care,Health Care,aliexpress-10-25
aliexpress-10-25-1005008959671410,NAILCO 4pcs/Set HEMA Free TPO Free Gel Nail Polish Vernis Semipermanent UV Gel Nail Art Manicure Gel Nail Polish Set Varnish Set,Category: Nail Art & Tools.,in stock,new,24.02 USD,11.77 USD,https://bytebuy.store/product/aliexpress-10-25-1005008959671410/,https://ae-pic-a1.aliexpress-media.com/kf/Sf6704601a7624942b221de86f85e11ccT.jpg,ByteBuy,Nail Art & Tools,Nail Art & Tools,aliexpress-10-25
aliexpress-10-25-1005010638544927,"African Style Bomb Roll Wig with Bangs, Synthetic Fiber Without Glue 11inch Bobo Hairstyle, Curly Hair Texture, Fluffy Curly Wig, Suitable for Black W",Category: Synthetic Hair.,in stock,new,52.37 USD,24.61 USD,https://bytebuy.store/product/aliexpress-10-25-1005010638544927/,https://ae-pic-a1.aliexpress-media.com/kf/S81131beecafb402c94a7f18398b08ec5D.jpg,ByteBuy,Synthetic Hair,Synthetic Hair,aliexpress-10-25
aliexpress-10-25-1005012902867384,Monochrome Checkerboard Backpack Hiking Backpacks Unisex Kawaii School Bags High Quality Large Rucksack,Category: Backpack.,in stock,new,24.17 USD,23.97 USD,https://bytebuy.store/product/aliexpress-10-25-1005012902867384/,https://ae-pic-a1.aliexpress-media.com/kf/Scc8e7df728e042df8d4982ac4df40a525.jpeg,ByteBuy,Backpack,Backpack,aliexpress-10-25
aliexpress-10-25-1005010778790331,Tuya Wireless Two-Way Intercom Video Doorbell with Solar Rain Cover Wide-Angle HD Motion Detection Night Vision Outdoor Doorbell,Category: Access Building Automation.,in stock,new,26.36 USD,19.77 USD,https://bytebuy.store/product/aliexpress-10-25-1005010778790331/,https://ae-pic-a1.aliexpress-media.com/kf/S28705d965c53441db1551ca3a072df3cq.jpg,ByteBuy,Access Building Automation,Access Building Automation,aliexpress-10-25
aliexpress-10-25-1005013098355040,Nanmanshe Mo Dao Zu Shi Acrylic Standee Badge Set Wei Wuxian Lan Wangji Anime Collectible Desk Decoration For Anime Fans,Category: ACG Goods.,in stock,new,32.85 USD,16.43 USD,https://bytebuy.store/product/aliexpress-10-25-1005013098355040/,https://ae-pic-a1.aliexpress-media.com/kf/Sdb5415f9250b438092a468d00c430035i.jpg,ByteBuy,ACG Goods,ACG Goods,aliexpress-10-25
aliexpress-10-25-1005012503692995,EVA home slippers men and women summer couple bathroom non-slip deodorant outer wear home sandals soft bottom one-word,Category: Men's Shoes.,in stock,new,26.17 USD,12.56 USD,https://bytebuy.store/product/aliexpress-10-25-1005012503692995/,https://ae-pic-a1.aliexpress-media.com/kf/S7da6b29295c14d519d6dde72b32f9572N.jpg,ByteBuy,Men's Shoes,Men's Shoes,aliexpress-10-25
aliexpress-10-25-1005006844500661,TXC T-Slot Fresa Serie Di Fresatura Bloccare Il Tipo Di Dente Thread a Coda Di Rondine Tornitura Faccia CNC Slotting Cutter,"Category: Drill Bits, Saw Blades & Cutting Tools.",in stock,new,22.90 USD,21.76 USD,https://bytebuy.store/product/aliexpress-10-25-1005006844500661/,https://ae-pic-a1.aliexpress-media.com/kf/S92850b94f2f546f8990943616a4e61213.jpg,ByteBuy,"Drill Bits, Saw Blades & Cutting Tools","Drill Bits, Saw Blades & Cutting Tools",aliexpress-10-25
aliexpress-10-25-1005004389103866,98*10-25mm Multilayer PMMA Blank Dental Labortaory Cad Cam System Dental Milling Dental Pmma Block,Category: Abrasive Tools & Abrasives.,in stock,new,21.60 USD,18.79 USD,https://bytebuy.store/product/aliexpress-10-25-1005004389103866/,https://ae-pic-a1.aliexpress-media.com/kf/Se04f01313eea4ceba5bf5c05d65091940.jpg,ByteBuy,Abrasive Tools & Abrasives,Abrasive Tools & Abrasives,aliexpress-10-25
aliexpress-10-25-1005010667280716,New 1/4 Doll Cat Ear Resin Material For 1/4 BJD Doll Accessories Ear Toy Gifts,Category: Dolls & Accessories.,in stock,new,31.77 USD,18.11 USD,https://bytebuy.store/product/aliexpress-10-25-1005010667280716/,https://ae-pic-a1.aliexpress-media.com/kf/Sa3b75adbc8184c1d8ef3d75834bed9cfq.jpg,ByteBuy,Dolls & Accessories,Dolls & Accessories,aliexpress-10-25
aliexpress-10-25-1005013079304800,Trailer Electrical Connector-Complete Kit Of 13-Pin Trailer Plug And Socket(Bracket And Cable Ties) For Trailers,Category: Other Vehicle Parts & Accessories.,in stock,new,25.92 USD,10.11 USD,https://bytebuy.store/product/aliexpress-10-25-1005013079304800/,https://ae-pic-a1.aliexpress-media.com/kf/Safb833fe705c42df91e63b264a124d889.jpg,ByteBuy,Other Vehicle Parts & Accessories,Other Vehicle Parts & Accessories,aliexpress-10-25
aliexpress-10-25-1005012955699353,KAYOU Official Transformers Series Card Movie Character Optimus Prime Bumblebee Peripheral Festival Collection Toy Gift Card,Category: Hobby & Collectibles.,in stock,new,26.98 USD,24.82 USD,https://bytebuy.store/product/aliexpress-10-25-1005012955699353/,https://ae-pic-a1.aliexpress-media.com/kf/S203958a2ebba4315ae562d5f47cb0741l.jpg,ByteBuy,Hobby & Collectibles,Hobby & Collectibles,aliexpress-10-25
aliexpress-10-25-1005013236723919,Bead Board for Bracelet Making Felt Tray with Ruler and Compartments for Jewelry Design Beading Supplies Craft Tool Kit for,"Category: Arts,Crafts & Sewing.",in stock,new,65.05 USD,18.87 USD,https://bytebuy.store/product/aliexpress-10-25-1005013236723919/,https://ae-pic-a1.aliexpress-media.com/kf/Sf2bcda9d4558424fb92411656abf69877.jpg,ByteBuy,"Arts,Crafts & Sewing","Arts,Crafts & Sewing",aliexpress-10-25
aliexpress-10-25-1005012519657060,Funny Cat Gang Meme Graphic Student Backpack School Bag Hiking Travel Daypack for Boys Girls Fashion Bookbag Shoulder Bags,Category: Backpack.,in stock,new,31.46 USD,13.21 USD,https://bytebuy.store/product/aliexpress-10-25-1005012519657060/,https://ae-pic-a1.aliexpress-media.com/kf/S7c1abcdc650f49f2954fdf6aa43b13ccl.jpg,ByteBuy,Backpack,Backpack,aliexpress-10-25
aliexpress-10-25-1005009449030505,SEDUTMO Winter Hooded Duck Down Vest Women Short Warm Fashion Slim Jackets Autumn Casual Basic Waistcoat ED2131,Category: Down Coats.,in stock,new,40.81 USD,22.85 USD,https://bytebuy.store/product/aliexpress-10-25-1005009449030505/,https://ae-pic-a1.aliexpress-media.com/kf/S5f4529a48585479a9346b254f38177f3h.jpg,ByteBuy,Down Coats,Down Coats,aliexpress-10-25
aliexpress-10-25-1005012307216872,Family children playing pool watermelon bath playing with water,Category: Cycling.,in stock,new,31.95 USD,24.28 USD,https://bytebuy.store/product/aliexpress-10-25-1005012307216872/,https://ae-pic-a1.aliexpress-media.com/kf/Sc538839eaa19468f835cfe1da7da459fz.jpg,ByteBuy,Cycling,Cycling,aliexpress-10-25
aliexpress-10-25-1005012608418623,"Aluminum 9cm 15cm 23cm Double Socket Arm 1.5"" Ball Connector Arm Connecting Rod Navigator Holder Fish Finder Mount for Ram Mount",Category: Motorcycle Accessories.,in stock,new,36.68 USD,17.61 USD,https://bytebuy.store/product/aliexpress-10-25-1005012608418623/,https://ae-pic-a1.aliexpress-media.com/kf/S78dcd98a48c04a96bd28dbcd0e47a4fer.png,ByteBuy,Motorcycle Accessories,Motorcycle Accessories,aliexpress-10-25
aliexpress-10-25-1005006746077066,E-Bike Battery Protective Cover Neoprene Waterproof Dustproof Reflective Protector Cover Outdoor Cycling Equipments,Category: Cycling.,in stock,new,26.43 USD,13.21 USD,https://bytebuy.store/product/aliexpress-10-25-1005006746077066/,https://ae-pic-a1.aliexpress-media.com/kf/S26e7f3c3c15d4951acdb6568dcdd10ado.jpg,ByteBuy,Cycling,Cycling,aliexpress-10-25
aliexpress-10-25-1005008633332866,MiiOW 80 Modal Silk Men's Panties Set Seamless Breathable Men Underwear Boxers 3A Antibacterial Man Underpants Sexy Boxer Briefs,Category: Men's Underwears.,in stock,new,25.34 USD,17.48 USD,https://bytebuy.store/product/aliexpress-10-25-1005008633332866/,https://ae-pic-a1.aliexpress-media.com/kf/Sa2ea415a72304d948fbf132a3b0297f0J.jpg,ByteBuy,Men's Underwears,Men's Underwears,aliexpress-10-25
aliexpress-10-25-1005011821970642,Buggy brake pads 1100cc 1500 1500cc 800cc Xinyang Xingyue GSMOON Renli 1100 Go kart Adrenaline Sand Reeper Oreion Rebel Duruxx,Category: Motorcycle & ATV.,in stock,new,19.73 USD,17.60 USD,https://bytebuy.store/product/aliexpress-10-25-1005011821970642/,https://ae-pic-a1.aliexpress-media.com/kf/S087e28c30cf64fc4a4d279a293717c9eN.png,ByteBuy,Motorcycle & ATV,Motorcycle & ATV,aliexpress-10-25
aliexpress-10-25-1005011943206020,6PC 1:87 Scale Construction Worker Figures Various Poses Miniature Figure Model Workers Miniature Construction People for Sand T,Category: Play Vehicles & Models.,in stock,new,34.95 USD,18.17 USD,https://bytebuy.store/product/aliexpress-10-25-1005011943206020/,https://ae-pic-a1.aliexpress-media.com/kf/A29d6b421b0ef4be3a6e26f1ce6b1222fl.jpg,ByteBuy,Play Vehicles & Models,Play Vehicles & Models,aliexpress-10-25
aliexpress-10-25-1005013205608514,Leopard Cheetah Seamless Pattern Animal Skin Print Spots Trunks Beach Board Shorts Casual Quick Dry Swim Summer Men Pants,Category: Shorts.,in stock,new,20.97 USD,11.32 USD,https://bytebuy.store/product/aliexpress-10-25-1005013205608514/,https://ae-pic-a1.aliexpress-media.com/kf/S59864cef06114589ba7633b8a7be9bado.jpg,ByteBuy,Shorts,Shorts,aliexpress-10-25
aliexpress-10-25-1005011858696372,Palestine Flag Bible Bag Zipper Handle Handbag Bible Cover Case Carrying Bible Storage Bag,Category: Organizer Bag.,in stock,new,16.48 USD,16.32 USD,https://bytebuy.store/product/aliexpress-10-25-1005011858696372/,https://ae-pic-a1.aliexpress-media.com/kf/S71e7084d12f04b02972a752723e86231q.jpg,ByteBuy,Organizer Bag,Organizer Bag,aliexpress-10-25
aliexpress-10-25-1005011842951655,Car Coolant Pipe 6112030308 For Mercedes-Benz CL203 S203 W202 W203 W210 W211 W638 W901 A6112030308 EGR Hose Connector Pipe Part,Category: Engines & Engine Parts.,in stock,new,27.55 USD,13.78 USD,https://bytebuy.store/product/aliexpress-10-25-1005011842951655/,https://ae-pic-a1.aliexpress-media.com/kf/S233a919e389f48a292b933f039a71685N.jpg,ByteBuy,Engines & Engine Parts,Engines & Engine Parts,aliexpress-10-25
aliexpress-10-25-1005013051201421,Irregular Texture Ceramic Dinner Plate Restaurant Specialty Dessert Sushi Snack Plates Pure White Tableware,"Category: Kitchen,Dining & Bar.",in stock,new,48.77 USD,24.38 USD,https://bytebuy.store/product/aliexpress-10-25-1005013051201421/,https://ae-pic-a1.aliexpress-media.com/kf/Sd9f670a5c9854253a328354436bf009ea.jpg,ByteBuy,"Kitchen,Dining & Bar","Kitchen,Dining & Bar",aliexpress-10-25
aliexpress-10-25-1005010682351744,Fashionable Embroidered Slim-fit Washed Flared Jeans. Ladies' Four Seasons New Style Intellectual Wind Casual Mid-waist Jeans,Category: Jeans（New）.,in stock,new,23.38 USD,10.75 USD,https://bytebuy.store/product/aliexpress-10-25-1005010682351744/,https://ae-pic-a1.aliexpress-media.com/kf/S83f88bee4ff4476db64f6fc2f1c1c78eE.jpg,ByteBuy,Jeans（New）,Jeans（New）,aliexpress-10-25
aliexpress-10-25-1005008543347967,Autumn New High-end Fashion Acetic Acid Satin Strap Shirt for Women Slim and Versatile Shirt Top,Category: Shirts & Blouses.,in stock,new,26.56 USD,19.92 USD,https://bytebuy.store/product/aliexpress-10-25-1005008543347967/,https://ae-pic-a1.aliexpress-media.com/kf/Se074a7aaf4b946cfb7c345e8c681b2b8T.jpg,ByteBuy,Shirts & Blouses,Shirts & Blouses,aliexpress-10-25
aliexpress-10-25-1005010230470240,Newborn Christmas Theme Photography Props Baby Costume Xmas Tree Hat Plush Doll Professional Photo Studio Holiday Shooting Props,Category: Baby Souvenirs.,in stock,new,24.80 USD,14.13 USD,https://bytebuy.store/product/aliexpress-10-25-1005010230470240/,https://ae-pic-a1.aliexpress-media.com/kf/S5450bf4304ec44a18742198969bc7dbdO.jpg,ByteBuy,Baby Souvenirs,Baby Souvenirs,aliexpress-10-25
aliexpress-10-25-1005013101545292,A67K-Center Console Shutter Interior Roller Blind For -BMW X5 X6 E70 E71 E72 Drink Water Cup Holder Cover Trim,Category: Interior Parts.,in stock,new,31.20 USD,10.61 USD,https://bytebuy.store/product/aliexpress-10-25-1005013101545292/,https://ae-pic-a1.aliexpress-media.com/kf/Se2e47529207d491285b6dcf6eb38a832S.jpg,ByteBuy,Interior Parts,Interior Parts,aliexpress-10-25
aliexpress-10-25-1005006905462964,WESTGUARD MK6080 Cabin Filter For Geely EC8 Emgrand GT Vision X6 GX9 SX7 JLB-4G14TB JLE-4G18TDC JLD-4G24 JLV-6G35V 1017015305,Category: Wear Parts.,in stock,new,23.31 USD,11.42 USD,https://bytebuy.store/product/aliexpress-10-25-1005006905462964/,https://ae-pic-a1.aliexpress-media.com/kf/Sead72941587b4ab3b53bfc1079b62c24k.jpg,ByteBuy,Wear Parts,Wear Parts,aliexpress-10-25
aliexpress-10-25-1005010670013445,Fewfuss For YAMAHA WRF250 2007-2014 WRF450 2007-2011 Graphics Decals Stickers Motorcycle Background Custom Number,Category: Ornamental & Cleaning.,in stock,new,37.17 USD,21.93 USD,https://bytebuy.store/product/aliexpress-10-25-1005010670013445/,https://ae-pic-a1.aliexpress-media.com/kf/S385f5ab6885e4cea927dc58565e9060aO.jpg,ByteBuy,Ornamental & Cleaning,Ornamental & Cleaning,aliexpress-10-25
aliexpress-10-25-1005012113232085,D0AB CPAP Humidifier Water Chamber for S10 Quick Cleaning Humidification Box Enduring,Category: Personal Care Appliances.,in stock,new,30.62 USD,20.52 USD,https://bytebuy.store/product/aliexpress-10-25-1005012113232085/,https://ae-pic-a1.aliexpress-media.com/kf/S12dc605d1ebc4c1c866e6f5be25a754c6.jpg,ByteBuy,Personal Care Appliances,Personal Care Appliances,aliexpress-10-25
aliexpress-10-25-1005013038287641,Natural Sandalwood Chinese Style Hanfu Hairpin Handmade Vintage Flower Tassel Bu Yao Hair Stick Elegant Women Traditional Cheong,Category: New Headwear.,in stock,new,37.21 USD,17.86 USD,https://bytebuy.store/product/aliexpress-10-25-1005013038287641/,https://ae-pic-a1.aliexpress-media.com/kf/Sb2c5a92a03f644a8896c6199d6bcde2aj.jpg,ByteBuy,New Headwear,New Headwear,aliexpress-10-25
aliexpress-10-25-1005012526931538,Business Men's Watch Waterproof Multifunctional Dual Calendar Luminous Steel Strip Fashion Simple Diamond Inlaid,Category: Men's Watches.,in stock,new,23.89 USD,11.94 USD,https://bytebuy.store/product/aliexpress-10-25-1005012526931538/,https://ae-pic-a1.aliexpress-media.com/kf/S43244e4870e548fc978229c46f639f18T.jpg,ByteBuy,Men's Watches,Men's Watches,aliexpress-10-25
aliexpress-10-25-1005010644032585,C41N1908 New Battery 75Wh Replace for Asus ROG Zephyrus G14 GA401II GA401IV GA401IH GA401IU GA401IV GA401IV-BR9N6 GA401Q GA401QH,Category: Laptop Parts & Accessories.,in stock,new,35.54 USD,24.88 USD,https://bytebuy.store/product/aliexpress-10-25-1005010644032585/,https://ae-pic-a1.aliexpress-media.com/kf/S02c30b3cd6cf4c59bd6d0190aafa3334z.jpg,ByteBuy,Laptop Parts & Accessories,Laptop Parts & Accessories,aliexpress-10-25
aliexpress-10-25-1005012608336510,S/M/L/XL Motorcycle Cover Waterproof Dustproof Anti-UV Outdoor Motorbike Rain For Harley Davidson Street Glide Touring,Category: Motorcycle Accessories.,in stock,new,20.45 USD,10.02 USD,https://bytebuy.store/product/aliexpress-10-25-1005012608336510/,https://ae-pic-a1.aliexpress-media.com/kf/Sf647f78d466d4b11ad482913f23b3735h.jpg,ByteBuy,Motorcycle Accessories,Motorcycle Accessories,aliexpress-10-25
aliexpress-10-25-1005011811663928,Natural Myanmar Jadeite Mahjong Pendant Necklace Men Women Mahjong Winning Trinkets Burma Jade Lucky Charms Amulets,Category: Fine Jewelry.,in stock,new,28.16 USD,20.84 USD,https://bytebuy.store/product/aliexpress-10-25-1005011811663928/,https://ae-pic-a1.aliexpress-media.com/kf/Sdbaefc118836409ab680fb006904fc35k.jpg,ByteBuy,Fine Jewelry,Fine Jewelry,aliexpress-10-25
aliexpress-10-25-1005012901142159,"Jewelry Display Tray Long-Lasting Jewelry Organizer Tray Delicate Slim for Dressing Table, Boutique Counter",Category: Jewelry Packaging & Display.,in stock,new,19.44 USD,10.11 USD,https://bytebuy.store/product/aliexpress-10-25-1005012901142159/,https://ae-pic-a1.aliexpress-media.com/kf/S1c7d34f4623a49dbb59d2a3da3e3cca0a.jpg,ByteBuy,Jewelry Packaging & Display,Jewelry Packaging & Display,aliexpress-10-25
aliexpress-10-25-1005010787821360,Retro Solar Radio BT628S， AM/FM/SW 3 Band Radio with Bluetooth， TF Card Play， Portable Camping Emergency Radio with Flashlight,Category: Café Furniture.,in stock,new,29.39 USD,14.69 USD,https://bytebuy.store/product/aliexpress-10-25-1005010787821360/,https://ae-pic-a1.aliexpress-media.com/kf/S68042b4711a846d5853a4befd86f9cbdA.jpg,ByteBuy,Café Furniture,Café Furniture,aliexpress-10-25
aliexpress-10-25-1005008492092968,PBT070WSB34T128 FpC-PBT070WSB34T128-A1 LCD screen,Category: Tablet Accessories & Parts.,in stock,new,36.39 USD,24.38 USD,https://bytebuy.store/product/aliexpress-10-25-1005008492092968/,https://ae-pic-a1.aliexpress-media.com/kf/S6795ca698ea34a3c9c1b20d333113f697.jpg,ByteBuy,Tablet Accessories & Parts,Tablet Accessories & Parts,aliexpress-10-25
aliexpress-10-25-1005011728559355,For Cute Girl Style Twelve Constellations Pens 0.5mm Black Gel Pens Writing Pens Metal Barrel High Appearance Heavy Feeling,"Category: Pens, Pencils & Writing Supplies.",in stock,new,17.95 USD,17.23 USD,https://bytebuy.store/product/aliexpress-10-25-1005011728559355/,https://ae-pic-a1.aliexpress-media.com/kf/S9065e04c39eb4ddfaa00a90ea5b0fc4aF.jpg,ByteBuy,"Pens, Pencils & Writing Supplies","Pens, Pencils & Writing Supplies",aliexpress-10-25
aliexpress-10-25-1005012992826595,12pcs 6-35mm Diamond Coated Drill Bits Hole Saw Drill Kits for Glass Marble Granite Stone Tile Ceramic Cutting Hand Drill Tools,"Category: Drill Bits, Saw Blades & Cutting Tools.",in stock,new,26.04 USD,23.96 USD,https://bytebuy.store/product/aliexpress-10-25-1005012992826595/,https://ae-pic-a1.aliexpress-media.com/kf/S3b69618fc3f94f9b89fda1b2c84ffeefP.jpg,ByteBuy,"Drill Bits, Saw Blades & Cutting Tools","Drill Bits, Saw Blades & Cutting Tools",aliexpress-10-25
aliexpress-10-25-1005013201591380,[TG820]1Pcs Portable Golf Bag Rain Cover Dustproof Rain Hood Club Protector For Golf Bag And Carry Cart Stand Bag,Category: Sport Bags.,in stock,new,39.09 USD,16.81 USD,https://bytebuy.store/product/aliexpress-10-25-1005013201591380/,https://ae-pic-a1.aliexpress-media.com/kf/Sc69825f450a5428ebbab24e88ceac5afW.jpg,ByteBuy,Sport Bags,Sport Bags,aliexpress-10-25
aliexpress-10-25-1005013112659869,2026 New Women Cropped Puffer Jacket Crew Neck Zip Up Quilted Solid Long Sleeve Pocket Thick Warm Trendy Coat Autumn Winter,Category: Parkas.,in stock,new,48.20 USD,24.10 USD,https://bytebuy.store/product/aliexpress-10-25-1005013112659869/,https://ae-pic-a1.aliexpress-media.com/kf/S4be6b3d979f44bdeb96d0a5b83e89aadV.jpg,ByteBuy,Parkas,Parkas,aliexpress-10-25
aliexpress-10-25-1005012050069953,Air + Cabin + Oil Filter Set for Changan Eado Plus 1.4T/1.6L – PM0.1/CN95 Cabin Filter,Category: Wear Parts.,in stock,new,16.93 USD,16.59 USD,https://bytebuy.store/product/aliexpress-10-25-1005012050069953/,https://ae-pic-a1.aliexpress-media.com/kf/Sc4fbfe34c1464d26bc2b40ed5fba6db1Q.jpg,ByteBuy,Wear Parts,Wear Parts,aliexpress-10-25
aliexpress-10-25-1005013155895027,Fashionable 180cm Fake Fur Long Scarf Soft Thick Winter Fluffy Scarf Fur Decor Ladies Neck Warmer Scarves Outdoor,Category: new Scarf &Wrap.,in stock,new,20.98 USD,10.28 USD,https://bytebuy.store/product/aliexpress-10-25-1005013155895027/,https://ae-pic-a1.aliexpress-media.com/kf/S16dd1288339844a3b810628f813987bfL.jpg,ByteBuy,new Scarf &Wrap,new Scarf &Wrap,aliexpress-10-25
aliexpress-10-25-1005005906122694,2UUL DW01 5Rolls/Box Mobi Desoldering Wick for Mobile Phone Motherboard Repair 2.0mm 1.5m PCB Welding Tin Ribbon,Category: Tool Sets.,in stock,new,25.00 USD,13.25 USD,https://bytebuy.store/product/aliexpress-10-25-1005005906122694/,https://ae-pic-a1.aliexpress-media.com/kf/S1d2a3642d70c47acb7008870b86acacdZ.png,ByteBuy,Tool Sets,Tool Sets,aliexpress-10-25
aliexpress-10-25-1005008130394396,Cleaning Web Roller For Ricoh C6502 MPC8002 C5100 C5110S MPC6502 651 751 6502 MP8100 MP8120 8002 5200 5210 5110,Category: Office Electronics.,in stock,new,20.29 USD,18.87 USD,https://bytebuy.store/product/aliexpress-10-25-1005008130394396/,https://ae-pic-a1.aliexpress-media.com/kf/See130f348dde4fb2832ff8c8a75eaa8fr.jpg,ByteBuy,Office Electronics,Office Electronics,aliexpress-10-25
aliexpress-10-25-1005003799989584,Sexy Mens Leopard Printed Briefs Lace Underwear Sissy Penis Pouch Panties Underwear Underpants Seamless Sexy Lingerie,Category: Men's Underwears.,in stock,new,18.28 USD,12.80 USD,https://bytebuy.store/product/aliexpress-10-25-1005003799989584/,https://ae-pic-a1.aliexpress-media.com/kf/S77dac21ef5e0435f934833b8d8f4a5e6o.jpg,ByteBuy,Men's Underwears,Men's Underwears,aliexpress-10-25
aliexpress-10-25-1005008563897123,BAAU 2X Rain Chain Gutter High-Quality Arched Rain Chain Gutter Adapter for Rainwater Pipe Outlet,Category: Café Furniture.,in stock,new,21.20 USD,13.99 USD,https://bytebuy.store/product/aliexpress-10-25-1005008563897123/,https://ae-pic-a1.aliexpress-media.com/kf/S2d0b37c3e692405e88f5cd84c2a81ae5a.jpg,ByteBuy,Café Furniture,Café Furniture,aliexpress-10-25
aliexpress-10-25-1005005831305261,1/32 Alloy Trailer RV Car Model Diecast Metal Toy Recreational Off-road Vehicle Truck Camper Car Model Sound and Light Kids Gift,Category: Play Vehicles & Models.,in stock,new,22.80 USD,18.47 USD,https://bytebuy.store/product/aliexpress-10-25-1005005831305261/,https://ae-pic-a1.aliexpress-media.com/kf/S53e7294eb7ae44fa8827372ff04a16f8Y.jpg,ByteBuy,Play Vehicles & Models,Play Vehicles & Models,aliexpress-10-25
aliexpress-10-25-1005008539232655,Stylish Women's Suit Fall Long-Sleeved Lapel Shirt And Wide-Leg Pant Outfits Comfortable And Loose Ladies Two-Piece Set,Category: Matching Sets.,in stock,new,31.46 USD,22.02 USD,https://bytebuy.store/product/aliexpress-10-25-1005008539232655/,https://ae-pic-a1.aliexpress-media.com/kf/S47d0a357f1204c67b8446bbda5896b45Z.jpg,ByteBuy,Matching Sets,Matching Sets,aliexpress-10-25
aliexpress-10-25-1005012418103103,Lightweight Quick-Dry Folded Blade Climbing Pants Men's Outdoor Hiking Mountain Climbing Trousers Casual Loose Fit Straight Leg,Category: Pants.,in stock,new,20.70 USD,20.69 USD,https://bytebuy.store/product/aliexpress-10-25-1005012418103103/,https://ae-pic-a1.aliexpress-media.com/kf/Sb43c3914e6d14a4d9c3f8f66d4aef6fbY.jpg,ByteBuy,Pants,Pants,aliexpress-10-25
aliexpress-10-25-1005008033799241,Winter women's casual solid color insulated scarf,Category: new Scarf &Wrap.,in stock,new,27.80 USD,18.07 USD,https://bytebuy.store/product/aliexpress-10-25-1005008033799241/,https://ae-pic-a1.aliexpress-media.com/kf/S35d9ed27ff7047b7aaae96e19daf3ea9W.jpg,ByteBuy,new Scarf &Wrap,new Scarf &Wrap,aliexpress-10-25
aliexpress-10-25-1005012547537449,Full System Diagnostic Cable Coding Tool Sturdy Adapter High Performance Diagnostic Device for BMW E60 E61 E87 E83 E90 E70 R56,Category: Car Repair Tool.,in stock,new,32.23 USD,17.40 USD,https://bytebuy.store/product/aliexpress-10-25-1005012547537449/,https://ae-pic-a1.aliexpress-media.com/kf/S7717f1bd3a07407a8ad0fa540a6ef2405.jpg,ByteBuy,Car Repair Tool,Car Repair Tool,aliexpress-10-25
aliexpress-10-25-1005013040657797,For Kia 2016-2020 Hood Seal Strip Engine Noise Reduction Strip Car Light Accessory Rubber Sealing Strip For Kia,Category: Interior Accessories.,in stock,new,34.82 USD,14.97 USD,https://bytebuy.store/product/aliexpress-10-25-1005013040657797/,https://ae-pic-a1.aliexpress-media.com/kf/Sbff31b2c5ce44c56a9b821ba11248a9ft.jpeg,ByteBuy,Interior Accessories,Interior Accessories,aliexpress-10-25
aliexpress-10-25-1005013153619940,Men's Autumn and Winter Single-Piece V-Neck Knitted Sleeveless Sweater Solid Color Vest Business Casual Loose Top,Category: Sweaters.,in stock,new,27.87 USD,11.14 USD,https://bytebuy.store/product/aliexpress-10-25-1005013153619940/,https://ae-pic-a1.aliexpress-media.com/kf/S573aae2201af453ba649ca56f51417aeE.jpg,ByteBuy,Sweaters,Sweaters,aliexpress-10-25
aliexpress-10-25-1005012669331168,ALIEN STAGE Anime Alienstage ivan till Cosplay Acrylic Stand Model Plate Desk Decor Standing Sign Accessories ornament gift,Category: Cosplay Costumes.,in stock,new,15.34 USD,10.89 USD,https://bytebuy.store/product/aliexpress-10-25-1005012669331168/,https://ae-pic-a1.aliexpress-media.com/kf/Sd23ca5354b3e4995980473eafb504a3cn.jpg,ByteBuy,Cosplay Costumes,Cosplay Costumes,aliexpress-10-25
aliexpress-10-25-1005011882021750,4PC Project Sekai Akiyama Mizuki Shinonome Ena Anime Acrylic Stand Desktop Decor Ornaments Collection Plate Desk Decor Standing,Category: Cosplay Costumes.,in stock,new,28.16 USD,16.90 USD,https://bytebuy.store/product/aliexpress-10-25-1005011882021750/,https://ae-pic-a1.aliexpress-media.com/kf/S114b026afbcb48c9814e0bd3133b2e3bV.jpg,ByteBuy,Cosplay Costumes,Cosplay Costumes,aliexpress-10-25
aliexpress-10-25-1005013157381112,High Quality Car Smart Card 6-Button Smart Key 95440-A9300 SY5YPFGE06 433MHZ 47 Chip For Kia Carnival,Category: Car Lock System.,in stock,new,43.61 USD,22.68 USD,https://bytebuy.store/product/aliexpress-10-25-1005013157381112/,https://ae-pic-a1.aliexpress-media.com/kf/S547a22a0961c4f92a5a70fc9806013ebs.jpg,ByteBuy,Car Lock System,Car Lock System,aliexpress-10-25
aliexpress-10-25-1005008486018949,Short Down Cotton-padded Jacket Women Outwear Autumn Winter New Thick Bread Clothing Fashion Loose Thicke Warm Parka Cotton Coat,Category: Parkas.,in stock,new,37.66 USD,19.96 USD,https://bytebuy.store/product/aliexpress-10-25-1005008486018949/,https://ae-pic-a1.aliexpress-media.com/kf/Sc06826d1fc384368ab8fa6462273844ae.png,ByteBuy,Parkas,Parkas,aliexpress-10-25
aliexpress-10-25-1005012039272404,Adjustable Fixing Clip Aluminum Alloy Clamp Quick Jig Handle-Free Grooving Mold Drawer Slide Guide Rail Installation Auxiliary,Category: Tool Sets.,in stock,new,44.91 USD,22.45 USD,https://bytebuy.store/product/aliexpress-10-25-1005012039272404/,https://ae-pic-a1.aliexpress-media.com/kf/Se9f716733c414a08a185f9fd307a68c73.jpg,ByteBuy,Tool Sets,Tool Sets,aliexpress-10-25
aliexpress-10-25-1005013022447810,Precision Jig Door Latch Mortise Tool Positioning Template Scoring & Chiseling Template Door Latch Installation Kit,Category: Power Tool Parts & Accessories.,in stock,new,35.83 USD,17.92 USD,https://bytebuy.store/product/aliexpress-10-25-1005013022447810/,https://ae-pic-a1.aliexpress-media.com/kf/Sbbfebc83b0154a51a0b88171b37bc160V.jpg,ByteBuy,Power Tool Parts & Accessories,Power Tool Parts & Accessories,aliexpress-10-25
aliexpress-10-25-1005010627050657,Shark AI Plush Toy Cute US Shanhaijing Parody Stuffed Doll Soft Collectors For Kids Teens Halloween Birthday Gift Home Decor,Category: Stuffed Animals & Plush.,in stock,new,21.72 USD,15.20 USD,https://bytebuy.store/product/aliexpress-10-25-1005010627050657/,https://ae-pic-a1.aliexpress-media.com/kf/S5e9cd5e13f824e9e8df91afd651d4b56H.jpg,ByteBuy,Stuffed Animals & Plush,Stuffed Animals & Plush,aliexpress-10-25
aliexpress-10-25-1005013246647720,Little Girl And Dog Cat Diy Diamond Art Painting Kits New Collection Cute Pet Animals Full Drill Mosaic Embroidery Picture Size,"Category: Arts,Crafts & Sewing.",in stock,new,19.70 USD,13.79 USD,https://bytebuy.store/product/aliexpress-10-25-1005013246647720/,https://ae-pic-a1.aliexpress-media.com/kf/Sa10901f03df641da8d3c8d6693a50d86A.jpg,ByteBuy,"Arts,Crafts & Sewing","Arts,Crafts & Sewing",aliexpress-10-25
aliexpress-10-25-1005013084054906,Classic Adventure Battle Game Genshin Impact Collection Card Cartoon HD Craft Characters Practical Surprise Exquisite Card Gifts,Category: Hobby & Collectibles.,in stock,new,23.19 USD,19.02 USD,https://bytebuy.store/product/aliexpress-10-25-1005013084054906/,https://ae-pic-a1.aliexpress-media.com/kf/S01fb7927a0b24251a69fd46373c0f599D.jpg,ByteBuy,Hobby & Collectibles,Hobby & Collectibles,aliexpress-10-25
aliexpress-10-25-1005012686153324,Mini Smart Sensor Following Car Drifting Remote Controlled Car Desktop Decompression Toy Birthday Gift Decoration Item,Category: Play Vehicles & Models.,in stock,new,41.39 USD,20.28 USD,https://bytebuy.store/product/aliexpress-10-25-1005012686153324/,https://ae-pic-a1.aliexpress-media.com/kf/S04580dec8de44091a5e9333160defebb4.jpg,ByteBuy,Play Vehicles & Models,Play Vehicles & Models,aliexpress-10-25
aliexpress-10-25-1005012796747054,Motorcycle Accessories Wheel Slide Sprocket Chain Guard Cover Protection For Suzuki DRZ400 E/S 2001-2013-2014-2015-2016-2017-2018-2019-2020-2021-2022,Category: Modification&Protection.,in stock,new,108.90 USD,17.42 USD,https://bytebuy.store/product/aliexpress-10-25-1005012796747054/,https://ae-pic-a1.aliexpress-media.com/kf/S64323673c70c4c6d8121efa1a04693d52.jpg,ByteBuy,Modification&Protection,Modification&Protection,aliexpress-10-25
aliexpress-10-25-1005012731980605,"Cover For Ninja MO200 Outdoor Pizza Oven, Outdoor Pizza Oven Cover Waterproof Cover",Category: Household Merchandises.,in stock,new,26.10 USD,13.57 USD,https://bytebuy.store/product/aliexpress-10-25-1005012731980605/,https://ae-pic-a1.aliexpress-media.com/kf/S535c5e1daa0b4273a1acd6add03fc852H.jpg,ByteBuy,Household Merchandises,Household Merchandises,aliexpress-10-25
aliexpress-10-25-1005009605006245,Portable Roller Skates Bag Ice Skating Bag Large Capacity Breathable Kids Inline Skates Bag Ski Snow Boots Bag Skating Shoes Bag,Category: Skiing & Snowboarding.,in stock,new,26.56 USD,13.28 USD,https://bytebuy.store/product/aliexpress-10-25-1005009605006245/,https://ae-pic-a1.aliexpress-media.com/kf/See3a0d631079453a9373554df707ec234.jpg,ByteBuy,Skiing & Snowboarding,Skiing & Snowboarding,aliexpress-10-25
aliexpress-10-25-1005012833189064,"Cute Frog Kids Tablet Case Green Silicone Shockproof for iPad 10th Gen Air 4 5 Pro 10.9"" 11"" A16 A19 M2 M3 2026 Protection Cover",Category: Tablet Accessories & Parts.,in stock,new,21.89 USD,21.64 USD,https://bytebuy.store/product/aliexpress-10-25-1005012833189064/,https://ae-pic-a1.aliexpress-media.com/kf/S2f79e8cb5974433080d16908f9b433580.jpg,ByteBuy,Tablet Accessories & Parts,Tablet Accessories & Parts,aliexpress-10-25
aliexpress-10-25-1005012011331931,GEDI Elegant Silver Watches for Woman Minimalist Square Dial Women Watch Stainless Steel Band Quartz Wristwatch Ladies Gift,Category: Women's Watches.,in stock,new,52.58 USD,18.93 USD,https://bytebuy.store/product/aliexpress-10-25-1005012011331931/,https://ae-pic-a1.aliexpress-media.com/kf/S27e01b1ae15d4247831120eff7fdcdd42.jpg,ByteBuy,Women's Watches,Women's Watches,aliexpress-10-25
aliexpress-10-25-1005013257038452,Automatic Fingernail Trimmer Electric Polishing Tool Safe Manicure Clipper Device Portable Home Nail Care For Everyone,Category: Nail Art & Tools.,in stock,new,42.08 USD,13.89 USD,https://bytebuy.store/product/aliexpress-10-25-1005013257038452/,https://ae-pic-a1.aliexpress-media.com/kf/Sc2925e50b6934e07b7577821bd8cba86S.png,ByteBuy,Nail Art & Tools,Nail Art & Tools,aliexpress-10-25
aliexpress-10-25-1005012157659458,Snow Plow Truck Side Cars Repair Replacement Relay Wiring Durable Portable Vehicle Plow Side Traveling Plow Side Repair Harness,Category: Other Vehicle Parts & Accessories.,in stock,new,33.87 USD,17.27 USD,https://bytebuy.store/product/aliexpress-10-25-1005012157659458/,https://ae-pic-a1.aliexpress-media.com/kf/S0aeae093cd7b4832a4d800d55b11ca47M.jpg,ByteBuy,Other Vehicle Parts & Accessories,Other Vehicle Parts & Accessories,aliexpress-10-25
aliexpress-10-25-1005013168175598,Jurassic World Dinosaur Movie Round Neck Long Sleeves Nightdress for Sleeping Sleepshirts Women Loose Pajama Set Long Pants,Category: Women's Sleep & Lounge.,in stock,new,28.16 USD,15.77 USD,https://bytebuy.store/product/aliexpress-10-25-1005013168175598/,https://ae-pic-a1.aliexpress-media.com/kf/S92f5d57dfe5b4497870cc14134376582o.jpg,ByteBuy,Women's Sleep & Lounge,Women's Sleep & Lounge,aliexpress-10-25
aliexpress-10-25-1005011566808132,For the new 16-19 Camaro Bumblebee Camaro C7ABS carbon fiber patterned steering wheel shift paddles,Category: Chassis Parts.,in stock,new,47.64 USD,14.29 USD,https://bytebuy.store/product/aliexpress-10-25-1005011566808132/,https://ae-pic-a1.aliexpress-media.com/kf/S54fa00127164471d88030ab024c4a5dfr.jpg,ByteBuy,Chassis Parts,Chassis Parts,aliexpress-10-25
aliexpress-10-25-1005012891358485,Loader Headlight Front Lamp for Shantui Liugong Laigong Wheel Loader Construction Machinery Lighting,Category: Household Merchandises.,in stock,new,16.22 USD,14.92 USD,https://bytebuy.store/product/aliexpress-10-25-1005012891358485/,https://ae-pic-a1.aliexpress-media.com/kf/S6942c2b358e748e2b6e5c3c2ef9cf288W.jpg,ByteBuy,Household Merchandises,Household Merchandises,aliexpress-10-25
aliexpress-10-25-1005013092221325,560Pcs Map Location Flag Stickers Vibrant Self-Adhesive Marking Labels for Travel Maps Road Trip Planning School Projects,Category: Stationery Sticker.,in stock,new,13.94 USD,13.14 USD,https://bytebuy.store/product/aliexpress-10-25-1005013092221325/,https://ae-pic-a1.aliexpress-media.com/kf/Sabc7651af5694619975384852f0679a10.jpg,ByteBuy,Stationery Sticker,Stationery Sticker,aliexpress-10-25
aliexpress-10-25-1005012843537624,Brazil National Flag Round Neck Short Sleeve Nightgowns for Sleeping Sleepshirts Women Soft Pajama Set Short Pants,Category: Women's Sleep & Lounge.,in stock,new,31.83 USD,17.19 USD,https://bytebuy.store/product/aliexpress-10-25-1005012843537624/,https://ae-pic-a1.aliexpress-media.com/kf/Sa4f1d8c3e4214442a9473dc4c61b52d1l.jpg,ByteBuy,Women's Sleep & Lounge,Women's Sleep & Lounge,aliexpress-10-25
aliexpress-10-25-1005012597065110,Switch Trigger N015071 For D28492 D28491 D28490 DWE493 DWE492 DWE490 Angle Grinder Replacement Part Power Tool Accessory,Category: Power Tool Parts & Accessories.,in stock,new,32.33 USD,10.67 USD,https://bytebuy.store/product/aliexpress-10-25-1005012597065110/,https://ae-pic-a1.aliexpress-media.com/kf/S44411b4598164316ad0ea70a131e9419H.jpeg,ByteBuy,Power Tool Parts & Accessories,Power Tool Parts & Accessories,aliexpress-10-25
aliexpress-10-25-1005012632641795,FlySky Receiver FS-iA10B FS-iA6B FS-iA6 FS-A8S A6 A3 FS-GR3E R6B X6B Compatible with FS-i6 I10 CT6B T6 TH9X Transmitter RC Parts,Category: Remote Control Toys.,in stock,new,38.06 USD,17.89 USD,https://bytebuy.store/product/aliexpress-10-25-1005012632641795/,https://ae-pic-a1.aliexpress-media.com/kf/S5d1566e14aba4899825b3beb01812cf0w.jpg,ByteBuy,Remote Control Toys,Remote Control Toys,aliexpress-10-25
aliexpress-10-25-1005012485603367,For iPad mini (2024) / (2021) Case Kickstand PC TPE Tablet Cover with Hand Strap - Navy Blue,Category: Laptop Parts & Accessories.,in stock,new,21.77 USD,14.15 USD,https://bytebuy.store/product/aliexpress-10-25-1005012485603367/,https://ae-pic-a1.aliexpress-media.com/kf/Sa160f613ab2944b8bf840f5e954e6f1al.jpg,ByteBuy,Laptop Parts & Accessories,Laptop Parts & Accessories,aliexpress-10-25
aliexpress-10-25-1005010618501987,G Spot Wand Anal Plug Insert Vagina Butt Plug Anus Dilator Sexy Fox Tail Dildo For Unisex Gay Sex Game Prostate Massager,Category: Sex Products.,in stock,new,21.04 USD,20.50 USD,https://bytebuy.store/product/aliexpress-10-25-1005010618501987/,https://ae-pic-a1.aliexpress-media.com/kf/S6db7d55d11de43fda790aeed7dbf0c65k.jpg,ByteBuy,Sex Products,Sex Products,aliexpress-10-25
aliexpress-10-25-1005009992024415,Soft European and American Fashion Embroidery Lace Fabric High-End Wedding Dress Fabric Fashion Skirt Clothes Decoration Diy,Category: Apparel Fabrics & Textiles.,in stock,new,21.13 USD,16.69 USD,https://bytebuy.store/product/aliexpress-10-25-1005009992024415/,https://ae-pic-a1.aliexpress-media.com/kf/S8dc9bff9d7c7442ebbbfe886c0bcbbcbW.jpg,ByteBuy,Apparel Fabrics & Textiles,Apparel Fabrics & Textiles,aliexpress-10-25
aliexpress-10-25-1005005363653306,Camshaft Timing Alignment Tool Kit Fit For Ford Mazda Duratec MZR Zetec 2.0L 2.3L 2.5L SVT,Category: Car Maintenance Tools.,in stock,new,29.12 USD,18.93 USD,https://bytebuy.store/product/aliexpress-10-25-1005005363653306/,https://ae-pic-a1.aliexpress-media.com/kf/Sa9ddf1d79ee34a28acb6272edfb936831.jpg,ByteBuy,Car Maintenance Tools,Car Maintenance Tools,aliexpress-10-25
aliexpress-10-25-1005011766767151,"2 In 1 TPMS Relearn Tool, EL-50448 EL-50449 Tire Pressure Monitor Sensor System Activation Tool For Ford GM Vehicles Accessories",Category: Car Repair Tool.,in stock,new,22.55 USD,11.27 USD,https://bytebuy.store/product/aliexpress-10-25-1005011766767151/,https://ae-pic-a1.aliexpress-media.com/kf/S6de627e737d24ae0b8c5672f89e628e73.jpg,ByteBuy,Car Repair Tool,Car Repair Tool,aliexpress-10-25
aliexpress-10-25-1005013038512869,1:32 Cullinan SUV Alloy Model Diecasts Sound Light Model Car Collection Simulation Toy Gift Ornaments Gift,Category: Play Vehicles & Models.,in stock,new,35.00 USD,17.50 USD,https://bytebuy.store/product/aliexpress-10-25-1005013038512869/,https://ae-pic-a1.aliexpress-media.com/kf/Sfe2f919031884c3fb21bdc8f1656e532C.jpg,ByteBuy,Play Vehicles & Models,Play Vehicles & Models,aliexpress-10-25
aliexpress-10-25-1005012782802815,Summer Men's Street Fashion T-Shirts Sets O-Neck Short Sleeve T-Shirt + Shorts Breathable Quick Dry Running Suit Hot Sale,Category: Men's Sets（new）.,in stock,new,30.75 USD,15.37 USD,https://bytebuy.store/product/aliexpress-10-25-1005012782802815/,https://ae-pic-a1.aliexpress-media.com/kf/Se620142a9a2e45b296018f082dd2f821Z.jpg,ByteBuy,Men's Sets（new）,Men's Sets（new）,aliexpress-10-25
aliexpress-10-25-1005012047757926,Elegant V-Neck Lace Long Sleeve Chiffon Shirt Women's Design Diamond Embellished Base Shirt Autumn 2026 New Arrival,Category: Shirts & Blouses.,in stock,new,20.73 USD,20.72 USD,https://bytebuy.store/product/aliexpress-10-25-1005012047757926/,https://ae-pic-a1.aliexpress-media.com/kf/Sa047023a73f74538b2e972bba08ebc93y.jpg,ByteBuy,Shirts & Blouses,Shirts & Blouses,aliexpress-10-25
aliexpress-10-25-1005011587511440,New Battery EB-BG360CBU 3.85V 2000mAh for Samsung J2(2015) SM-J200 G3608 G3609 G360F G361 S820L 360V Core Primre Mobile Phone,Category: Mobile Phone Parts.,in stock,new,27.96 USD,13.98 USD,https://bytebuy.store/product/aliexpress-10-25-1005011587511440/,https://ae-pic-a1.aliexpress-media.com/kf/Sc743ba0b4ba3435e993f55fe6a704cc1U.jpg,ByteBuy,Mobile Phone Parts,Mobile Phone Parts,aliexpress-10-25
aliexpress-10-25-1005010113972282,Adjust Knob Mirror Control S-witch 1K0959565J Fits For VW Jetta MK 5 Golf GTI MK5 6 Passat B6 Rabbit Tiguan CC,Category: Interior Parts.,in stock,new,13.69 USD,10.68 USD,https://bytebuy.store/product/aliexpress-10-25-1005010113972282/,https://ae-pic-a1.aliexpress-media.com/kf/S485f4a1e4e684e7bb016da7fad0f68f3U.jpg,ByteBuy,Interior Parts,Interior Parts,aliexpress-10-25
aliexpress-10-25-1005012857607872,Car dent repair hammer shaping hammer knocking hammer sheet metal repair non-marking shaping pen leveling tool hammer,Category: Car Maintenance Tools.,in stock,new,14.68 USD,12.18 USD,https://bytebuy.store/product/aliexpress-10-25-1005012857607872/,https://ae-pic-a1.aliexpress-media.com/kf/S411a1575a96741838759e0b6b0d545a6m.jpg,ByteBuy,Car Maintenance Tools,Car Maintenance Tools,aliexpress-10-25
aliexpress-10-25-1005010460387511,Motorcycle Helmet Backpack Large Capacity Waterproof Helmet Holder Cycling Riding Helmet Backpack Travel Bag Motorbike Bag,Category: Motorcycle Accessories.,in stock,new,32.09 USD,21.50 USD,https://bytebuy.store/product/aliexpress-10-25-1005010460387511/,https://ae-pic-a1.aliexpress-media.com/kf/Sab137939a35d4f9ba802779ed6b9c7631.jpg,ByteBuy,Motorcycle Accessories,Motorcycle Accessories,aliexpress-10-25
aliexpress-10-25-1005012172721423,Build Plate For Flashforge AD5X – Multicolor 3D Printer for High-Speed Full-Color Printing Adventurer 5M/5M Pro Plate 235x235mm,Category: 3D Printing & Additive Manufacturing.,in stock,new,11.97 USD,11.35 USD,https://bytebuy.store/product/aliexpress-10-25-1005012172721423/,https://ae-pic-a1.aliexpress-media.com/kf/Sfd3927d33fbe4851b7533c14c36c64f8K.jpg,ByteBuy,3D Printing & Additive Manufacturing,3D Printing & Additive Manufacturing,aliexpress-10-25
aliexpress-10-25-1005012077405600,Pair Marine Oarlock Sockets 316 Stainless Steel OEM Side Mounted Mirror Polished for 1/2in Shank Boat Yacht Part,Category: Boats.,in stock,new,26.18 USD,23.04 USD,https://bytebuy.store/product/aliexpress-10-25-1005012077405600/,https://ae-pic-a1.aliexpress-media.com/kf/S498297eda74a4beb8951df6dde06a795X.jpg,ByteBuy,Boats,Boats,aliexpress-10-25
aliexpress-10-25-1005012750656378,1pc For Battery Converter Adapter For DCB200 For DCB203 For Electric Power Tool Accessories Easy To Install,Category: Power Tool Parts & Accessories.,in stock,new,29.68 USD,19.59 USD,https://bytebuy.store/product/aliexpress-10-25-1005012750656378/,https://ae-pic-a1.aliexpress-media.com/kf/S88f2b42bc31b49a08f02804dfddebcbcI.jpeg,ByteBuy,Power Tool Parts & Accessories,Power Tool Parts & Accessories,aliexpress-10-25
aliexpress-10-25-1005013129708133,Antique Brass Bathroom Hardware Retro Carved Bath Towel Rack Cup Holder Toliet Brush Holder Storage Rack Bathroom Acessorios,Category: Bathroom Fixture.,in stock,new,38.67 USD,24.75 USD,https://bytebuy.store/product/aliexpress-10-25-1005013129708133/,https://ae-pic-a1.aliexpress-media.com/kf/S7638fcccabcc4b319c875f41fb65e78fQ.jpg,ByteBuy,Bathroom Fixture,Bathroom Fixture,aliexpress-10-25
aliexpress-10-25-1005012628346722,R840083 Li-Ion Battery PCB Charging Protection Circuit Board Shell Boxs for 18V Lithium Ion Battery Housing-ABWO,Category: 3D Printing & Additive Manufacturing.,in stock,new,44.40 USD,23.98 USD,https://bytebuy.store/product/aliexpress-10-25-1005012628346722/,https://ae-pic-a1.aliexpress-media.com/kf/Sc2e7777a06644e958814a8b056c499ca8.jpg,ByteBuy,3D Printing & Additive Manufacturing,3D Printing & Additive Manufacturing,aliexpress-10-25
aliexpress-10-25-1005012977902950,Sexy Women Clothes Leopard Flocked Mesh Jumpsuit Long Sleeve Criss‑Cross Lace‑Up Cut‑out See‑Through Night Club Party Bodysuit,Category: Jumpsuits&Rompers.,in stock,new,19.99 USD,18.39 USD,https://bytebuy.store/product/aliexpress-10-25-1005012977902950/,https://ae-pic-a1.aliexpress-media.com/kf/S3e5eebbaa9d041db8eb51aae167d42005.jpg,ByteBuy,Jumpsuits&Rompers,Jumpsuits&Rompers,aliexpress-10-25
aliexpress-25-40-1005011905307256,AIMEYA Orange Lace Front Wig 13x4 Long Silky Straight Wigs for Women Natural Hairline Daily Wear Cosplay Heat Resistant Fiber,Category: Synthetic Hair.,in stock,new,52.99 USD,30.73 USD,https://bytebuy.store/product/aliexpress-25-40-1005011905307256/,https://ae-pic-a1.aliexpress-media.com/kf/S0c3b8fe8bc294e9185fb8769b0fe3ab8i.jpg,ByteBuy,Synthetic Hair,Synthetic Hair,aliexpress-25-40
aliexpress-25-40-1005012512754945,/Carbon /Steel /Replacement Gear For DCD999NT DCD999 DCD999M2 Hammer Drill Power Tool Accessory NA019200 Silver,Category: Power Tool Parts & Accessories.,in stock,new,87.48 USD,34.12 USD,https://bytebuy.store/product/aliexpress-25-40-1005012512754945/,https://ae-pic-a1.aliexpress-media.com/kf/S00e3118daa564630b2d77096de2c558fW.jpeg,ByteBuy,Power Tool Parts & Accessories,Power Tool Parts & Accessories,aliexpress-25-40
aliexpress-25-40-1005012639186870,2Pcs Carbon Fiber Style Side Mirror Rain Visor for BMW 3 Series 2019 5 Series 2018 7 Series 2016,Category: Exterior Parts.,in stock,new,100.28 USD,25.30 USD,https://bytebuy.store/product/aliexpress-25-40-1005012639186870/,https://ae-pic-a1.aliexpress-media.com/kf/S633cf2620b55460384a3b1845a1973ba4.jpg,ByteBuy,Exterior Parts,Exterior Parts,aliexpress-25-40
aliexpress-25-40-1005013086906007,25cm Anime Cat Girl Plush Toy Cute Stuffed Doll Soft Plushie Cartoon Character Figure Birthday Christmas Gift For Friends,Category: Stuffed Animals & Plush.,in stock,new,42.55 USD,27.23 USD,https://bytebuy.store/product/aliexpress-25-40-1005013086906007/,https://ae-pic-a1.aliexpress-media.com/kf/S1623289b43d041d590ef8c8602199482Z.jpg,ByteBuy,Stuffed Animals & Plush,Stuffed Animals & Plush,aliexpress-25-40
aliexpress-25-40-1005011983934770,1647400735 Tailgate Hatch Lock Mechanism A1647400735 1647400300 1647400035 1647400435 1647400335 A1647400335 For Mercedes BENZ,Category: Exterior Parts.,in stock,new,28.46 USD,27.61 USD,https://bytebuy.store/product/aliexpress-25-40-1005011983934770/,https://ae-pic-a1.aliexpress-media.com/kf/S0df19ec3c80b4066aa2e04bd960e5803G.jpg,ByteBuy,Exterior Parts,Exterior Parts,aliexpress-25-40
aliexpress-25-40-1005010261415997,Small Floral Wallpaper Self Adhesive Blooming Flower Home Bedroom Wall Decor Peel and Stick Waterproof Cabinet Sticker,Category: Painting Supplies & Wall Treatments.,in stock,new,31.76 USD,25.41 USD,https://bytebuy.store/product/aliexpress-25-40-1005010261415997/,https://ae-pic-a1.aliexpress-media.com/kf/Se59fcb99a81f481fa5c800ac3c636c05h.jpg,ByteBuy,Painting Supplies & Wall Treatments,Painting Supplies & Wall Treatments,aliexpress-25-40
aliexpress-25-40-1005007799614962,13'' Universal Deep Dish Racing Steering Wheel Car Leather Steering Wheel,Category: Interior Parts.,in stock,new,111.51 USD,36.80 USD,https://bytebuy.store/product/aliexpress-25-40-1005007799614962/,https://ae-pic-a1.aliexpress-media.com/kf/S7c899ffca4fa4442bee5a32eb9d86581i.jpg,ByteBuy,Interior Parts,Interior Parts,aliexpress-25-40
aliexpress-25-40-1005012592659921,Heavy duty vacuum suction cups ZPT0/ZPT1/ZPT2/ZPT3J25/J50/J75/J100-A18/A22,"Category: Packaging, Printing & Supporting Equipment.",in stock,new,31.46 USD,29.26 USD,https://bytebuy.store/product/aliexpress-25-40-1005012592659921/,https://ae-pic-a1.aliexpress-media.com/kf/S07e1488b81c3424584c18195729d7e0cC.jpg,ByteBuy,"Packaging, Printing & Supporting Equipment","Packaging, Printing & Supporting Equipment",aliexpress-25-40
aliexpress-25-40-1005012842091234,CAN Bus Analyzer CANOpenJ1939 USBCAN-2A USB to CAN Adapter Dual Path Compatible ZLG-A20R,Category: 3D Printing & Additive Manufacturing.,in stock,new,61.74 USD,30.87 USD,https://bytebuy.store/product/aliexpress-25-40-1005012842091234/,https://ae-pic-a1.aliexpress-media.com/kf/S1f2ff57cf829473495ce030255c23047l.jpg,ByteBuy,3D Printing & Additive Manufacturing,3D Printing & Additive Manufacturing,aliexpress-25-40
aliexpress-25-40-1005013057750029,Blu-ray Model Taxi Season 2 High Definition Video Disc Collection,Category: Tattoo & Body Art.,in stock,new,40.71 USD,33.38 USD,https://bytebuy.store/product/aliexpress-25-40-1005013057750029/,https://ae-pic-a1.aliexpress-media.com/kf/S3be3f723166c468a816fcdc1b03c71fe5.jpg,ByteBuy,Tattoo & Body Art,Tattoo & Body Art,aliexpress-25-40
aliexpress-25-40-1005010208371965,Qty(2) Trunk Struts with Spring for Ford C-Max 1st Gen MPV 2003-2010 570MM Rear Tailgate Boot Lift Supports Shock Absorbers,Category: Chassis Parts.,in stock,new,80.13 USD,37.66 USD,https://bytebuy.store/product/aliexpress-25-40-1005010208371965/,https://ae-pic-a1.aliexpress-media.com/kf/Sc37f552fb576463d9bd4bccd223e0410k.jpg,ByteBuy,Chassis Parts,Chassis Parts,aliexpress-25-40
aliexpress-25-40-1005008596968776,For XCMG For JCB 3CX PC 4C444 Crane solenoid valve coil 6401312 12V 24V,Category: Engines & Engine Parts.,in stock,new,30.57 USD,27.51 USD,https://bytebuy.store/product/aliexpress-25-40-1005008596968776/,https://ae-pic-a1.aliexpress-media.com/kf/S862586ff0b494b6ebdee482ed48f96c7s.jpg,ByteBuy,Engines & Engine Parts,Engines & Engine Parts,aliexpress-25-40
aliexpress-25-40-1005008207481660,Leisure and Business Travel Black Car Stitching Pu Brown Large Capacity Single Shoulder Crossbody Handbag for Men,Category: Travel Bags.,in stock,new,46.74 USD,28.04 USD,https://bytebuy.store/product/aliexpress-25-40-1005008207481660/,https://ae-pic-a1.aliexpress-media.com/kf/Sadd1c4fbd1d34300a142a088ffc541c1a.jpg,ByteBuy,Travel Bags,Travel Bags,aliexpress-25-40
aliexpress-25-40-1005010567290734,New 10.1 inch For Commax CAV-1020MGX + Capacitive touch screen panel repair and replacement parts,Category: Tablet Accessories & Parts.,in stock,new,31.88 USD,30.92 USD,https://bytebuy.store/product/aliexpress-25-40-1005010567290734/,https://ae-pic-a1.aliexpress-media.com/kf/Sa601ccc9f36b478babfac28e11d1317cu.jpg,ByteBuy,Tablet Accessories & Parts,Tablet Accessories & Parts,aliexpress-25-40
aliexpress-25-40-1005009373982957,AB59-Car Headlight Rubber Sealing Strip Trim For Mercedes-Benz S-Class W220 S280 S350 S430 S500 S600 2003-2005 2208260791GC,Category: Exterior Accessories.,in stock,new,60.40 USD,28.99 USD,https://bytebuy.store/product/aliexpress-25-40-1005009373982957/,https://ae-pic-a1.aliexpress-media.com/kf/Sc80db4ed6ab84e8db1c9ef315e7d2223B.jpg,ByteBuy,Exterior Accessories,Exterior Accessories,aliexpress-25-40
aliexpress-25-40-1005009895215052,Men Retro Party 70s Disco Costume Clubwear Shiny Hippie Jumpsuit Flares Tassel Pants Metallic Romper Halloween Cosplay Costume,Category: Cosplay Costumes.,in stock,new,58.23 USD,30.86 USD,https://bytebuy.store/product/aliexpress-25-40-1005009895215052/,https://ae-pic-a1.aliexpress-media.com/kf/Se78f7112a001495c82628b9cc4d2fb570.jpg,ByteBuy,Cosplay Costumes,Cosplay Costumes,aliexpress-25-40
aliexpress-25-40-32952115668,51mm 53mm 57mm 58mm Coffee Tamper Elasticity Adjustable 304 Stainless Steel Aluminum Handle Pressure Hammer Accessories,"Category: Kitchen,Dining & Bar.",in stock,new,42.00 USD,38.70 USD,https://bytebuy.store/product/aliexpress-25-40-32952115668/,https://ae-pic-a1.aliexpress-media.com/kf/H07d9fb5f601145ecb50a02ad5815667aj.jpg,ByteBuy,"Kitchen,Dining & Bar","Kitchen,Dining & Bar",aliexpress-25-40
aliexpress-25-40-1005010352848067,Windscreen Wind Shield Cover For KAWASAKI Z900 Z900SE Z 900 SE 2025 2026 Motorcycle Touring Windshield Deflector Protector,Category: Motorcycle Parts.,in stock,new,49.07 USD,32.88 USD,https://bytebuy.store/product/aliexpress-25-40-1005010352848067/,https://ae-pic-a1.aliexpress-media.com/kf/Sf397ec47c2904ff583dd5daaa59d62c3F.jpg,ByteBuy,Motorcycle Parts,Motorcycle Parts,aliexpress-25-40
aliexpress-25-40-1005009868384583,X-TIGER Cycling Jacket Windproof and Warm Mountain Bike Vest Sleeveless Cycling Jacket Lightweight Cycling Top Reflective Vest,Category: Cycling.,in stock,new,54.87 USD,25.79 USD,https://bytebuy.store/product/aliexpress-25-40-1005009868384583/,https://ae-pic-a1.aliexpress-media.com/kf/S425b872855734fc9a22404e9b55c522ab.jpg,ByteBuy,Cycling,Cycling,aliexpress-25-40
aliexpress-25-40-1005006311214962,ASIACOM Mtb Handlebars And Stem 28.6mm-17Degree Carbon Integrated Cockpit Handlebar For Mountain Bike 660~800mm Bicycle Parts,Category: Cycling.,in stock,new,55.35 USD,27.12 USD,https://bytebuy.store/product/aliexpress-25-40-1005006311214962/,https://ae-pic-a1.aliexpress-media.com/kf/S7a43e8848c3149eba24057a6b626a28e0.jpg,ByteBuy,Cycling,Cycling,aliexpress-25-40
aliexpress-25-40-1005012794554600,Perfectly Fit Navigation Screen Rear Storage Accessories For Your For Mercedes Model For W447/V CLASS Year 16 20,Category: Interior Parts.,in stock,new,72.37 USD,36.19 USD,https://bytebuy.store/product/aliexpress-25-40-1005012794554600/,https://ae-pic-a1.aliexpress-media.com/kf/S1d804905e8c04da0860c3cd1b2c5d209J.jpeg,ByteBuy,Interior Parts,Interior Parts,aliexpress-25-40
aliexpress-25-40-1005009888360539,Automobile Accessories Car Air Filter Element For BMW 5' 7' F01 F02 F07 F10 F11 520D 525D 530D 730D 740D 1Pcs,Category: Wear Parts.,in stock,new,60.65 USD,30.33 USD,https://bytebuy.store/product/aliexpress-25-40-1005009888360539/,https://ae-pic-a1.aliexpress-media.com/kf/Sef6cbd4403e24b5b8b8a12b70be94a787.jpg,ByteBuy,Wear Parts,Wear Parts,aliexpress-25-40
aliexpress-25-40-1005012085359089,Summer Women Shirt Cotton Embroidery Flowers Tops Loose Korean Lady Loose Blouse shirt Mori Girl,Category: Shirts & Blouses.,in stock,new,59.92 USD,29.36 USD,https://bytebuy.store/product/aliexpress-25-40-1005012085359089/,https://ae-pic-a1.aliexpress-media.com/kf/S0e437f64807f438f977eaab1aa4a1227o.jpg,ByteBuy,Shirts & Blouses,Shirts & Blouses,aliexpress-25-40
aliexpress-25-40-1005011761622500,Pant Set Women Two Piece Sets Turn Down Collar Full Sleeve Striped Tops Wide Leg Long Pants High Waist Y2k Streetwear 2026,Category: Matching Sets.,in stock,new,50.03 USD,26.52 USD,https://bytebuy.store/product/aliexpress-25-40-1005011761622500/,https://ae-pic-a1.aliexpress-media.com/kf/S01dc0bb98d0d4ebd9f05b86ba5cc6f8be.jpg,ByteBuy,Matching Sets,Matching Sets,aliexpress-25-40
aliexpress-25-40-1005013131226483,Black Electric Window Switch for Alfa For For 940 2010-2019 Driver Door Window Operation OEM Spec Black Electric,Category: Interior Parts.,in stock,new,61.29 USD,30.65 USD,https://bytebuy.store/product/aliexpress-25-40-1005013131226483/,https://ae-pic-a1.aliexpress-media.com/kf/S497b86e0aecf42359cecdf817f9e9abd7.jpeg,ByteBuy,Interior Parts,Interior Parts,aliexpress-25-40
aliexpress-25-40-1005011638881125,For Nissan Tiida C11 C12 C13 2004~2018 Wiper Blade Car Accessories Stickers Windshield Wipers 2005 2012 2013 2014 2015 2016 2017,Category: Wear Parts.,in stock,new,60.37 USD,28.37 USD,https://bytebuy.store/product/aliexpress-25-40-1005011638881125/,https://ae-pic-a1.aliexpress-media.com/kf/S2594f1addc494462ac4662e06f5b759bW.jpg,ByteBuy,Wear Parts,Wear Parts,aliexpress-25-40
aliexpress-25-40-1005012429284152,European Designer Narrow Band Flip Flops Women High Heels Slippers Yellow Leather Thong Sandalias Mujer Chunky Heel Pantuflas,Category: Women's Shoes.,in stock,new,44.94 USD,31.46 USD,https://bytebuy.store/product/aliexpress-25-40-1005012429284152/,https://ae-pic-a1.aliexpress-media.com/kf/S022ed98f95774bfc8117ee2f7b1e61a7p.jpg,ByteBuy,Women's Shoes,Women's Shoes,aliexpress-25-40
aliexpress-25-40-1005010670780783,For BYD M9 2025 2026 2027 Car Front Rear wheels Mudguard Flaps Mud Skin Cover Guards Fenders Splash Parts Accessories,Category: Exterior Parts.,in stock,new,74.90 USD,35.95 USD,https://bytebuy.store/product/aliexpress-25-40-1005010670780783/,https://ae-pic-a1.aliexpress-media.com/kf/Sbc7e7086c1d04abfbe58207845bf4d18e.png,ByteBuy,Exterior Parts,Exterior Parts,aliexpress-25-40
aliexpress-25-40-1005011638759354,For Geely MK Cross MR Hatchback Saloon 2005 2006 2008 2010 2012 2015 2016 2018 2019 2020 2021 2022 THREE Rubber Car Wiper Blade,Category: Wear Parts.,in stock,new,58.99 USD,27.73 USD,https://bytebuy.store/product/aliexpress-25-40-1005011638759354/,https://ae-pic-a1.aliexpress-media.com/kf/S6ea0b7bfa3e7496291a72cb45ad998f2J.jpg,ByteBuy,Wear Parts,Wear Parts,aliexpress-25-40
aliexpress-25-40-1005010486511058,For CF Moto ST125 Motorcycle Whole Exhaust System Header Link Pipe Slip On 51mm Muffler Stainless Steel Escape With DB Killer,Category: Motorcycle Parts.,in stock,new,47.00 USD,33.84 USD,https://bytebuy.store/product/aliexpress-25-40-1005010486511058/,https://ae-pic-a1.aliexpress-media.com/kf/S74ab49db73d843308ccb512e17b75c0fJ.jpg,ByteBuy,Motorcycle Parts,Motorcycle Parts,aliexpress-25-40
aliexpress-25-40-1005009124453452,4 Pcs Suspension Kit Front & Rear Sway Bar End Links For Mini Cooper R50 R53 R55 R56 2007-2014 33506772789 31356778831,Category: Chassis Parts.,in stock,new,63.46 USD,33.00 USD,https://bytebuy.store/product/aliexpress-25-40-1005009124453452/,https://ae-pic-a1.aliexpress-media.com/kf/S07a941df3522465ba3d6966413f425a1f.jpg,ByteBuy,Chassis Parts,Chassis Parts,aliexpress-25-40
aliexpress-25-40-1005013087920447,Human Remy Hair Hair Extensions 7pcs 26inch Straight Clip In Hairpiece #60 #30 Increase Fullness & Texture Everyday Wholesale,Category: Human Hair (For White).,in stock,new,55.01 USD,34.11 USD,https://bytebuy.store/product/aliexpress-25-40-1005013087920447/,https://ae-pic-a1.aliexpress-media.com/kf/S5036be0683754f37969575b5af998311e.png,ByteBuy,Human Hair (For White),Human Hair (For White),aliexpress-25-40
aliexpress-25-40-1005009464513434,Korean New Fashion Classical Rivet Designer Soft Leather Travel Backpacks Women's High Capacity Shoulder Bags Crossbody Backpack,Category: Backpack.,in stock,new,55.78 USD,31.80 USD,https://bytebuy.store/product/aliexpress-25-40-1005009464513434/,https://ae-pic-a1.aliexpress-media.com/kf/S6fffed5c8c5946c0917fc10a800c7b72k.png,ByteBuy,Backpack,Backpack,aliexpress-25-40
aliexpress-25-40-1005010713836435,Golden White Dragon Luxury Pattern Walking Stick Party Fashion Elegant Cospaly Cane Knob Crosier 89cm Performance Stage Cane,Category: Fashionable Canes.,in stock,new,69.70 USD,34.85 USD,https://bytebuy.store/product/aliexpress-25-40-1005010713836435/,https://ae-pic-a1.aliexpress-media.com/kf/S983f1ca5f5d649388df14950ac19ce77S.jpg,ByteBuy,Fashionable Canes,Fashionable Canes,aliexpress-25-40
aliexpress-25-40-1005012021091250,Simple Minimalist Letter Logo Diaper Bags For Women Elegant Designer Crossbody Bag Large Capacity Leather Tote Bag Stylish,Category: Baby Strollers&Accessories.,in stock,new,84.98 USD,39.94 USD,https://bytebuy.store/product/aliexpress-25-40-1005012021091250/,https://ae-pic-a1.aliexpress-media.com/kf/S04deebc6ec634ece9b070805a78124d23.jpg,ByteBuy,Baby Strollers&Accessories,Baby Strollers&Accessories,aliexpress-25-40
aliexpress-25-40-1005013191536290,"Spot, glasses factory, magic girl Xiaoyuan, deer eye circle, Xiaomei flame, Bamama Meizakura apricot, ornament, chassis.",Category: Action & Toy Figures.,in stock,new,41.34 USD,27.70 USD,https://bytebuy.store/product/aliexpress-25-40-1005013191536290/,https://ae-pic-a1.aliexpress-media.com/kf/Se2800272359b4bf59287749b1190af48B.jpg,ByteBuy,Action & Toy Figures,Action & Toy Figures,aliexpress-25-40
aliexpress-25-40-1005013189995479,2026 New Short Thicken Warm Cotton Padded Jacket With Stand Collar Featuring Cable-Knit Sleeves Cotton Coat Women Winter Parkas,Category: Parkas.,in stock,new,54.08 USD,27.04 USD,https://bytebuy.store/product/aliexpress-25-40-1005013189995479/,https://ae-pic-a1.aliexpress-media.com/kf/Sf9081a9f645947f2bedb38b575e2e493S.jpg,ByteBuy,Parkas,Parkas,aliexpress-25-40
aliexpress-25-40-1005012430493383,Cooling Fan for Lenovo ThinkPad L14 Gen5 AMD Version 5F10Z58263 5F10Z58264,Category: Laptop Parts & Accessories.,in stock,new,35.95 USD,34.51 USD,https://bytebuy.store/product/aliexpress-25-40-1005012430493383/,https://ae-pic-a1.aliexpress-media.com/kf/Sa67d08f4203e45d398d3e338d6160e9eT.jpg,ByteBuy,Laptop Parts & Accessories,Laptop Parts & Accessories,aliexpress-25-40
aliexpress-25-40-1005008962465061,Chinese Yixing Purple Clay Teapot Tradition Handmade Tea Pot Beauty Tea Infuser Kettle Raw Ore Zisha Tea Set Teaware 220ml,"Category: Kitchen,Dining & Bar.",in stock,new,57.40 USD,26.40 USD,https://bytebuy.store/product/aliexpress-25-40-1005008962465061/,https://ae-pic-a1.aliexpress-media.com/kf/S052a26cfb66c47fdb12b41d2dec7ef58p.jpg,ByteBuy,"Kitchen,Dining & Bar","Kitchen,Dining & Bar",aliexpress-25-40
aliexpress-25-40-1005012682975732,For 2009-2026 Toyota LC71 LC76 LC79 ABS black car passenger dashboard glove box partition storage box car accessories,Category: Interior Accessories.,in stock,new,43.75 USD,33.25 USD,https://bytebuy.store/product/aliexpress-25-40-1005012682975732/,https://ae-pic-a1.aliexpress-media.com/kf/S2f467a4fd16b43a09fd7ca24e8fabccdf.jpg,ByteBuy,Interior Accessories,Interior Accessories,aliexpress-25-40
aliexpress-25-40-1005012833749586,In Stock Genuine Bandai Gundam Universe Mobile Suit Gundam Unicorn Msn-06S Sinanju Figure Anime Model Action Boxed Toys Gifts,Category: Action & Toy Figures.,in stock,new,42.69 USD,26.47 USD,https://bytebuy.store/product/aliexpress-25-40-1005012833749586/,https://ae-pic-a1.aliexpress-media.com/kf/S2eee971b5bd84a26ad792066edeec7334.jpg,ByteBuy,Action & Toy Figures,Action & Toy Figures,aliexpress-25-40
aliexpress-25-40-1005012720109251,Mens Invisible Elevator Leather Shoes Young Casual Business High End Breathable Wedding Groom Formal Shoes,Category: Men's Shoes.,in stock,new,60.17 USD,34.90 USD,https://bytebuy.store/product/aliexpress-25-40-1005012720109251/,https://ae-pic-a1.aliexpress-media.com/kf/S5ce99b40b8f74c988e7602e5fc3c1817S.jpg,ByteBuy,Men's Shoes,Men's Shoes,aliexpress-25-40
aliexpress-25-40-1005012852664769,Fish tank Submersible pump fish pond circulating pumping pump fountain water exchange and filtration rockery waterfall pump,"Category: Packaging, Printing & Supporting Equipment.",in stock,new,28.59 USD,26.30 USD,https://bytebuy.store/product/aliexpress-25-40-1005012852664769/,https://ae-pic-a1.aliexpress-media.com/kf/S6f458f8dc4504336ac2de59857c6d3cfC.jpg,ByteBuy,"Packaging, Printing & Supporting Equipment","Packaging, Printing & Supporting Equipment",aliexpress-25-40
aliexpress-25-40-1005012138489737,Men's Cargo Shorts Summer Fashion Sports Casual 5-Point Pants Simple Versatile Daily Outing Comfortable Trousers Multi-Pocket,Category: Shorts.,in stock,new,58.13 USD,27.90 USD,https://bytebuy.store/product/aliexpress-25-40-1005012138489737/,https://ae-pic-a1.aliexpress-media.com/kf/Sb743f0d4f59c480c90da1a36fcb63794u.jpg,ByteBuy,Shorts,Shorts,aliexpress-25-40
aliexpress-25-40-1005013177784594,Motorcycle Rear Disc Brake Cover Guard Disc Bracket Protector For Honda CRF250L M CRF300L Rally 2023-2012 CRF 250L 250M 300L,Category: Modification&Protection.,in stock,new,44.19 USD,34.47 USD,https://bytebuy.store/product/aliexpress-25-40-1005013177784594/,https://ae-pic-a1.aliexpress-media.com/kf/Sc03c9ef0fc194beaa92285821cac54ddn.jpg,ByteBuy,Modification&Protection,Modification&Protection,aliexpress-25-40
aliexpress-25-40-1005013079930684,"3Pcs 16 Inch Green Boys Backpack Set, Cool Tank & Fighter Jet Print School Bookbag with Handbag & Pen Pouch for Kids",Category: Kids Accessories.,in stock,new,58.99 USD,28.31 USD,https://bytebuy.store/product/aliexpress-25-40-1005013079930684/,https://ae-pic-a1.aliexpress-media.com/kf/Sd9975f29b5914554a0652527aae2ded0O.jpg,ByteBuy,Kids Accessories,Kids Accessories,aliexpress-25-40
aliexpress-25-40-1005013062849517,Black Gilded Silver Japanese Style Teapot Kettle Coarse pottery Tea Making Device Tea Infuser Tea Kettle Chinese Small Pot,"Category: Kitchen,Dining & Bar.",in stock,new,50.74 USD,25.37 USD,https://bytebuy.store/product/aliexpress-25-40-1005013062849517/,https://ae-pic-a1.aliexpress-media.com/kf/See246d2b8d7b412987d7a06035e3a79bC.jpg,ByteBuy,"Kitchen,Dining & Bar","Kitchen,Dining & Bar",aliexpress-25-40
aliexpress-25-40-1005008422960645,LEQUEEN Maternity Tote Bags Baby Diaper Organizer Large Capacity Mommy Bag Travel Multifunctional Nappy Baby Stroller Bag,Category: Activity & Gear.,in stock,new,38.69 USD,29.02 USD,https://bytebuy.store/product/aliexpress-25-40-1005008422960645/,https://ae-pic-a1.aliexpress-media.com/kf/S17fdc6682dcb406d903a8b66c7dbfcfeo.jpg,ByteBuy,Activity & Gear,Activity & Gear,aliexpress-25-40
aliexpress-25-40-1005012122509885,2026 Summer New Women's 12CM Height Increase Platform Sandals Boots Belt Buckle Chunky Sole Mesh Boots Breathable High Heel,Category: Women's Shoes.,in stock,new,37.50 USD,36.37 USD,https://bytebuy.store/product/aliexpress-25-40-1005012122509885/,https://ae-pic-a1.aliexpress-media.com/kf/S9214f9913e0b48a5a1dfe89b3dc50111y.jpg,ByteBuy,Women's Shoes,Women's Shoes,aliexpress-25-40
aliexpress-25-40-1005013279285749,BKYC Men's Wide Leg Pants High Waist Trousers Casual Loose Floor Length Deconstructed Patchwork Design Summer Fashion,Category: Suits & Blazer.,in stock,new,54.06 USD,37.84 USD,https://bytebuy.store/product/aliexpress-25-40-1005013279285749/,https://ae-pic-a1.aliexpress-media.com/kf/S49d248e11d6045979d4047d8d4fdd2a0Q.jpg,ByteBuy,Suits & Blazer,Suits & Blazer,aliexpress-25-40
aliexpress-25-40-1005008301935092,13cm Black Wedge Sandals Women Pink Flower Print Platform High Heels Slippers Summer Ladies Shoes Silver 13CM Heeled Sandals,Category: Women's Shoes.,in stock,new,94.26 USD,34.88 USD,https://bytebuy.store/product/aliexpress-25-40-1005008301935092/,https://ae-pic-a1.aliexpress-media.com/kf/Sc413d6deb97c406dbed3b1a84cc213c3u.jpg,ByteBuy,Women's Shoes,Women's Shoes,aliexpress-25-40
aliexpress-25-40-1005012782641079,3200 Essential Chinese Cultural Facts for Kids 1600 Key Exam Points from Classics Easy Study Guide for Primary Middle School,Category: Books.,in stock,new,64.23 USD,30.83 USD,https://bytebuy.store/product/aliexpress-25-40-1005012782641079/,https://ae-pic-a1.aliexpress-media.com/kf/Sf7ac78ad47924fc49e93971a77ac806bL.jpg,ByteBuy,Books,Books,aliexpress-25-40
aliexpress-25-40-1005010252997537,XL508 Lefei Fashion Luxury Classic Moissanite Color D Flower Heart Necklace For Charms Women s925 Sterling Silver Party Jewelry,Category: Fine Jewelry.,in stock,new,77.90 USD,27.27 USD,https://bytebuy.store/product/aliexpress-25-40-1005010252997537/,https://ae-pic-a1.aliexpress-media.com/kf/S2e445b73203546f6b80166d419f79173Z.jpg,ByteBuy,Fine Jewelry,Fine Jewelry,aliexpress-25-40
aliexpress-25-40-1005013096395267,Motorcycle Accessories CNC Engine Stator Cover Case Slider Protector For S1000R S1000 R S 1000 R 2014-2018,Category: Modification&Protection.,in stock,new,61.37 USD,28.84 USD,https://bytebuy.store/product/aliexpress-25-40-1005013096395267/,https://ae-pic-a1.aliexpress-media.com/kf/Sba9d6b56b2ec4992a873dfeda745bf6ft.jpg,ByteBuy,Modification&Protection,Modification&Protection,aliexpress-25-40
aliexpress-25-40-1005012638401636,"Electric Spray Mechanical Dinosaur Toy, Walking Light Sound Egg-laying Movable Joints, Boys Educational Toy Birthday Gift",Category: Electronic Toys.,in stock,new,58.88 USD,28.26 USD,https://bytebuy.store/product/aliexpress-25-40-1005012638401636/,https://ae-pic-a1.aliexpress-media.com/kf/Sa9cea02337c94b599d8a34c3ba8353b0J.jpg,ByteBuy,Electronic Toys,Electronic Toys,aliexpress-25-40
aliexpress-25-40-1005006453992533,Woodworking 3 In 1 Dowelling Jig Universal Dowel Cam Jig Wood Hole Drilling Guide Locator Adjustable Pocket Hole Jig Kit,Category: Tool Sets.,in stock,new,77.86 USD,37.37 USD,https://bytebuy.store/product/aliexpress-25-40-1005006453992533/,https://ae-pic-a1.aliexpress-media.com/kf/S7102cbb43daa4fd6af755b8306e00f427.jpg,ByteBuy,Tool Sets,Tool Sets,aliexpress-25-40
aliexpress-25-40-1005012440197430,KABAO Official Anime Fairy Tail Collection Card Erza Scarlet Gray Fullbuster Wendy Marvell Cartoon Cute Q-Version Character Card,Category: Hobby & Collectibles.,in stock,new,37.32 USD,30.60 USD,https://bytebuy.store/product/aliexpress-25-40-1005012440197430/,https://ae-pic-a1.aliexpress-media.com/kf/S305edae45b9b4f779ba8fcf60a3fc1c8m.jpg,ByteBuy,Hobby & Collectibles,Hobby & Collectibles,aliexpress-25-40
aliexpress-25-40-1005009888158108,Creality Original Replace K1 Extrusion Kit (No Motor) for 2024 K1/K1 Max/K1C/Ender-3 V3/Ender-3 V3 Plus/K1 SE 3d Printer Parts,Category: 3D Printing & Additive Manufacturing.,in stock,new,44.94 USD,26.07 USD,https://bytebuy.store/product/aliexpress-25-40-1005009888158108/,https://ae-pic-a1.aliexpress-media.com/kf/Aa6545a14c9d74001923024487f2a8509l.png,ByteBuy,3D Printing & Additive Manufacturing,3D Printing & Additive Manufacturing,aliexpress-25-40
aliexpress-25-40-1005013080465579,Race Suit Team Skinsuit Team Speed Skating Triathlon Suit Men Inline Speed Skating Tights Racing Suit Ropa Ciclismo 2027,Category: Cycling.,in stock,new,64.80 USD,35.64 USD,https://bytebuy.store/product/aliexpress-25-40-1005013080465579/,https://ae-pic-a1.aliexpress-media.com/kf/Sea60ec78cc3f488b819e7a04cf466e32d.jpg,ByteBuy,Cycling,Cycling,aliexpress-25-40
aliexpress-25-40-1005010267396062,Plastic Pen Disposable Weight Loss Injection Pen 3ml Dose Control Injection Rotating Press Injection Pen for Adults and Families,Category: Health Care.,in stock,new,70.63 USD,32.49 USD,https://bytebuy.store/product/aliexpress-25-40-1005010267396062/,https://ae-pic-a1.aliexpress-media.com/kf/Sc023f634528f4f58b8491db365378288Y.jpg,ByteBuy,Health Care,Health Care,aliexpress-25-40
aliexpress-25-40-1005011768166591,1pc Left/Right ABS Sliver Headlight Trim Ring Fits For Mini Cooper 2007-2015 R55 R56 R57 R58 R59 51137149905 51137149906,Category: Car Lights.,in stock,new,45.16 USD,35.22 USD,https://bytebuy.store/product/aliexpress-25-40-1005011768166591/,https://ae-pic-a1.aliexpress-media.com/kf/H368df30747ef4c16bffaa8795fa30689X.jpg,ByteBuy,Car Lights,Car Lights,aliexpress-25-40
aliexpress-25-40-1005012221887396,Mud Flaps For Mercedes-Benz Viano Vito 2012-2015 Front Rear All-Weather Splash Guards Easy Installation Replacement Parts,Category: Exterior Parts.,in stock,new,131.78 USD,36.90 USD,https://bytebuy.store/product/aliexpress-25-40-1005012221887396/,https://ae-pic-a1.aliexpress-media.com/kf/S2b5ee7eb5670447a864f607795b70694s.jpg,ByteBuy,Exterior Parts,Exterior Parts,aliexpress-25-40
aliexpress-25-40-1005012855051681,Marine-Grade Powerhead Gasket Kit for Johnson/Evinrude 25/35HP 2Cyl | 433941 18-4307 Replacement,Category: Other Vehicle Parts & Accessories.,in stock,new,43.29 USD,35.70 USD,https://bytebuy.store/product/aliexpress-25-40-1005012855051681/,https://ae-pic-a1.aliexpress-media.com/kf/Sef9c038794db473c9b8f18f309050ee8Q.jpg,ByteBuy,Other Vehicle Parts & Accessories,Other Vehicle Parts & Accessories,aliexpress-25-40
aliexpress-25-40-1005008189713272,Kemei 1556 Professional Rechargeable Trimmer Cordless Electric Hair Clipper Men Beard Trimmer Zero Gapped Hair Cutting Machine,Category: Personal Care Appliances.,in stock,new,52.09 USD,26.04 USD,https://bytebuy.store/product/aliexpress-25-40-1005008189713272/,https://ae-pic-a1.aliexpress-media.com/kf/S6aa459b26e77439a8eb021580ad47ba7o.jpg,ByteBuy,Personal Care Appliances,Personal Care Appliances,aliexpress-25-40
aliexpress-25-40-1005012525485327,Gentleman Low Heel Leather Shoes Classic Mens British Style Oxford Dress Shoes Leather Men Handmade Lace Up Formal Wedding Shoes,Category: Men's Shoes.,in stock,new,58.42 USD,29.21 USD,https://bytebuy.store/product/aliexpress-25-40-1005012525485327/,https://ae-pic-a1.aliexpress-media.com/kf/S64a23f2e22444faaa71cabc987e19edaX.jpg,ByteBuy,Men's Shoes,Men's Shoes,aliexpress-25-40
aliexpress-25-40-1005012849903892,Carry On Travel Duffel Bag Large Capacity Weekender Gym Bag with Shoe Waterproof Overnight Luggage Bag for Women Travel Fitness,Category: Sport Bags.,in stock,new,76.43 USD,36.69 USD,https://bytebuy.store/product/aliexpress-25-40-1005012849903892/,https://ae-pic-a1.aliexpress-media.com/kf/S104220d8f2874486896f478f2a65d7bbo.jpg,ByteBuy,Sport Bags,Sport Bags,aliexpress-25-40
aliexpress-25-40-1005011842002361,Bronze Retro Skeleton Automatic Mechanical Watch for Men Luminous Hand Brown Genuine Leather Belt Luxury Brand Steampunk Watches,Category: Men's Watches.,in stock,new,63.87 USD,29.38 USD,https://bytebuy.store/product/aliexpress-25-40-1005011842002361/,https://ae-pic-a1.aliexpress-media.com/kf/S3c9033b68e6f4f31aafbb32c76badfffg.jpg,ByteBuy,Men's Watches,Men's Watches,aliexpress-25-40
aliexpress-25-40-1005012755997715,2Pcs Stainless Steel Electric Pepper Grinder Spices Sea Salt Kitchen Outdoor Barbecue Seasoning Coarser Adjustment Cooking Tools,"Category: Kitchen,Dining & Bar.",in stock,new,56.28 USD,26.45 USD,https://bytebuy.store/product/aliexpress-25-40-1005012755997715/,https://ae-pic-a1.aliexpress-media.com/kf/Scd7148174ba1469bb99722429e7e6f579.jpg,ByteBuy,"Kitchen,Dining & Bar","Kitchen,Dining & Bar",aliexpress-25-40
aliexpress-25-40-1005012977071612,Kayou My Little Pony Series 3 Magic Tailor Cut Tin Badge Blind Box Brooch Pin Rare Collectible Anime Merchandise For Hobby Fans,Category: Hobby & Collectibles.,in stock,new,29.93 USD,28.73 USD,https://bytebuy.store/product/aliexpress-25-40-1005012977071612/,https://ae-pic-a1.aliexpress-media.com/kf/S3cdeaf77bc0b4eefb2322eb0391b3301H.jpg,ByteBuy,Hobby & Collectibles,Hobby & Collectibles,aliexpress-25-40
aliexpress-25-40-1005007796479688,LHD Footrest Brake Accelerator Gas Pedal Cover For Hyundai Sonata Tucson Santa Fe Palisade Kia Sportage Sorento Optima K5 G70,Category: Interior Parts.,in stock,new,28.28 USD,26.54 USD,https://bytebuy.store/product/aliexpress-25-40-1005007796479688/,https://ae-pic-a1.aliexpress-media.com/kf/S09b4f50af44048debbbd99c0d296b824e.jpg,ByteBuy,Interior Parts,Interior Parts,aliexpress-25-40
aliexpress-25-40-1005008443312551,Autumn Winter 100% Merino Wool Knitwear Wool Shawl Women Sweater Cardigan With Pocket Wool Loose Coat Spring Loose Soft Clothing,Category: Sweaters&Jumpers.,in stock,new,67.23 USD,39.67 USD,https://bytebuy.store/product/aliexpress-25-40-1005008443312551/,https://ae-pic-a1.aliexpress-media.com/kf/S3c12b254fc2c40e78b0ff8703ddfad7eo.jpg,ByteBuy,Sweaters&Jumpers,Sweaters&Jumpers,aliexpress-25-40
aliexpress-25-40-1005013195045525,BLP865 for OPPO K9 Pro 5G/PEYM00 Mobile Phone Battery High Quality High Capacity Replacement Bateria Grade A Cell with Tools,Category: Mobile Phone Parts.,in stock,new,33.13 USD,31.47 USD,https://bytebuy.store/product/aliexpress-25-40-1005013195045525/,https://ae-pic-a1.aliexpress-media.com/kf/S88fdee4e443f409fa73c64dd41fe2456a.jpg,ByteBuy,Mobile Phone Parts,Mobile Phone Parts,aliexpress-25-40
aliexpress-25-40-1005008358657241,Mudguards For Ford Explorer 2020-2021 4 PCS Front Rear Fender Mud Flaps Guard Splash Flap Mudguard Car Accessories,Category: Exterior Parts.,in stock,new,35.94 USD,26.60 USD,https://bytebuy.store/product/aliexpress-25-40-1005008358657241/,https://ae-pic-a1.aliexpress-media.com/kf/Sd89b1f2bc5a449e5b47741f0502643ffs.jpg,ByteBuy,Exterior Parts,Exterior Parts,aliexpress-25-40
aliexpress-25-40-1005012959672112,411pcs MOC AH2-WOLFHOUND Creator Model Building Blocks Toys Assemble Education 3D Collection Brick Creative DIY Display Art,Category: Building & Construction Toys.,in stock,new,50.55 USD,32.35 USD,https://bytebuy.store/product/aliexpress-25-40-1005012959672112/,https://ae-pic-a1.aliexpress-media.com/kf/S1ea351555a484140bfb00c702556984aT.jpg,ByteBuy,Building & Construction Toys,Building & Construction Toys,aliexpress-25-40
aliexpress-25-40-1005012360500530,New Spring Summer Fashion Sleeveless Small Vest High Waist Nine-point Pants Two-piece Set European American Women' Clothing 2026,Category: Matching Sets.,in stock,new,60.97 USD,30.49 USD,https://bytebuy.store/product/aliexpress-25-40-1005012360500530/,https://ae-pic-a1.aliexpress-media.com/kf/S8cc1acc67f3048bfb134187048fcff62f.jpg,ByteBuy,Matching Sets,Matching Sets,aliexpress-25-40
aliexpress-25-40-1005012780847335,Korean Summer Women's Vintage Blue Ripped Denim Shorts Y2k Harajuku High-Waist Thin Jean Shorts Casual Loose Knee Length Shorts,Category: Jeans（New）.,in stock,new,29.21 USD,27.20 USD,https://bytebuy.store/product/aliexpress-25-40-1005012780847335/,https://ae-pic-a1.aliexpress-media.com/kf/S6b3674c1315c4ccd87e11bffdd3c527dZ.jpg,ByteBuy,Jeans（New）,Jeans（New）,aliexpress-25-40
aliexpress-25-40-1005012476370076,Jinhsi Wuthering Waves 24cm Anime Removable Dragon Horns Figure Model Pillow Original Game Plush Back Cushion Halloween Gifts,Category: Cosplay Costumes.,in stock,new,41.84 USD,38.07 USD,https://bytebuy.store/product/aliexpress-25-40-1005012476370076/,https://ae-pic-a1.aliexpress-media.com/kf/Sb728ed593df3471196b2456f11bf3a65O.jpg,ByteBuy,Cosplay Costumes,Cosplay Costumes,aliexpress-25-40
aliexpress-25-40-1005012775861382,Cute Rilakkuma Ceramic Breakfast Plate Set Luxury Home Tableware Creative Sauce Dish Dinner Plate Kitchen Serving Set,"Category: Kitchen,Dining & Bar.",in stock,new,55.59 USD,25.02 USD,https://bytebuy.store/product/aliexpress-25-40-1005012775861382/,https://ae-pic-a1.aliexpress-media.com/kf/S7f4bf84b684140379f5184e3443736f70.jpg,ByteBuy,"Kitchen,Dining & Bar","Kitchen,Dining & Bar",aliexpress-25-40
aliexpress-25-40-1005013023670715,For CF 800NK 800 NK short-tailed license plate frame refitted aluminum alloy license plate bracket special competitive accessori,Category: Modification&Protection.,in stock,new,67.11 USD,30.87 USD,https://bytebuy.store/product/aliexpress-25-40-1005013023670715/,https://ae-pic-a1.aliexpress-media.com/kf/S62dbb6f6fb214041832d205d964f5411Z.jpg,ByteBuy,Modification&Protection,Modification&Protection,aliexpress-25-40
aliexpress-25-40-1005012772532886,20cm Anime Game Genshin Impact Lohen Kawaii Cosplay Cotton Doll With Clothes Set Cartoon DIY Dress Up Plushies Toy Figures Gift,Category: Dolls & Accessories.,in stock,new,56.55 USD,29.40 USD,https://bytebuy.store/product/aliexpress-25-40-1005012772532886/,https://ae-pic-a1.aliexpress-media.com/kf/S51fac57aa7574a81b4b3183fd7433333V.jpg,ByteBuy,Dolls & Accessories,Dolls & Accessories,aliexpress-25-40
aliexpress-25-40-1005009658749533,Women Court Princess Style Velvet Hooded Robe Winter New Soft Bathrobe Flannel Bath Robes Sexy Lace Wedding Dressing Gown,Category: Women's Sleep & Lounge.,in stock,new,41.12 USD,30.02 USD,https://bytebuy.store/product/aliexpress-25-40-1005009658749533/,https://ae-pic-a1.aliexpress-media.com/kf/S57e81a3dcfe9459f9cf1d18fb6970d52X.jpg,ByteBuy,Women's Sleep & Lounge,Women's Sleep & Lounge,aliexpress-25-40
aliexpress-25-40-1005012186230990,LIGE 2026 New Military 1000mAh Battery Smart Watch IP68 Waterproof Flashlight UV Lamp Heart Rate Sports Fitness Smartwatch Men,Category: Smart Electronics.,in stock,new,43.06 USD,37.81 USD,https://bytebuy.store/product/aliexpress-25-40-1005012186230990/,https://ae-pic-a1.aliexpress-media.com/kf/Se37f6b076d9641b9a9e8dfce66c4a375A.png,ByteBuy,Smart Electronics,Smart Electronics,aliexpress-25-40
aliexpress-25-40-1005004215854761,Surpass Hobby Waterproof Brushless KK 3650 3660 3665 3670 3674 Motor for 1/8 1/10 RC Car Drift Racing Off-Road Truck,Category: Remote Control Toys.,in stock,new,43.89 USD,28.09 USD,https://bytebuy.store/product/aliexpress-25-40-1005004215854761/,https://ae-pic-a1.aliexpress-media.com/kf/S9459332e4c624ef289217ae03e554453s.jpg,ByteBuy,Remote Control Toys,Remote Control Toys,aliexpress-25-40
aliexpress-25-40-1005012859295730,New Sensor for PH-Q23S-A1-010 for PH-Q23S-A3-010 with One Year Quality Assurance,Category: Family Intelligence System.,in stock,new,32.87 USD,29.58 USD,https://bytebuy.store/product/aliexpress-25-40-1005012859295730/,https://ae-pic-a1.aliexpress-media.com/kf/S03e02bda10cc48d0a4584873595ae955t.jpg,ByteBuy,Family Intelligence System,Family Intelligence System,aliexpress-25-40
aliexpress-25-40-1005003375115509,SANTUZZA Silver Ring For Women Pure 925 Sterling Silver Sparkling Black Spinel Blue White CZ Cross Daily Wear Ring Fine Jewelry,Category: Fine Jewelry.,in stock,new,39.40 USD,26.00 USD,https://bytebuy.store/product/aliexpress-25-40-1005003375115509/,https://ae-pic-a1.aliexpress-media.com/kf/Sb8a77ca588a549299cf46e9f517085d1J.jpg,ByteBuy,Fine Jewelry,Fine Jewelry,aliexpress-25-40
aliexpress-25-40-1005009885617975,Large Capacity Ins Celebrity Shoulder Bag Punk Style Rivet PU Crossbody Bag Fashion Trendy Casual Versatile Women's Bag,Category: Women's Handbags.,in stock,new,45.52 USD,36.42 USD,https://bytebuy.store/product/aliexpress-25-40-1005009885617975/,https://ae-pic-a1.aliexpress-media.com/kf/Sa75a3b7ba4a74fcf8108d8b715a6723dE.jpg,ByteBuy,Women's Handbags,Women's Handbags,aliexpress-25-40
aliexpress-25-40-1005012121383859,Couple Outdoor Beach Aqua Shoes Quick-drying Men's Upstream Wading Shoes Breathable Women's Gym Training Footwear Yoga Sneakers,Category: Sneakers.,in stock,new,54.56 USD,27.28 USD,https://bytebuy.store/product/aliexpress-25-40-1005012121383859/,https://ae-pic-a1.aliexpress-media.com/kf/S41b00b1b49724b629cd1c819a5aaa3ebK.jpg,ByteBuy,Sneakers,Sneakers,aliexpress-25-40
aliexpress-25-40-1005011826991559,Olivegirl Victorian Vintage Gothic Lolita Shirt Women Elegant Lace Ruffles Flare Long Sleeve Blouse Y2k Aesthetic Girl Punk Tops,Category: Shirts & Blouses.,in stock,new,67.74 USD,39.29 USD,https://bytebuy.store/product/aliexpress-25-40-1005011826991559/,https://ae-pic-a1.aliexpress-media.com/kf/S1f9a1e6eeb1c44fb9208bc1811d98cfft.jpg,ByteBuy,Shirts & Blouses,Shirts & Blouses,aliexpress-25-40
aliexpress-25-40-1005013078873108,Motorcycle Rear Passenger Seat Pillion For Kawasaki Z1000 Z 1000 2014-2020,Category: Motorcycle Parts.,in stock,new,45.44 USD,27.26 USD,https://bytebuy.store/product/aliexpress-25-40-1005013078873108/,https://ae-pic-a1.aliexpress-media.com/kf/Sdc6ec70ff71049ac898f9ea116afabeac.jpg,ByteBuy,Motorcycle Parts,Motorcycle Parts,aliexpress-25-40
aliexpress-25-40-1005007964156936,Motorcycle Engine Guard Crash Bar Protection For Harley Street XG500 XG750 2015-2020 Street Rod XG750A 2017-2020,Category: Modification&Protection.,in stock,new,60.59 USD,38.17 USD,https://bytebuy.store/product/aliexpress-25-40-1005007964156936/,https://ae-pic-a1.aliexpress-media.com/kf/H6272d7e267a64976afb3d78b9094625dk.jpg,ByteBuy,Modification&Protection,Modification&Protection,aliexpress-25-40
aliexpress-25-40-1005011984994527,2025 New Muslim Middle East Arab Dubai Robe Malaysia Men Shirt Islamic Abaya Casual Wear,Category: Middle East Fashion.,in stock,new,72.87 USD,34.25 USD,https://bytebuy.store/product/aliexpress-25-40-1005011984994527/,https://ae-pic-a1.aliexpress-media.com/kf/S5de6ab1dd6164c94a3bef5be117d84fcv.jpg,ByteBuy,Middle East Fashion,Middle East Fashion,aliexpress-25-40
aliexpress-25-40-1005012355668278,Car Front Seat Vent Covers 60911957 60911668 735431348 1617244980 For Relay For Boxer For Fiat Ducato 2006 Front Row-Y79A,Category: Interior Parts.,in stock,new,59.01 USD,28.32 USD,https://bytebuy.store/product/aliexpress-25-40-1005012355668278/,https://ae-pic-a1.aliexpress-media.com/kf/S368225d25e7a49d3909a54442f0482bf8.jpg,ByteBuy,Interior Parts,Interior Parts,aliexpress-25-40
aliexpress-25-40-1005012070746369,Vintage Men's Washed Denim Pants Beige Patchwork Wide Leg Baggy Fit Streetwear Casual Premium Cotton Jeans,Category: Denim（New）.,in stock,new,59.08 USD,29.54 USD,https://bytebuy.store/product/aliexpress-25-40-1005012070746369/,https://ae-pic-a1.aliexpress-media.com/kf/S79f0ad07e0a14738ade60d5d7c11eef6Z.jpg,ByteBuy,Denim（New）,Denim（New）,aliexpress-25-40
aliexpress-25-40-1005012118593011,30774563 Upstream Air Fuel Ratio O2 Oxygen Lambda Sensor For LAND ROVER LR2 POLESTAR 1 JAGUAR XF XJ XK XKR VOLVO 25663 234-9027,Category: Automotive Sensors.,in stock,new,57.19 USD,28.02 USD,https://bytebuy.store/product/aliexpress-25-40-1005012118593011/,https://ae-pic-a1.aliexpress-media.com/kf/Sbd982013174547ba895f9cce25eb42794.jpg,ByteBuy,Automotive Sensors,Automotive Sensors,aliexpress-25-40
aliexpress-25-40-1005007531082360,2024 New Summer Design Open Toe Women Sandals Narrow Band Dress Shoes Platform Wedges Ladies Ankle Strap Gladiator Sandals,Category: Women's Shoes.,in stock,new,44.90 USD,37.72 USD,https://bytebuy.store/product/aliexpress-25-40-1005007531082360/,https://ae-pic-a1.aliexpress-media.com/kf/S0f88d3cf70a54aaab77cc11982cfb212W.jpg,ByteBuy,Women's Shoes,Women's Shoes,aliexpress-25-40
aliexpress-25-40-1005012753049385,Women Camo Wide Leg Jeans Outdoor Street Full Camo Print Vintage Cargo High Waist Floor Length Light Grey Drawstring Denim Pants,Category: Jeans（New）.,in stock,new,79.19 USD,39.60 USD,https://bytebuy.store/product/aliexpress-25-40-1005012753049385/,https://ae-pic-a1.aliexpress-media.com/kf/S5deebd859f97440c9bad119ff715d2c1F.jpg,ByteBuy,Jeans（New）,Jeans（New）,aliexpress-25-40
aliexpress-25-40-1005012682553314,Car Cleaning Brush Car Wash Brush Chenille Broom Telescoping Long Handle Cleaning Mop AUTO Cleaning Tools Car Accessories Amagi,Category: Car Wash & Maintenance.,in stock,new,56.21 USD,27.54 USD,https://bytebuy.store/product/aliexpress-25-40-1005012682553314/,https://ae-pic-a1.aliexpress-media.com/kf/Sb6ce013bf9784ee0a3508a5fcf893669q.jpg,ByteBuy,Car Wash & Maintenance,Car Wash & Maintenance,aliexpress-25-40
aliexpress-25-40-1005012996964193,Electric Shock Penis Plug Ring Horse Eye Rod E-Stim Urethral Sound Catheter Dilator Cock Extender Medical Adult Sex Toys For Men,Category: Sex Products.,in stock,new,37.76 USD,35.88 USD,https://bytebuy.store/product/aliexpress-25-40-1005012996964193/,https://ae-pic-a1.aliexpress-media.com/kf/S2b206b8bfd5b4caaae14ed1d211f3114F.jpg,ByteBuy,Sex Products,Sex Products,aliexpress-25-40
aliexpress-25-40-1005009278998618,Summer New Elegant Office lady Beading Sequins Slim Jumpsuits Women's O-neck Mesh Sleeve Splicing Temperament Wide leg Overalls,Category: Jumpsuits&Rompers.,in stock,new,40.99 USD,28.69 USD,https://bytebuy.store/product/aliexpress-25-40-1005009278998618/,https://ae-pic-a1.aliexpress-media.com/kf/Sc6551d671b254acf98fece71cf37caeaX.jpg,ByteBuy,Jumpsuits&Rompers,Jumpsuits&Rompers,aliexpress-25-40
aliexpress-25-40-1005010708098857,2025 Hot Selling Autumn Childrens Sports Shoes Versatile and Comforta Lightweight Running Shoes Classic Breathable Casual Shoes,Category: Children's Sports.,in stock,new,56.93 USD,26.75 USD,https://bytebuy.store/product/aliexpress-25-40-1005010708098857/,https://ae-pic-a1.aliexpress-media.com/kf/Sc998164b3572415b9fc8a95780b6bee7i.jpg,ByteBuy,Children's Sports,Children's Sports,aliexpress-25-40
aliexpress-40-55-1005011988499764,"Natural Aged Peach Wood 108 Beads Mala Bracelet, Buddhist Prayer Beads, Protection Amulet Jewelry, Unisex Spiritual Gift",Category: Interior Accessories.,in stock,new,111.68 USD,50.26 USD,https://bytebuy.store/product/aliexpress-40-55-1005011988499764/,https://ae-pic-a1.aliexpress-media.com/kf/S62a62c6811f448f29115609134c657eep.jpg,ByteBuy,Interior Accessories,Interior Accessories,aliexpress-40-55
aliexpress-40-55-1005008048846495,2024 Winter New American Retro Thickened Velvet Letter Printed Sweatpants Men's Simple Drawstring Sports Casual Ankle-tied Pants,Category: Pants.,in stock,new,96.99 USD,48.49 USD,https://bytebuy.store/product/aliexpress-40-55-1005008048846495/,https://ae-pic-a1.aliexpress-media.com/kf/S4b5ffce0dd6f4fd083872d2b71e2ddbah.jpg,ByteBuy,Pants,Pants,aliexpress-40-55
aliexpress-40-55-1005011973853757,"High-quality batteries compatible with iFLYTEK C10, A10, X2/3Pro learning tablets TX600A, J013207, CB750A",Category: Laptop Parts & Accessories.,in stock,new,117.82 USD,50.66 USD,https://bytebuy.store/product/aliexpress-40-55-1005011973853757/,https://ae-pic-a1.aliexpress-media.com/kf/Se77ba7fb01744a279e9d733a88bb9e3bl.jpg,ByteBuy,Laptop Parts & Accessories,Laptop Parts & Accessories,aliexpress-40-55
aliexpress-40-55-1005009329307993,Pearl Chain Toe Cap Sandals for Women's Summer New Style French Elegant Pointed Shallow Mouth Back Strap Slim High Heels,Category: Women's Shoes.,in stock,new,200.43 USD,42.09 USD,https://bytebuy.store/product/aliexpress-40-55-1005009329307993/,https://ae-pic-a1.aliexpress-media.com/kf/Sde06c8f042cb4c85ac6241f2e4dcca55z.jpg,ByteBuy,Women's Shoes,Women's Shoes,aliexpress-40-55
aliexpress-40-55-1005013134742611,Car Dashboard Cover Panel For Mazda 6 GH 2007-2013 Center Console Copilot Trim Panel Instrument Panel,Category: Interior Parts.,in stock,new,57.07 USD,41.09 USD,https://bytebuy.store/product/aliexpress-40-55-1005013134742611/,https://ae-pic-a1.aliexpress-media.com/kf/S294a3c8d0acf414abf4649b6e72fce82P.jpg,ByteBuy,Interior Parts,Interior Parts,aliexpress-40-55
aliexpress-40-55-1005012885978747,Casual Women's Jacket Autumn Winter New Style No-Collar Small Suit Top Elegant Commute Polyester Fiber Long Sleeve,Category: Blazer & Suits.,in stock,new,49.38 USD,42.47 USD,https://bytebuy.store/product/aliexpress-40-55-1005012885978747/,https://ae-pic-a1.aliexpress-media.com/kf/S585e62b54ee5470a8106fd24555f1084d.jpg,ByteBuy,Blazer & Suits,Blazer & Suits,aliexpress-40-55
aliexpress-40-55-1005012598298637,JOYTOY 40K Sons of Horus'Little’ Horus Aximand Captain of The 5th Company Model 1/18 Action Figure,Category: Action & Toy Figures.,in stock,new,65.46 USD,51.06 USD,https://bytebuy.store/product/aliexpress-40-55-1005012598298637/,https://ae-pic-a1.aliexpress-media.com/kf/S34d33a7df36b439fb070707a93df462bn.jpg,ByteBuy,Action & Toy Figures,Action & Toy Figures,aliexpress-40-55
aliexpress-40-55-1005005891075827,Custom Made Leather Car Floor Mats For Toyota Auris E180 2012 2013 2014 2015 2016 2017 2018 Carpets Rugs Foot Pads Accessories,Category: Interior Accessories.,in stock,new,86.32 USD,48.34 USD,https://bytebuy.store/product/aliexpress-40-55-1005005891075827/,https://ae-pic-a1.aliexpress-media.com/kf/S5819cbbc86fc414da1be6abc8489ec52L.jpg,ByteBuy,Interior Accessories,Interior Accessories,aliexpress-40-55
aliexpress-40-55-1005008676394779,GPM Aluminum 7075 Rear Chassis Brace For TRAXXAS 1/8 Sledge Monster Truck 9521,Category: Remote Control Toys.,in stock,new,46.14 USD,44.76 USD,https://bytebuy.store/product/aliexpress-40-55-1005008676394779/,https://ae-pic-a1.aliexpress-media.com/kf/S5ac9788ce17548ab9b4ef87e4a2c4ed2i.jpg,ByteBuy,Remote Control Toys,Remote Control Toys,aliexpress-40-55
aliexpress-40-55-1005013117684852,Miyake's New Fashionable V-neck Drawstring Waist Printing + Wide-leg Culottes African Folds Loose Two-piece Set,Category: Matching Sets.,in stock,new,74.60 USD,42.52 USD,https://bytebuy.store/product/aliexpress-40-55-1005013117684852/,https://ae-pic-a1.aliexpress-media.com/kf/S07cc1cc9ae634bd8ba160a8a6dc4aa46f.jpg,ByteBuy,Matching Sets,Matching Sets,aliexpress-40-55
aliexpress-40-55-1005005702502898,3323-835382A1 Carburetor for Mercury Mariner 4-Stroke 9.9hp 13.5hp 15hp Outboard 835382T04 835382A1,Category: Other Vehicle Parts & Accessories.,in stock,new,78.00 USD,48.36 USD,https://bytebuy.store/product/aliexpress-40-55-1005005702502898/,https://ae-pic-a1.aliexpress-media.com/kf/S20dcc28daf19498c898c9400e0290978d.jpg,ByteBuy,Other Vehicle Parts & Accessories,Other Vehicle Parts & Accessories,aliexpress-40-55
aliexpress-40-55-1005008554633207,QUTAA 2025 News Fashion Casual Women Flats Shoes PU Leather Round Toe Ballet Party Shoes Heels Comfort Dress Woman 34-40,Category: Women's Shoes.,in stock,new,91.00 USD,48.23 USD,https://bytebuy.store/product/aliexpress-40-55-1005008554633207/,https://ae-pic-a1.aliexpress-media.com/kf/Sd6fb9dd9056d41b38a859b33238c24ddz.jpg,ByteBuy,Women's Shoes,Women's Shoes,aliexpress-40-55
aliexpress-40-55-1005009109127406,Power Steering Pump For Kia Optima Hyundai Sonata GL 2.4L 2.5L 4Cyl 553-58955 5710038100,Category: Chassis Parts.,in stock,new,54.38 USD,47.31 USD,https://bytebuy.store/product/aliexpress-40-55-1005009109127406/,https://ae-pic-a1.aliexpress-media.com/kf/S2b704d0ca325452bb5bdaaf6b48b1c5eH.jpg,ByteBuy,Chassis Parts,Chassis Parts,aliexpress-40-55
aliexpress-40-55-1005012485186925,Miyake Pleated Skirt Set Plisse 2026 Summer New Elegant Sleeveless Top+Skirt Set Women Summer Textured Relaxed Fold 2-Piece Set,Category: Matching Sets.,in stock,new,96.47 USD,47.27 USD,https://bytebuy.store/product/aliexpress-40-55-1005012485186925/,https://ae-pic-a1.aliexpress-media.com/kf/S9676a927b28a43ed87f4084aa70d73d6D.jpg,ByteBuy,Matching Sets,Matching Sets,aliexpress-40-55
aliexpress-40-55-1005010658377898,Slow Wire Accessory Suitable For Shamir Wire Threading Eye Mold 100441423,Category: Power Tool Parts & Accessories.,in stock,new,83.89 USD,40.27 USD,https://bytebuy.store/product/aliexpress-40-55-1005010658377898/,https://ae-pic-a1.aliexpress-media.com/kf/S52e28efd55794c759abb7701369408f9x.jpg,ByteBuy,Power Tool Parts & Accessories,Power Tool Parts & Accessories,aliexpress-40-55
aliexpress-40-55-1005008877815477,XIN LAI SEN Unisex Anime Cos Ayase Seiko Cosplay Costume Halloween Uniform Custom Size,Category: Cosplay Costumes.,in stock,new,59.99 USD,50.99 USD,https://bytebuy.store/product/aliexpress-40-55-1005008877815477/,https://ae-pic-a1.aliexpress-media.com/kf/Sd5fd2fd7ff004861b2c29732bfc67082u.png,ByteBuy,Cosplay Costumes,Cosplay Costumes,aliexpress-40-55
aliexpress-40-55-1005011861436853,NBR box type oil seal 190*215*15.5/17mmOME：12016896B wheel hub sealing engineering accessories O-ring ISO: 9001 2008,Category: Chassis Parts.,in stock,new,49.43 USD,46.96 USD,https://bytebuy.store/product/aliexpress-40-55-1005011861436853/,https://ae-pic-a1.aliexpress-media.com/kf/Sacda9908fb374540ba281e959d836d297.png,ByteBuy,Chassis Parts,Chassis Parts,aliexpress-40-55
aliexpress-40-55-1005010154542682,Europe Famous Designer Brass Plated Gold Smooth Round Earrings Wide Bracelet Women Top Quality Luxury Jewelry Trend,Category: Fine Jewelry.,in stock,new,69.43 USD,48.60 USD,https://bytebuy.store/product/aliexpress-40-55-1005010154542682/,https://ae-pic-a1.aliexpress-media.com/kf/Sc50e80b3793642ca925cab90d2219d3ex.jpg,ByteBuy,Fine Jewelry,Fine Jewelry,aliexpress-40-55
aliexpress-40-55-1005012873998035,Genuine China Nephrite Stone White Hetian Jade Green Zircon 925 Silver Gourd Pendant Necklace Women Certified Jewelry Gifts,Category: Fine Jewelry.,in stock,new,64.26 USD,47.55 USD,https://bytebuy.store/product/aliexpress-40-55-1005012873998035/,https://ae-pic-a1.aliexpress-media.com/kf/S0786e61fa2dd46029e9461ed0f358de5M.jpg,ByteBuy,Fine Jewelry,Fine Jewelry,aliexpress-40-55
aliexpress-40-55-1005008374032595,HYM-1341ATR(6) Rotary Hook For JUKl LS-1342-7 Sewing Machine Parts 130.22.034 / 214-35458 / KRT342-NCI-R,"Category: Arts,Crafts & Sewing.",in stock,new,46.55 USD,44.22 USD,https://bytebuy.store/product/aliexpress-40-55-1005008374032595/,https://ae-pic-a1.aliexpress-media.com/kf/Hf59f4e1ff5e04075b84cf09d609ab2d03.jpg,ByteBuy,"Arts,Crafts & Sewing","Arts,Crafts & Sewing",aliexpress-40-55
aliexpress-40-55-1005012918429126,4PCS BH C7000 Drum Lubricant Wax Bar support for Konica Minolta Bizhub C6500 C6501 C6000 C5501 C7000 Drum Lubricant Wax Bar Roll,Category: Office Electronics.,in stock,new,50.94 USD,46.36 USD,https://bytebuy.store/product/aliexpress-40-55-1005012918429126/,https://ae-pic-a1.aliexpress-media.com/kf/Sd2769f4c64e34711a7da4ecc2045d799L.jpg,ByteBuy,Office Electronics,Office Electronics,aliexpress-40-55
aliexpress-40-55-1005010126530270,Custom Leather Car Floor Mat For Chery Tiggo 8 PLUS C-DM 5 seats 2025 2026 2027 Car Mat Interior,Category: Interior Accessories.,in stock,new,97.37 USD,43.82 USD,https://bytebuy.store/product/aliexpress-40-55-1005010126530270/,https://ae-pic-a1.aliexpress-media.com/kf/Scd0ab5f3844d48768b23c878ece767a1q.jpg,ByteBuy,Interior Accessories,Interior Accessories,aliexpress-40-55
aliexpress-40-55-1005012444880643,25A-30A Sine Wave Brushless Motor Controller 24V/36V/48V 350W S866 Color LCD Display P.A.S 12 Magnets Throttle Kit for E-Bicycle,Category: Cycling.,in stock,new,102.68 USD,47.23 USD,https://bytebuy.store/product/aliexpress-40-55-1005012444880643/,https://ae-pic-a1.aliexpress-media.com/kf/S8d03d0c94e024e46b2ad1ab1c2c6d1d6z.jpg,ByteBuy,Cycling,Cycling,aliexpress-40-55
aliexpress-40-55-1005005572315759,330x330mm Smooth textured Neptune 3 Plus/4 Plus Build Plate MAgnetic Bed Flexi PEI sheet for Qid X Max 3 3D Printer Geetch A30,Category: 3D Printing & Additive Manufacturing.,in stock,new,63.04 USD,40.97 USD,https://bytebuy.store/product/aliexpress-40-55-1005005572315759/,https://ae-pic-a1.aliexpress-media.com/kf/S84aadebac90d4fa289a544386e19196aj.jpg,ByteBuy,3D Printing & Additive Manufacturing,3D Printing & Additive Manufacturing,aliexpress-40-55
aliexpress-40-55-1005010477650151,"500W Chain Driven DC Brush Motor For E-Bike, Scooter, And Quad | For Rapid Acceleration With 2500 RPM Speed",Category: Cycling.,in stock,new,89.12 USD,44.56 USD,https://bytebuy.store/product/aliexpress-40-55-1005010477650151/,https://ae-pic-a1.aliexpress-media.com/kf/S71e0ae4a1b7d458b8e8133e420286f90M.jpeg,ByteBuy,Cycling,Cycling,aliexpress-40-55
aliexpress-40-55-1005012700122824,"Couple Carbon Plate Racing Trainers, Breathable Mesh Thick Sole Non-slip Durable Versatile Daily Running Shoes For Men Women",Category: Sneakers.,in stock,new,89.85 USD,42.23 USD,https://bytebuy.store/product/aliexpress-40-55-1005012700122824/,https://ae-pic-a1.aliexpress-media.com/kf/S4ff561e9f59c46499a388885ce04859bL.jpg,ByteBuy,Sneakers,Sneakers,aliexpress-40-55
aliexpress-40-55-1005008510436420,2025 Super High Heel Thick Sole Large 40-43 Platform Embroidered Short Tube Women's Boots Vintage Personalized Single Boots,Category: Women's Shoes.,in stock,new,62.99 USD,52.91 USD,https://bytebuy.store/product/aliexpress-40-55-1005008510436420/,https://ae-pic-a1.aliexpress-media.com/kf/S5ef4d5461b3646e391c3808f6e54e9d3F.jpg,ByteBuy,Women's Shoes,Women's Shoes,aliexpress-40-55
aliexpress-40-55-1005012524343526,For BYD Ti 3 Formula 3 Crystal Gear Shift Knob Cover Center Console Gear Panel Trim Car Accessories,Category: Interior Accessories.,in stock,new,83.89 USD,47.82 USD,https://bytebuy.store/product/aliexpress-40-55-1005012524343526/,https://ae-pic-a1.aliexpress-media.com/kf/Saf20b0e1d42646c491328c41d18e4bad4.png,ByteBuy,Interior Accessories,Interior Accessories,aliexpress-40-55
aliexpress-40-55-1005010192496826,L3110 Original new Print head L210 L355 Printhead for Epson L300 L301 L351 L358 L3150 L211 ME401 ME303 XP302 402 405 2010 2510,Category: Office Electronics.,in stock,new,64.45 USD,46.40 USD,https://bytebuy.store/product/aliexpress-40-55-1005010192496826/,https://ae-pic-a1.aliexpress-media.com/kf/S34bf66174de647ccb9e7117de48217aax.jpg,ByteBuy,Office Electronics,Office Electronics,aliexpress-40-55
aliexpress-40-55-1005012630754097,1PC TASKalfa 4500i Magnetic Roller DV-6305 compatible for Kyocera 3500i 4500i 5500i 3501i 4501i 5501i 6500i 8000i 3500 4500 5500,Category: Office Electronics.,in stock,new,40.96 USD,40.55 USD,https://bytebuy.store/product/aliexpress-40-55-1005012630754097/,https://ae-pic-a1.aliexpress-media.com/kf/Sa85abd28dc7741eead1ba9b60d7ab598w.jpg,ByteBuy,Office Electronics,Office Electronics,aliexpress-40-55
aliexpress-40-55-1005009092409960,Original GX701 SP PO HU RGB Backlit Keyboard Palmrest For ASUS ROG Zephyrus GX701GW GX701GXR GX701LXS Keyboards 90NR02J1-R31ND0,Category: Laptop Parts & Accessories.,in stock,new,59.90 USD,49.72 USD,https://bytebuy.store/product/aliexpress-40-55-1005009092409960/,https://ae-pic-a1.aliexpress-media.com/kf/Sf48c0e52975447cf93e66963d72a9be5b.jpg,ByteBuy,Laptop Parts & Accessories,Laptop Parts & Accessories,aliexpress-40-55
aliexpress-40-55-1005010678678476,Dragon Ball 30cm Super Saiyan 2 Son Goku Premium Version Light-Up Action Figure Anime Model Toy With Base Home Ornament Boy Gift,Category: Action & Toy Figures.,in stock,new,112.16 USD,53.84 USD,https://bytebuy.store/product/aliexpress-40-55-1005010678678476/,https://ae-pic-a1.aliexpress-media.com/kf/S083418f0c954493f99143b0824f72868b.jpg,ByteBuy,Action & Toy Figures,Action & Toy Figures,aliexpress-40-55
aliexpress-40-55-1005013203865896,"8Pcs Dental Maxillary Sinus Lifting Kit with Periosteal Separator for Implant Surgery, External Lift & Soft Tissue Management",Category: Dental Supplies.,in stock,new,63.18 USD,41.07 USD,https://bytebuy.store/product/aliexpress-40-55-1005013203865896/,https://ae-pic-a1.aliexpress-media.com/kf/A079eb0d6f9fd4c6faa993e0b2ebf1b27k.jpg,ByteBuy,Dental Supplies,Dental Supplies,aliexpress-40-55
aliexpress-40-55-1005007932348066,Winter Ladies Long Warm Down Jacket Big Size Puffer Outwears Thicken Hooded Down Coat Women Light Thin White Duck Jacket Parkas,Category: Parkas.,in stock,new,78.38 USD,50.95 USD,https://bytebuy.store/product/aliexpress-40-55-1005007932348066/,https://ae-pic-a1.aliexpress-media.com/kf/S269b124c21984724a3db054132b0b8a9T.jpg,ByteBuy,Parkas,Parkas,aliexpress-40-55
aliexpress-40-55-1005013270718696,INS Women Puffy Hooded Jacket 2026 Winter Thick Warm Quilted Cotton Padded Coat Stylish Outdoor Parkas Casual Daily Wear куртка,Category: Parkas.,in stock,new,88.13 USD,45.83 USD,https://bytebuy.store/product/aliexpress-40-55-1005013270718696/,https://ae-pic-a1.aliexpress-media.com/kf/Sd0a15693ad594861a9c9b4040e92cc4ep.jpg,ByteBuy,Parkas,Parkas,aliexpress-40-55
aliexpress-40-55-1005012165011686,HGLRC SPECTER F722 Lite Flight Controller Ruggedized Lightweight Design for STEM Education & Hobbyist Drones​,Category: Remote Control Toys.,in stock,new,77.36 USD,51.06 USD,https://bytebuy.store/product/aliexpress-40-55-1005012165011686/,https://ae-pic-a1.aliexpress-media.com/kf/S35c13bb94329455a937ab2e2b685dea6o.jpg,ByteBuy,Remote Control Toys,Remote Control Toys,aliexpress-40-55
aliexpress-40-55-1005012970008690,Sexy Deep V-neck Jumpsuits Women Sleeveless Halter Neck Backless Lace Hollow Out Wide Legs Slit Flared Jumpsuit Elegant Fashions,Category: Jumpsuits&Rompers.,in stock,new,86.79 USD,41.66 USD,https://bytebuy.store/product/aliexpress-40-55-1005012970008690/,https://ae-pic-a1.aliexpress-media.com/kf/S264bb2597cc14128aea1a2e71883f827M.jpg,ByteBuy,Jumpsuits&Rompers,Jumpsuits&Rompers,aliexpress-40-55
aliexpress-40-55-1005010315621105,For Mini / Pro Vertical Chassis Case Protective Cover Computer Accessories Easy Installation-ABVP,Category: 3D Printing & Additive Manufacturing.,in stock,new,124.63 USD,48.61 USD,https://bytebuy.store/product/aliexpress-40-55-1005010315621105/,https://ae-pic-a1.aliexpress-media.com/kf/S8ddffed1f4cb4eab9fa8f84ff5e66b68j.jpg,ByteBuy,3D Printing & Additive Manufacturing,3D Printing & Additive Manufacturing,aliexpress-40-55
aliexpress-40-55-1005008337460439,Original for Lenovo ideapad 130-14AST Laptop motherboard 130-14AST A4-9125 DLADE ELAV4V5 LA-G241P PN 5B20T68857 tested go,Category: Computer Components.,in stock,new,50.00 USD,45.00 USD,https://bytebuy.store/product/aliexpress-40-55-1005008337460439/,https://ae-pic-a1.aliexpress-media.com/kf/S4042a3289b63493b9ebb0c32059d71024.jpg,ByteBuy,Computer Components,Computer Components,aliexpress-40-55
aliexpress-40-55-1005013149266287,2026 Spring Men High Top Slip On Casual Shoes Fleece Lined Warm Leather Sneakers Korean Style Versatile Lace Free Loafers,Category: Men's Shoes.,in stock,new,75.33 USD,43.69 USD,https://bytebuy.store/product/aliexpress-40-55-1005013149266287/,https://ae-pic-a1.aliexpress-media.com/kf/S05e821b7712b48c4a3a71cba848f2397M.jpg,ByteBuy,Men's Shoes,Men's Shoes,aliexpress-40-55
aliexpress-40-55-1005008858240191,Summer Motorcycle Gloves Man Women Leather Vintage Gloves Motorcycle Motocross Guantes Moto Verano Hombre Guanti Moto Estivi,Category: Motorcycle Equipments.,in stock,new,74.11 USD,44.47 USD,https://bytebuy.store/product/aliexpress-40-55-1005008858240191/,https://ae-pic-a1.aliexpress-media.com/kf/S715ab444604f4c6dab580fc5b903d0c8i.jpg,ByteBuy,Motorcycle Equipments,Motorcycle Equipments,aliexpress-40-55
aliexpress-40-55-1005012141368230,1:87 Scale Plastic Model Soviet Russian VL60K Electric Locomotive Static Display Collectible Gifts Souvenir Decoration,Category: Play Vehicles & Models.,in stock,new,56.92 USD,47.24 USD,https://bytebuy.store/product/aliexpress-40-55-1005012141368230/,https://ae-pic-a1.aliexpress-media.com/kf/S84382bd196654599b4858f51570c2248l.jpg,ByteBuy,Play Vehicles & Models,Play Vehicles & Models,aliexpress-40-55
aliexpress-40-55-1005012266130898,DRKANOL 2026 Women Chunky Platform Loafers Summer Genuine Leather Air Mesh Breathable Slip On Metal Thick High Heel Casual Shoes,Category: Women's Shoes.,in stock,new,106.66 USD,53.33 USD,https://bytebuy.store/product/aliexpress-40-55-1005012266130898/,https://ae-pic-a1.aliexpress-media.com/kf/S959264e1d9fa46a095af111eee3a5338B.jpg,ByteBuy,Women's Shoes,Women's Shoes,aliexpress-40-55
aliexpress-40-55-1005012949226632,Regulator Swivel Adapter Compact 360-Degree Swivel Adapter Streamlined Increased Comfort,Category: Industrial Spare Parts.,in stock,new,79.15 USD,42.74 USD,https://bytebuy.store/product/aliexpress-40-55-1005012949226632/,https://ae-pic-a1.aliexpress-media.com/kf/S80398c5459974ebda2e9ab75ddf7a109C.jpg,ByteBuy,Industrial Spare Parts,Industrial Spare Parts,aliexpress-40-55
aliexpress-40-55-1005012325112358,"Cigar Humidor,Full Glass Top Cigar Box with Humidifier and Hygrometer,Crushproof Case,Cedar Wood Lining Storage for 20-25 Cigars",Category: Household Merchandises.,in stock,new,73.10 USD,43.13 USD,https://bytebuy.store/product/aliexpress-40-55-1005012325112358/,https://ae-pic-a1.aliexpress-media.com/kf/Scd3e391cbf994c9d8e224b8f63556d8en.jpg,ByteBuy,Household Merchandises,Household Merchandises,aliexpress-40-55
aliexpress-40-55-1005011974653942,For Toyota Tundra 2022 2023-2026 A Pair Of Car Tail Light Lamp Guard Cover Trim Body Kit ABS Plastic 2PCS Car Accessories,Category: Exterior Parts.,in stock,new,56.82 USD,53.64 USD,https://bytebuy.store/product/aliexpress-40-55-1005011974653942/,https://ae-pic-a1.aliexpress-media.com/kf/Sa4b7dd3432a74786b29d88f00e40530at.jpg,ByteBuy,Exterior Parts,Exterior Parts,aliexpress-40-55
aliexpress-40-55-1005008014780689,Ski Bag Snowboard Bag for Skiing Travel Scratch-Resistant Waterproof Backpack Monoboard Plate Protective Case Carry Bag,Category: Skiing & Snowboarding.,in stock,new,104.29 USD,50.06 USD,https://bytebuy.store/product/aliexpress-40-55-1005008014780689/,https://ae-pic-a1.aliexpress-media.com/kf/Sa4533c367a7f4217b2ee75d7a93dbc178.jpg,ByteBuy,Skiing & Snowboarding,Skiing & Snowboarding,aliexpress-40-55
aliexpress-40-55-1005012170524416,New casual men's shoes mesh breathable fashion running shoes soft and comfortable daily outdoor men's casual sports shoes,Category: Men's Shoes.,in stock,new,104.00 USD,49.92 USD,https://bytebuy.store/product/aliexpress-40-55-1005012170524416/,https://ae-pic-a1.aliexpress-media.com/kf/Sc9074d475f3848df89c70f1ebcced569p.jpg,ByteBuy,Men's Shoes,Men's Shoes,aliexpress-40-55
aliexpress-40-55-1005011773711535,V8 Engine Motorized Simulation Model Electrically Drive Building Blocks Technical Car Parts Creative Toys Gifts Boys Adult,Category: Building & Construction Toys.,in stock,new,82.69 USD,40.52 USD,https://bytebuy.store/product/aliexpress-40-55-1005011773711535/,https://ae-pic-a1.aliexpress-media.com/kf/S48419a78ebac483bb0fb396db62f6932z.jpg,ByteBuy,Building & Construction Toys,Building & Construction Toys,aliexpress-40-55
aliexpress-40-55-1005010555966129,Suitable for T4 Off-road Motorcycle Wheel Hub Dust Bushing Hub Sleeve,Category: Ornamental & Cleaning.,in stock,new,89.88 USD,43.14 USD,https://bytebuy.store/product/aliexpress-40-55-1005010555966129/,https://ae-pic-a1.aliexpress-media.com/kf/S5bb0b1fecbbb44f9a8cdf0d728c78597o.jpg,ByteBuy,Ornamental & Cleaning,Ornamental & Cleaning,aliexpress-40-55
aliexpress-40-55-1005010805489456,Automotive Actuator Tester Oscilloscope Sensor Multimeter PWM Signal Generator CRIN Injector Driver Ignition Coil Tool QDB-5A,Category: Car Repair Tool.,in stock,new,81.99 USD,40.99 USD,https://bytebuy.store/product/aliexpress-40-55-1005010805489456/,https://ae-pic-a1.aliexpress-media.com/kf/Sf6588d1db1ae451fa937b62711a34147L.jpg,ByteBuy,Car Repair Tool,Car Repair Tool,aliexpress-40-55
aliexpress-40-55-1005006615218704,2.5KG/3.2KG Cast Aluminum Boat Folding Grapnel Anchor Docking Hardware For Marine Yacht Folding Anchor Kayak Canoe,Category: Other Vehicle Parts & Accessories.,in stock,new,70.09 USD,42.05 USD,https://bytebuy.store/product/aliexpress-40-55-1005006615218704/,https://ae-pic-a1.aliexpress-media.com/kf/Sa8b7a1ab511743b990bb14c514c932aaR.jpg,ByteBuy,Other Vehicle Parts & Accessories,Other Vehicle Parts & Accessories,aliexpress-40-55
aliexpress-40-55-1005011760822154,Men's 100% Merino Wool Sweater Hooded Collar Knitted Pullover Sweatshirt Spring/Autumn Casual Tops Long Sleeved Sports Clothing,Category: Sweaters.,in stock,new,167.73 USD,53.69 USD,https://bytebuy.store/product/aliexpress-40-55-1005011760822154/,https://ae-pic-a1.aliexpress-media.com/kf/Sca6883a4966247d1a826ca71e88c8130g.jpg,ByteBuy,Sweaters,Sweaters,aliexpress-40-55
aliexpress-40-55-1005013109171024,Original Brand Trail Running Shoes Top Quality Outdoor Sports Sneakers Breathable Sport Shoes Wearable Outdoor Training Shoes,Category: Sneakers.,in stock,new,98.40 USD,51.17 USD,https://bytebuy.store/product/aliexpress-40-55-1005013109171024/,https://ae-pic-a1.aliexpress-media.com/kf/S45d84c71a6b24b9d8ea6ad0332b74434y.jpg,ByteBuy,Sneakers,Sneakers,aliexpress-40-55
aliexpress-40-55-1005010721777858,672pcs MOC Castle Wolfpack Woodland Ambush Model Building Blocks Architecture Toy Creative Christmas Gifts Education Brick Kids,Category: Building & Construction Toys.,in stock,new,78.13 USD,49.22 USD,https://bytebuy.store/product/aliexpress-40-55-1005010721777858/,https://ae-pic-a1.aliexpress-media.com/kf/S6411ba4380d34858ab11627cc3ab38c8p.jpg,ByteBuy,Building & Construction Toys,Building & Construction Toys,aliexpress-40-55
aliexpress-40-55-1005013080741511,MINWEEN Vintage Lace French Court Style Ring 925 Sterling Silver 1 Ct Lab Ruby Ring For Women Elegant Jewelry,Category: Fine Jewelry.,in stock,new,92.88 USD,46.44 USD,https://bytebuy.store/product/aliexpress-40-55-1005013080741511/,https://ae-pic-a1.aliexpress-media.com/kf/Se78d13d7b40447efa837d2c7f26c3d39n.jpg,ByteBuy,Fine Jewelry,Fine Jewelry,aliexpress-40-55
aliexpress-40-55-1005012369957263,New Genuine Gsc 4696 Miss Monochrome Q Version Posable Action Figure Anime Peripheral Collectible Model For Amination Fans,Category: Action & Toy Figures.,in stock,new,43.72 USD,41.97 USD,https://bytebuy.store/product/aliexpress-40-55-1005012369957263/,https://ae-pic-a1.aliexpress-media.com/kf/S163687b8b78a4031a74b40af79108558o.jpg,ByteBuy,Action & Toy Figures,Action & Toy Figures,aliexpress-40-55
aliexpress-40-55-1005012988289792,Pinkbomb Spicy Girl Autumn Winter Faux Fur Coat Medium Length Eco Friendly Trendy Cardiian Street Style Long Sleeve Collar,Category: Fur & Faux Fur.,in stock,new,59.52 USD,51.19 USD,https://bytebuy.store/product/aliexpress-40-55-1005012988289792/,https://ae-pic-a1.aliexpress-media.com/kf/S542fef70a70049b0a37f53e5e7120b20X.jpg,ByteBuy,Fur & Faux Fur,Fur & Faux Fur,aliexpress-40-55
aliexpress-40-55-1005013191595536,For Audi A6 S6 C6 RS6 2006-2011 4F1820902D 901D 951F LHD Black Front Left Right Centre Air Conditioning Vent Outlet Vents Nozzle,Category: Tool Sets.,in stock,new,45.23 USD,43.87 USD,https://bytebuy.store/product/aliexpress-40-55-1005013191595536/,https://ae-pic-a1.aliexpress-media.com/kf/S92ae3a52f1284617947958c4d31cc0b0U.jpg,ByteBuy,Tool Sets,Tool Sets,aliexpress-40-55
aliexpress-40-55-1005013042737562,"1pc Marble Pattern Trash Can with Lid - Press-Top Design, Plastic Bin, Modern Black & White Marble Texture for Bathroom, Bedroom",Category: Household Merchandises.,in stock,new,66.61 USD,42.63 USD,https://bytebuy.store/product/aliexpress-40-55-1005013042737562/,https://ae-pic-a1.aliexpress-media.com/kf/S0e3bfade67e740d4b79ffdafbd925119o.jpg,ByteBuy,Household Merchandises,Household Merchandises,aliexpress-40-55
aliexpress-40-55-1005010633111533,P/N: 61318365300 - Window Regulator Switch for BMW E36 318i 323i 325i 328i M3 Z3,Category: Interior Parts.,in stock,new,49.43 USD,47.45 USD,https://bytebuy.store/product/aliexpress-40-55-1005010633111533/,https://ae-pic-a1.aliexpress-media.com/kf/S20b1dc7e9040473196e31afae19c3819W.jpg,ByteBuy,Interior Parts,Interior Parts,aliexpress-40-55
aliexpress-40-55-1005013047900337,NEW HOT In Stock-Electric Outboard Motor Bracket Hinge Kit Fishing Finder Mount Fits For 28Lb 36Lb 46Lb 50Lb Electric Outboard M,Category: Other Vehicle Parts & Accessories.,in stock,new,72.41 USD,43.44 USD,https://bytebuy.store/product/aliexpress-40-55-1005013047900337/,https://ae-pic-a1.aliexpress-media.com/kf/S648ccf245bca404db03ff2d9ad59e05bn.jpg,ByteBuy,Other Vehicle Parts & Accessories,Other Vehicle Parts & Accessories,aliexpress-40-55
aliexpress-40-55-1005009479966107,A76X-Suitable For Zerowater Kettle Zerowater Replacement Filters For Pitchers Water Bottle Replacement Parts,Category: Kitchen Fixture.,in stock,new,84.97 USD,45.03 USD,https://bytebuy.store/product/aliexpress-40-55-1005009479966107/,https://ae-pic-a1.aliexpress-media.com/kf/S426c8ebc87a7499f91d508537f98930er.jpg,ByteBuy,Kitchen Fixture,Kitchen Fixture,aliexpress-40-55
aliexpress-40-55-1005013266381415,Front Center Air Vent for Golf For MK7 2013-2017 For MK7.5 2017-2020 GTI Black Dashboard AC Outlet 5GG819728R Front,Category: Wear Parts.,in stock,new,94.62 USD,47.31 USD,https://bytebuy.store/product/aliexpress-40-55-1005013266381415/,https://ae-pic-a1.aliexpress-media.com/kf/S00c32ff632fb4d65aef57ca6019a9465c.jpeg,ByteBuy,Wear Parts,Wear Parts,aliexpress-40-55
aliexpress-40-55-1005012530042106,2026 Summer Platform Casual Shoes Women Mixed Colors Genuine Leather Hollow Out Breathable Height Increasing Dad Shoes,Category: Women's Shoes.,in stock,new,97.06 USD,50.47 USD,https://bytebuy.store/product/aliexpress-40-55-1005012530042106/,https://ae-pic-a1.aliexpress-media.com/kf/S609199683ab94085864f33b87dc2307eY.jpg,ByteBuy,Women's Shoes,Women's Shoes,aliexpress-40-55
aliexpress-40-55-1005008746389729,For 2013-2014 Husaberg FE 450 501 FE501 FE450 Radiator Hoses Silicone Tubes Kit Piping 4Pcs 10 Colors,Category: Motorcycle Parts.,in stock,new,57.14 USD,40.00 USD,https://bytebuy.store/product/aliexpress-40-55-1005008746389729/,https://ae-pic-a1.aliexpress-media.com/kf/Aaf5496750fe94ff2a71166ff879d8672F.jpg,ByteBuy,Motorcycle Parts,Motorcycle Parts,aliexpress-40-55
aliexpress-40-55-1005013280690668,"for Isuzu 6HK1 intake pressure sensor, turbocharger air pressure switch 8-98121697-0",Category: Automotive Sensors.,in stock,new,52.43 USD,47.19 USD,https://bytebuy.store/product/aliexpress-40-55-1005013280690668/,https://ae-pic-a1.aliexpress-media.com/kf/Sc452615fe4474576b66c18fab19e5861I.jpg,ByteBuy,Automotive Sensors,Automotive Sensors,aliexpress-40-55
aliexpress-40-55-1005010074353023,"For 1/7 Mojave UDR Short Truck Model Tire, Feishen Desert Card Off-road All-terrain, Wear-resistant Tire RC Car Upgrade Parts",Category: Remote Control Toys.,in stock,new,101.20 USD,50.60 USD,https://bytebuy.store/product/aliexpress-40-55-1005010074353023/,https://ae-pic-a1.aliexpress-media.com/kf/Saede4639cd7a485583bad13e151a2fbdo.jpg,ByteBuy,Remote Control Toys,Remote Control Toys,aliexpress-40-55
aliexpress-40-55-1005012870120000,Universal Car Seat Cover Protector PU Leather Front & Rear Seat Back Cushion Pad Mat Backrest for Auto Interior Truck SUV Sedan,Category: Interior Accessories.,in stock,new,99.98 USD,44.61 USD,https://bytebuy.store/product/aliexpress-40-55-1005012870120000/,https://ae-pic-a1.aliexpress-media.com/kf/S6968671955c049b0944113abae5fc2eeP.jpg,ByteBuy,Interior Accessories,Interior Accessories,aliexpress-40-55
aliexpress-40-55-1005013203753704,HEAD Tennis Bag Simple Fashion Court Bag Portable Tennis Racket Bag with Shoe Compartment Comfortable Racket Bag,Category: Sport Bags.,in stock,new,51.17 USD,50.51 USD,https://bytebuy.store/product/aliexpress-40-55-1005013203753704/,https://ae-pic-a1.aliexpress-media.com/kf/S4bea82ec726f484b867ceba34eff4187f.jpg,ByteBuy,Sport Bags,Sport Bags,aliexpress-40-55
aliexpress-40-55-1005004853334987,Motorcycle Front Rider Driver Seat For Suzuki GSXR600 GSXR750 2011-2025 2019 2018 2017,Category: Motorcycle Parts.,in stock,new,68.15 USD,42.93 USD,https://bytebuy.store/product/aliexpress-40-55-1005004853334987/,https://ae-pic-a1.aliexpress-media.com/kf/Sa32c21fa18e84f1db16490f797e29ed8X.jpg,ByteBuy,Motorcycle Parts,Motorcycle Parts,aliexpress-40-55
aliexpress-40-55-1005006424866619,For Maserati Ghibli 2014-2022 Soft Carbon Fiber Car Dashboard Anti-collision Panel Cover Trim Sticker Car Accessories,Category: Interior Accessories.,in stock,new,76.65 USD,52.89 USD,https://bytebuy.store/product/aliexpress-40-55-1005006424866619/,https://ae-pic-a1.aliexpress-media.com/kf/S68e97068e5654d199dbcf3c4ed43e0dcx.jpg,ByteBuy,Interior Accessories,Interior Accessories,aliexpress-40-55
aliexpress-40-55-1005010472771877,NICECNC For Surron light bee X S Sur-Ron 2024 2025 Upper Triple Clamp Top Link Plate Bracket Electrical Motorbike Aluminum Alloy,Category: Modification&Protection.,in stock,new,70.86 USD,40.39 USD,https://bytebuy.store/product/aliexpress-40-55-1005010472771877/,https://ae-pic-a1.aliexpress-media.com/kf/S3c8c14c591fb43068a9549a3ff61b3c4r.jpg,ByteBuy,Modification&Protection,Modification&Protection,aliexpress-40-55
aliexpress-40-55-1005012797369930,Women's Gothic Punk Metal Heel Thick Bottom Platform Shoes Men Motorcycle Rub Color Riding Round Toe High Heel Fashion Boots,Category: Women's Shoes.,in stock,new,88.72 USD,47.02 USD,https://bytebuy.store/product/aliexpress-40-55-1005012797369930/,https://ae-pic-a1.aliexpress-media.com/kf/Sb33fa4f7e1c14c1fbff06567c3e97591k.jpg,ByteBuy,Women's Shoes,Women's Shoes,aliexpress-40-55
aliexpress-40-55-1005012454699605,Engine Auxiliary Pulley Remove Set with Drive Belt Spare Parts Compatible with K20 K24,Category: Wear Parts.,in stock,new,97.21 USD,43.75 USD,https://bytebuy.store/product/aliexpress-40-55-1005012454699605/,https://ae-pic-a1.aliexpress-media.com/kf/S3fd912dd5a934b2384411bd1c4e98276Y.jpg,ByteBuy,Wear Parts,Wear Parts,aliexpress-40-55
aliexpress-40-55-1005012350689338,20cm Anime Games Genshin Impact Plush doll Arlecchino toy gift clothes stuffed toy Dress up cotton doll,Category: Stuffed Animals & Plush.,in stock,new,76.25 USD,42.70 USD,https://bytebuy.store/product/aliexpress-40-55-1005012350689338/,https://ae-pic-a1.aliexpress-media.com/kf/S5d907544829044fba72ca58c98e7f8a2G.jpg,ByteBuy,Stuffed Animals & Plush,Stuffed Animals & Plush,aliexpress-40-55
aliexpress-40-55-1005010709694949,Yuyong Italian Standard Threaded Bottom Bracket Ita Five-Way Interface Road Bike Converts to 24/29 Bb30 mm Axle Ceramic Dub,Category: Cycling.,in stock,new,91.50 USD,43.01 USD,https://bytebuy.store/product/aliexpress-40-55-1005010709694949/,https://ae-pic-a1.aliexpress-media.com/kf/S3138b65c12ef4f93922cb81b0e21ab7aG.jpg,ByteBuy,Cycling,Cycling,aliexpress-40-55
aliexpress-40-55-1005009076422055,RC Drift Car 1/20 Scale 2.4G 4WD Remote Control Drifting Sunt Car High Speed RC Racing Vehicle with LED Lights,Category: Remote Control Toys.,in stock,new,80.40 USD,44.22 USD,https://bytebuy.store/product/aliexpress-40-55-1005009076422055/,https://ae-pic-a1.aliexpress-media.com/kf/S28041c40093e42faaf29123ee3bee101f.jpg,ByteBuy,Remote Control Toys,Remote Control Toys,aliexpress-40-55
aliexpress-40-55-1005013106797998,Custom Indoor Vinyl Basketball Court Floor and Badminton Court Mat Multi-purpose Badminton Floor Surface,Category: Racquet Sports.,in stock,new,48.71 USD,43.84 USD,https://bytebuy.store/product/aliexpress-40-55-1005013106797998/,https://ae-pic-a1.aliexpress-media.com/kf/S5e22527711704e29b44e547098d7dd996.jpg,ByteBuy,Racquet Sports,Racquet Sports,aliexpress-40-55
aliexpress-40-55-1005012227580380,Car Suede Air Outlet Decorative Ring Rear Anti Kick Sticker For Smart Elf 1# 3# Car Accessories Interior Armrest Lid,Category: Interior Accessories.,in stock,new,68.12 USD,47.00 USD,https://bytebuy.store/product/aliexpress-40-55-1005012227580380/,https://ae-pic-a1.aliexpress-media.com/kf/S72a6f00291514beaa40a2f9581032492P.jpg,ByteBuy,Interior Accessories,Interior Accessories,aliexpress-40-55
aliexpress-40-55-1005012108060095,Car Body Repair Tool Small Leveling Rod Elevator Car Sheet Metal Dent Quick Puller Spot Welding and Pulling Unit,Category: Car Maintenance Tools.,in stock,new,108.34 USD,49.84 USD,https://bytebuy.store/product/aliexpress-40-55-1005012108060095/,https://ae-pic-a1.aliexpress-media.com/kf/S32bbf64fc4f84993bacac6c036ac3d3f9.jpg,ByteBuy,Car Maintenance Tools,Car Maintenance Tools,aliexpress-40-55
aliexpress-40-55-1005010020127045,No Model LED Lighting Set Suitable for LEGO Great Deku Tree 2-in-1 77092 Building Blocks,Category: Building & Construction Toys.,in stock,new,111.68 USD,53.61 USD,https://bytebuy.store/product/aliexpress-40-55-1005010020127045/,https://ae-pic-a1.aliexpress-media.com/kf/Sef98ee868acf4925bbf689966f2abdcfD.png,ByteBuy,Building & Construction Toys,Building & Construction Toys,aliexpress-40-55
aliexpress-40-55-1005012771818373,100W Motorcycle Bidirectional Charger Type-C USB-A Fast Charging Dual Ports Socket with Voltmeter 12V Power Supply Adapter,Category: Motorcycle Accessories.,in stock,new,95.07 USD,42.78 USD,https://bytebuy.store/product/aliexpress-40-55-1005012771818373/,https://ae-pic-a1.aliexpress-media.com/kf/S81c01ba63ea74adb93239cf32d9b226eR.jpg,ByteBuy,Motorcycle Accessories,Motorcycle Accessories,aliexpress-40-55
aliexpress-40-55-1005010756230648,S5980 S5981 Si PIN photodiode array Multi-element photodiode for surface mounting,"Category: Packaging, Printing & Supporting Equipment.",in stock,new,47.97 USD,47.49 USD,https://bytebuy.store/product/aliexpress-40-55-1005010756230648/,https://ae-pic-a1.aliexpress-media.com/kf/Se5512a9ba9b34f23a5c428d2142e2cd15.jpg,ByteBuy,"Packaging, Printing & Supporting Equipment","Packaging, Printing & Supporting Equipment",aliexpress-40-55
aliexpress-40-55-1005008451534028,For Abarth Punto Evo Alfa Romeo Mito QV 1.4L L4 Silicone Radiator Coolant Hoses Kit,Category: Engines & Engine Parts.,in stock,new,84.02 USD,54.61 USD,https://bytebuy.store/product/aliexpress-40-55-1005008451534028/,https://ae-pic-a1.aliexpress-media.com/kf/S6a8b88eddf89441bac5c620bd27fda3dA.jpg,ByteBuy,Engines & Engine Parts,Engines & Engine Parts,aliexpress-40-55
aliexpress-40-55-1005012795453636,Zcc.ct Insert TNMG220404 TNMG220408-EF YBG205 Carbide Insert Steel Parts Stainless Steel Lathe Processing External Turning Tool,"Category: Drill Bits, Saw Blades & Cutting Tools.",in stock,new,93.92 USD,46.96 USD,https://bytebuy.store/product/aliexpress-40-55-1005012795453636/,https://ae-pic-a1.aliexpress-media.com/kf/Sd379277dad914647b255136ab827b1a9e.jpg,ByteBuy,"Drill Bits, Saw Blades & Cutting Tools","Drill Bits, Saw Blades & Cutting Tools",aliexpress-40-55
aliexpress-40-55-1005007935337838,FLYLAND Men's Chukka Boots Casual Leather Shoes Fashion Vintage Handmade Male Sneakers,Category: Men's Shoes.,in stock,new,102.59 USD,51.30 USD,https://bytebuy.store/product/aliexpress-40-55-1005007935337838/,https://ae-pic-a1.aliexpress-media.com/kf/S21b4a81615274e05af1429206289f5c1c.jpg,ByteBuy,Men's Shoes,Men's Shoes,aliexpress-40-55
aliexpress-40-55-1005012313985266,"Knee Walker for Foot Fracture, Steerable Leg Walker for Ankle, Non-Weight Bearing Scooter for Leg Surgery, Crutch Alternative",Category: Bathroom Fixture.,in stock,new,81.20 USD,52.78 USD,https://bytebuy.store/product/aliexpress-40-55-1005012313985266/,https://ae-pic-a1.aliexpress-media.com/kf/S2022ff1e41db4060bd1d75e73e12cb007.jpg,ByteBuy,Bathroom Fixture,Bathroom Fixture,aliexpress-40-55
aliexpress-40-55-1005010583231095,For YAMAHA MT09 MT-09 SP MT 09 Chain Guard Tracer 900 GT TRACER 9 2021 2022 Left Front Sprocket Cover Case Saver Protector Fit,Category: Modification&Protection.,in stock,new,65.91 USD,46.14 USD,https://bytebuy.store/product/aliexpress-40-55-1005010583231095/,https://ae-pic-a1.aliexpress-media.com/kf/Sc82879e07f3b4094b20aaef5af186ad4e.jpg,ByteBuy,Modification&Protection,Modification&Protection,aliexpress-40-55
aliexpress-40-55-1005010625872638,Perpetual Motion Ball Track Loop GBC Moc Building Block Ball Picker Technology Bricks Puzzle Educational Toys Creative Xmas Gift,Category: Building & Construction Toys.,in stock,new,84.86 USD,45.82 USD,https://bytebuy.store/product/aliexpress-40-55-1005010625872638/,https://ae-pic-a1.aliexpress-media.com/kf/S30db8ec2cf3e4c1dbe6da7547e0564b3n.jpg,ByteBuy,Building & Construction Toys,Building & Construction Toys,aliexpress-40-55
aliexpress-40-55-1005012196734554,1/4 BJD Doll Head With Women/Men Body No Makeup Resin 1/4 BJD Doll NudeDoll BJD Ball Jointed Dolls Without Makeup Doll For Gifts,Category: Dolls & Accessories.,in stock,new,75.71 USD,43.15 USD,https://bytebuy.store/product/aliexpress-40-55-1005012196734554/,https://ae-pic-a1.aliexpress-media.com/kf/Sc26db173e5d5420cb299e5fa31c910ccQ.jpg,ByteBuy,Dolls & Accessories,Dolls & Accessories,aliexpress-40-55
aliexpress-40-55-1005012618836044,For YAMAHA MT-09 2014-2018 Motorcycle Engine Guard Crash Bar Frame Slider Protector Bumper Side Protection Accessories,Category: Modification&Protection.,in stock,new,84.96 USD,42.48 USD,https://bytebuy.store/product/aliexpress-40-55-1005012618836044/,https://ae-pic-a1.aliexpress-media.com/kf/S7d23724a04cb4346b7c149619479e374q.jpg,ByteBuy,Modification&Protection,Modification&Protection,aliexpress-40-55
aliexpress-40-55-1005011982937590,For AN400 AN400Z 2011-2016 32101-15G60 Motorcycle Stator Coil Magneto Coil,Category: Motorcycle Parts.,in stock,new,91.52 USD,41.18 USD,https://bytebuy.store/product/aliexpress-40-55-1005011982937590/,https://ae-pic-a1.aliexpress-media.com/kf/Se3fe1f68756d4cec97908c6b3a3147c9t.jpg,ByteBuy,Motorcycle Parts,Motorcycle Parts,aliexpress-40-55
aliexpress-40-55-1005012862599032,Anime Eva Katsuragi Misato Cosplay Costume veste robe Sexy femmes Costume Katsuragi perruque Cosplay Misato Halloween fête Costu,Category: Cosplay Costumes.,in stock,new,94.92 USD,44.61 USD,https://bytebuy.store/product/aliexpress-40-55-1005012862599032/,https://ae-pic-a1.aliexpress-media.com/kf/S344b4b280ea7408fb8e4d2558cd8740cr.jpg,ByteBuy,Cosplay Costumes,Cosplay Costumes,aliexpress-40-55
aliexpress-40-55-1005012405077417,For Porsche Cayenne turbo 9PA1 4.8T 718 Boxster 982 Engine Valve Cover Rocker Cover Oil Separator Kit 94810723552 94810723652,Category: Engines & Engine Parts.,in stock,new,101.83 USD,50.91 USD,https://bytebuy.store/product/aliexpress-40-55-1005012405077417/,https://ae-pic-a1.aliexpress-media.com/kf/S04fd3d7bbde843b9aa66b88c6298d0db6.jpg,ByteBuy,Engines & Engine Parts,Engines & Engine Parts,aliexpress-40-55
aliexpress-40-55-1005008850988422,Motorcycle One Way Starter Bearing Starter Clutch Gear Flywheel Assy For Suzuki LTR LT-R 450 Quadracer 2006-2011 LT-R450Z 08-11,Category: Motorcycle Parts.,in stock,new,71.41 USD,47.84 USD,https://bytebuy.store/product/aliexpress-40-55-1005008850988422/,https://ae-pic-a1.aliexpress-media.com/kf/Sd49ce356f8cd47b693f62553053a24c3R.jpg,ByteBuy,Motorcycle Parts,Motorcycle Parts,aliexpress-40-55
aliexpress-40-55-1005010399828566,Tecna Cosplay Costume Uniform Halloween Carnival Party Christmas Play Role Clothes Clothing,Category: Cosplay Costumes.,in stock,new,97.37 USD,48.69 USD,https://bytebuy.store/product/aliexpress-40-55-1005010399828566/,https://ae-pic-a1.aliexpress-media.com/kf/Sf2db2ddc2dcb413da1030487f3bad505i.jpg,ByteBuy,Cosplay Costumes,Cosplay Costumes,aliexpress-40-55
aliexpress-40-55-1005010169821067,High Quality Excavator Cab Door Pulley Parts Universal Fit for 30/35/40/45/50/55MR-2 Models Heavy-Duty Durable Pulley System,Category: Exterior Parts.,in stock,new,101.86 USD,50.93 USD,https://bytebuy.store/product/aliexpress-40-55-1005010169821067/,https://ae-pic-a1.aliexpress-media.com/kf/S1ad32855c30d45ba9ec64285dc1a38c5j.jpg,ByteBuy,Exterior Parts,Exterior Parts,aliexpress-40-55
aliexpress-40-55-1005012806479166,C+ 4PCS ABS Sensor Fits for Audi A1 2016 S Line 1.8L WHT003857 WHT003858 WHT003863,Category: Automotive Sensors.,in stock,new,53.48 USD,49.20 USD,https://bytebuy.store/product/aliexpress-40-55-1005012806479166/,https://ae-pic-a1.aliexpress-media.com/kf/S6b97203c2e6d4423a5fdf0b2801ca0cbL.jpg,ByteBuy,Automotive Sensors,Automotive Sensors,aliexpress-40-55
aliexpress-40-55-1005006373113637,6x8mm Natural Orange Opal Pendants Sterling 925 Silver for Women Jewelry Necklace Party Gift,Category: Fine Jewelry.,in stock,new,59.00 USD,41.30 USD,https://bytebuy.store/product/aliexpress-40-55-1005006373113637/,https://ae-pic-a1.aliexpress-media.com/kf/Sa161ac59e43d4e6a8962a5fc52061a4eH.jpg,ByteBuy,Fine Jewelry,Fine Jewelry,aliexpress-40-55
aliexpress-55-70-1005011856230509,Women Sexy Sparkly Crystals Black Tight Long Sleeve Jumpsuit Birthday Party Nightclub Performance Costume,Category: Jumpsuits&Rompers.,in stock,new,116.00 USD,58.00 USD,https://bytebuy.store/product/aliexpress-55-70-1005011856230509/,https://ae-pic-a1.aliexpress-media.com/kf/S60a77453c272458cac152a282cf1be26q.jpg,ByteBuy,Jumpsuits&Rompers,Jumpsuits&Rompers,aliexpress-55-70
aliexpress-55-70-1005009819809194,Clip in Hair Extensions 100% Real Remy Human hair Straight 10Pcs Natural hair Clip in Human Hair Extensions Clip ins hair,Category: Human Hair (For White).,in stock,new,85.02 USD,57.81 USD,https://bytebuy.store/product/aliexpress-55-70-1005009819809194/,https://ae-pic-a1.aliexpress-media.com/kf/S44c9129eafcb4313b859efbaff4b3dc4x.jpg,ByteBuy,Human Hair (For White),Human Hair (For White),aliexpress-55-70
aliexpress-55-70-1005009209680795,Distributor FOR GM 96064785 96067243 T2T54471 Suzuki 33100-56B11 Geo Tracke 1991 1992 1993 1994 1995 1.6 4-cyl TBI New,Category: Engines & Engine Parts.,in stock,new,72.80 USD,69.89 USD,https://bytebuy.store/product/aliexpress-55-70-1005009209680795/,https://ae-pic-a1.aliexpress-media.com/kf/S70df7e6d02d34fac98a637e52da84095A.jpg,ByteBuy,Engines & Engine Parts,Engines & Engine Parts,aliexpress-55-70
aliexpress-55-70-1005010470879601,Green Snake Pattern Slip-on Pumps Sexy Square Toe Shallow Stiletto Heels Plus Size Women's Summer New High-Heeled Fashion Shoes,Category: Women's Shoes.,in stock,new,121.36 USD,63.11 USD,https://bytebuy.store/product/aliexpress-55-70-1005010470879601/,https://ae-pic-a1.aliexpress-media.com/kf/S9af3576997944dde83b2b8a2ea851e1ft.png,ByteBuy,Women's Shoes,Women's Shoes,aliexpress-55-70
aliexpress-55-70-1005010604919292,Lipstick With Diamonds Dinner Bag Banquet Full Of Diamonds Women's Bag Dress Clutch Rhinestone Purse Trendy Snap Closure Handbag,Category: Women's Handbags.,in stock,new,112.44 USD,56.22 USD,https://bytebuy.store/product/aliexpress-55-70-1005010604919292/,https://ae-pic-a1.aliexpress-media.com/kf/S6ed0a647542546dcb8d950be5f68f99dL.jpg,ByteBuy,Women's Handbags,Women's Handbags,aliexpress-55-70
aliexpress-55-70-1005010434852595,Women Black Strappy High Heel Sandals Open Toe Ankle Strap Stiletto Party Work Shoes Aimirlly,Category: Women's Shoes.,in stock,new,77.15 USD,60.95 USD,https://bytebuy.store/product/aliexpress-55-70-1005010434852595/,https://ae-pic-a1.aliexpress-media.com/kf/S7e2f659a860c44a3ba54d1e083fd1118z.jpg,ByteBuy,Women's Shoes,Women's Shoes,aliexpress-55-70
aliexpress-55-70-1005012602676800,OEM Electronic Digital Weight Machine With kg lb Price Computing Scale 15kg/30kg/40kg/60kg,"Category: Packaging, Printing & Supporting Equipment.",in stock,new,68.51 USD,65.77 USD,https://bytebuy.store/product/aliexpress-55-70-1005012602676800/,https://ae-pic-a1.aliexpress-media.com/kf/S4761092d593043d1adf9d6b34544170bg.jpg,ByteBuy,"Packaging, Printing & Supporting Equipment","Packaging, Printing & Supporting Equipment",aliexpress-55-70
aliexpress-55-70-1005013127989616,Rontic Handmade Women Platform Ankle Boots Shiny Chunky Heels Round Toe Pretty White Pink Beige Green Dress Shoes US Size 5-15,Category: Women's Shoes.,in stock,new,69.99 USD,65.09 USD,https://bytebuy.store/product/aliexpress-55-70-1005013127989616/,https://ae-pic-a1.aliexpress-media.com/kf/S2b1bec5cc59d4e2f86519979f5ed82cfb.jpg,ByteBuy,Women's Shoes,Women's Shoes,aliexpress-55-70
aliexpress-55-70-1005006313203380,MOC Building Blocks TIE V1 Advanced Prototype Model DIY Assemble Bricks Collection Display Educational Xmas Toys Gifts 935PCS,Category: Building & Construction Toys.,in stock,new,122.54 USD,69.85 USD,https://bytebuy.store/product/aliexpress-55-70-1005006313203380/,https://ae-pic-a1.aliexpress-media.com/kf/S2e7ed9f83a8d4079ad1567afb83b715ad.jpg,ByteBuy,Building & Construction Toys,Building & Construction Toys,aliexpress-55-70
aliexpress-55-70-1005013037908443,"4-In-1 Breakfast Machine Steaming, Baking, Cooking Integrated Pot Multifunctional Household Small Mini Oven Toaster","Category: Kitchen,Dining & Bar.",in stock,new,66.95 USD,57.80 USD,https://bytebuy.store/product/aliexpress-55-70-1005013037908443/,https://ae-pic-a1.aliexpress-media.com/kf/S210e9c2155e342b1a7ce9cff136c52bdO.jpg,ByteBuy,"Kitchen,Dining & Bar","Kitchen,Dining & Bar",aliexpress-55-70
aliexpress-55-70-1005012388488439,Double Breasted Suits for Men Check Details Wedding Suits for Party Slim Fit Groom Tuxedo Blazer Vest Pants Set 3 Pieces 2026,Category: Suits & Blazer.,in stock,new,85.00 USD,62.05 USD,https://bytebuy.store/product/aliexpress-55-70-1005012388488439/,https://ae-pic-a1.aliexpress-media.com/kf/Se2d9e0cbd0b44c00bb400de898cdae06F.jpg,ByteBuy,Suits & Blazer,Suits & Blazer,aliexpress-55-70
aliexpress-55-70-1005012209866058,Carbon Fiber Front Bumper Center Lip Side Corner Splitters Spoiler for Cadillac CTS-V 2009-2015 Non Vsport Car Styling,Category: Exterior Parts.,in stock,new,102.00 USD,65.28 USD,https://bytebuy.store/product/aliexpress-55-70-1005012209866058/,https://ae-pic-a1.aliexpress-media.com/kf/Sdfa6cc0ed94941798c687249de624fc1K.jpg,ByteBuy,Exterior Parts,Exterior Parts,aliexpress-55-70
aliexpress-55-70-1005012850973103,4X Car Air Suspension Ride Height Level Sensor Linkage AA-ROT-120 For BMW Accuair Ride Level Sensor 13022120129 AAROT120-AS55,Category: Automotive Sensors.,in stock,new,89.49 USD,56.38 USD,https://bytebuy.store/product/aliexpress-55-70-1005012850973103/,https://ae-pic-a1.aliexpress-media.com/kf/S9efedfbf00be43188d555d2fbe1a8713K.jpg,ByteBuy,Automotive Sensors,Automotive Sensors,aliexpress-55-70
aliexpress-55-70-1005012501256987,Original Import 2020 Vienna New Year's Concert CD for Nelson,"Category: Music, CDs & Vinyl Records.",in stock,new,70.86 USD,57.40 USD,https://bytebuy.store/product/aliexpress-55-70-1005012501256987/,https://ae-pic-a1.aliexpress-media.com/kf/Saa568d0bc2494b9ca01f66191ac1e7e73.jpg,ByteBuy,"Music, CDs & Vinyl Records","Music, CDs & Vinyl Records",aliexpress-55-70
aliexpress-55-70-1005013153730493,"1 Piece Backpack with Bluetooth Controlled LED Eye Display, Customizable DIY Pattern",Category: Backpack.,in stock,new,138.20 USD,67.72 USD,https://bytebuy.store/product/aliexpress-55-70-1005013153730493/,https://ae-pic-a1.aliexpress-media.com/kf/S99426ac2a1974307ac93ad7729f26ab31.jpg,ByteBuy,Backpack,Backpack,aliexpress-55-70
aliexpress-55-70-1005012363082772,"93600C5210 Handbrake Switch Parking Button Switch, Suitable for Kia Sorento OEM 93600C5210",Category: Wear Parts.,in stock,new,70.58 USD,69.17 USD,https://bytebuy.store/product/aliexpress-55-70-1005012363082772/,https://ae-pic-a1.aliexpress-media.com/kf/S138ee2efb87143c0a996c4f58b17b510r.jpg,ByteBuy,Wear Parts,Wear Parts,aliexpress-55-70
aliexpress-55-70-1005013101326359,"Honkai: Star Rail Firefly 40cm Sitting Plush Doll, Soft Cotton Stuffed Toy Pillow, Game Character Gift",Category: Stuffed Animals & Plush.,in stock,new,75.45 USD,69.41 USD,https://bytebuy.store/product/aliexpress-55-70-1005013101326359/,https://ae-pic-a1.aliexpress-media.com/kf/Sfb040675d5584a13b874efbb43e39421N.jpg,ByteBuy,Stuffed Animals & Plush,Stuffed Animals & Plush,aliexpress-55-70
aliexpress-55-70-1005012180139751,"New men's hiking boots, breathable special forces desert tactical high top boots, outdoor waterproof combat boots, warm snow boo",Category: Sneakers.,in stock,new,128.42 USD,61.64 USD,https://bytebuy.store/product/aliexpress-55-70-1005012180139751/,https://ae-pic-a1.aliexpress-media.com/kf/S6665be4ebfd84672a13f76d4dac12f7c3.jpg,ByteBuy,Sneakers,Sneakers,aliexpress-55-70
aliexpress-55-70-1005013156887343,Moc Building Blocks 16 wide Modular Cozy House Model Technology Bricks Assembly City Street View Holiday Construstion Gifts Toy,Category: Building & Construction Toys.,in stock,new,105.76 USD,57.11 USD,https://bytebuy.store/product/aliexpress-55-70-1005013156887343/,https://ae-pic-a1.aliexpress-media.com/kf/S6fda06324a32434e84912ea852a9e1332.jpg,ByteBuy,Building & Construction Toys,Building & Construction Toys,aliexpress-55-70
aliexpress-55-70-1005009514984675,5PCS Automatic Transmission Master Solenoid Valve Kit 4L60E 4L65E For Buick Roadmaster GMC Chevy EPC Shift TCC 3-2 PWM,Category: Chassis Parts.,in stock,new,92.95 USD,55.77 USD,https://bytebuy.store/product/aliexpress-55-70-1005009514984675/,https://ae-pic-a1.aliexpress-media.com/kf/S2458d0c263a147659a4f15cd8c89ef79G.jpg,ByteBuy,Chassis Parts,Chassis Parts,aliexpress-55-70
aliexpress-55-70-1005012352640158,Anime Asagi Yukiya Sakura Cosplay Costume School Uniform Couple Outfits for Women Men Halloween Carnival Party Roleplay Suit,Category: Cosplay Costumes.,in stock,new,106.36 USD,68.07 USD,https://bytebuy.store/product/aliexpress-55-70-1005012352640158/,https://ae-pic-a1.aliexpress-media.com/kf/S875772c9913a416f98fbc7aef55b2748J.jpg,ByteBuy,Cosplay Costumes,Cosplay Costumes,aliexpress-55-70
aliexpress-55-70-1005012432007223,JOYTOY Warhammer 40k Ultramarines 1/18 Primaris Assault Veteran Action Figure JT02779 with Chainsword & Boltgun Collectible Model,Category: Action & Toy Figures.,in stock,new,115.65 USD,57.30 USD,https://bytebuy.store/product/aliexpress-55-70-1005012432007223/,https://ae-pic-a1.aliexpress-media.com/kf/Sf4ffd31b37274f8988b47cf999f47495p.jpg,ByteBuy,Action & Toy Figures,Action & Toy Figures,aliexpress-55-70
aliexpress-55-70-1005008605794260,High Quality Auto Parts Power Steering Pump Assembly for BYD S6 2.4 Automatic Wave S6J-3407010,Category: Chassis Parts.,in stock,new,81.00 USD,67.23 USD,https://bytebuy.store/product/aliexpress-55-70-1005008605794260/,https://ae-pic-a1.aliexpress-media.com/kf/S4dba01c432dd41a9a93d92f6339f7cf7f.jpg,ByteBuy,Chassis Parts,Chassis Parts,aliexpress-55-70
aliexpress-55-70-1005012864215997,Blokees Legend Edition Marvel Ultron Glowing Assembled Building Block Model Action Figure Collectible Ornament Gift For Adult,Category: Action & Toy Figures.,in stock,new,106.54 USD,66.06 USD,https://bytebuy.store/product/aliexpress-55-70-1005012864215997/,https://ae-pic-a1.aliexpress-media.com/kf/S334e1710c12c46e482692bad33175c22S.jpg,ByteBuy,Action & Toy Figures,Action & Toy Figures,aliexpress-55-70
aliexpress-55-70-1005012040423644,"antique-style double-handled three-hole faucet for bathtub, basin, faucet for face wash, three-hole faucet",Category: Bathroom Fixture.,in stock,new,134.82 USD,60.67 USD,https://bytebuy.store/product/aliexpress-55-70-1005012040423644/,https://ae-pic-a1.aliexpress-media.com/kf/S17aa24c166fc4075b7f60f9033010c42W.png,ByteBuy,Bathroom Fixture,Bathroom Fixture,aliexpress-55-70
aliexpress-55-70-1005012239881087,Hot-selling ceramic tile slate large slab track cutting machine track push knife cutting artifact,Category: Power Tool Parts & Accessories.,in stock,new,100.04 USD,68.03 USD,https://bytebuy.store/product/aliexpress-55-70-1005012239881087/,https://ae-pic-a1.aliexpress-media.com/kf/S5d858c6ea4fd4c649d1d2d24b199bfd5e.jpg,ByteBuy,Power Tool Parts & Accessories,Power Tool Parts & Accessories,aliexpress-55-70
aliexpress-55-70-1005012006481841,Auto MR418626 Power Steering Pump with Pulley for Mitsubishi Montero Sport 1999-2004 3.0L 3.5L MR418625,Category: Chassis Parts.,in stock,new,89.40 USD,59.90 USD,https://bytebuy.store/product/aliexpress-55-70-1005012006481841/,https://ae-pic-a1.aliexpress-media.com/kf/S28f2dc65f7024919bca55ad258899a524.jpg,ByteBuy,Chassis Parts,Chassis Parts,aliexpress-55-70
aliexpress-55-70-1005010629307170,48V 5Amp Forklift Lithium Battery Charger for HELI CBD18/20J-LI3 Electric Forklift Pallet Jack Truck,Category: New Energy Vehicle Parts & Accessories.,in stock,new,254.51 USD,63.63 USD,https://bytebuy.store/product/aliexpress-55-70-1005010629307170/,https://ae-pic-a1.aliexpress-media.com/kf/S751dcb0af9a94277ab2e0e10f5e973928.jpg,ByteBuy,New Energy Vehicle Parts & Accessories,New Energy Vehicle Parts & Accessories,aliexpress-55-70
aliexpress-55-70-1005013129012251,Round Trash Can Simple Metal Trash Bin Luxury Leather Circular Wastebasket Food Waste Disposal Toilet Cleaning for Bathroom,Category: Household Merchandises.,in stock,new,139.67 USD,62.85 USD,https://bytebuy.store/product/aliexpress-55-70-1005013129012251/,https://ae-pic-a1.aliexpress-media.com/kf/S7b3368b014e84e7b8de57cc0e041b449q.jpg,ByteBuy,Household Merchandises,Household Merchandises,aliexpress-55-70
aliexpress-55-70-1005013043432896,Science Foundation Set 3 Volumes In Total Hiroshi Yamada Kiichi Yamamoto Fujita Hiroyuki Kojima Dr Yi 4717702126216 Book,Category: Books.,in stock,new,131.73 USD,65.87 USD,https://bytebuy.store/product/aliexpress-55-70-1005013043432896/,https://ae-pic-a1.aliexpress-media.com/kf/S3f56b9e7a03d45bf885a8c7540fcea668.png,ByteBuy,Books,Books,aliexpress-55-70
aliexpress-55-70-1005009211984244,PAGANI DESIGN Moon Phase 40mm Men Watch 100M Waterproof Watches Top Brand Sapphire Glass Multi functional Men Quartz Watch 2025,Category: Men's Watches.,in stock,new,365.09 USD,62.07 USD,https://bytebuy.store/product/aliexpress-55-70-1005009211984244/,https://ae-pic-a1.aliexpress-media.com/kf/S282724676a8045128f26156de3d441473.jpg,ByteBuy,Men's Watches,Men's Watches,aliexpress-55-70
aliexpress-55-70-1005011662639780,OKONKWO Men's Tiger Stripe Camo Long-Sleeve Shirt Workwear Engineer Style Clothing,Category: Men's Shirts.,in stock,new,101.86 USD,63.15 USD,https://bytebuy.store/product/aliexpress-55-70-1005011662639780/,https://ae-pic-a1.aliexpress-media.com/kf/Sff414030bae24ed1a8d845c5f3815c11F.jpg,ByteBuy,Men's Shirts,Men's Shirts,aliexpress-55-70
aliexpress-55-70-1005012417561045,In Stock Bandai Original Bandai Gsc 12 Reload Junko Enoshima Action Figure Model Doll Brand New Boxed Anime Characters Toys,Category: Action & Toy Figures.,in stock,new,99.46 USD,66.64 USD,https://bytebuy.store/product/aliexpress-55-70-1005012417561045/,https://ae-pic-a1.aliexpress-media.com/kf/S03f0e9b0fb974fe69e3f11a64ceaff57Y.jpeg,ByteBuy,Action & Toy Figures,Action & Toy Figures,aliexpress-55-70
aliexpress-55-70-1005011952256325,f UK Keyboard with Touchpad for Lenovo Ideapad 330S-14IKB 330S-14AST 5CB0R07560,Category: Laptop Parts & Accessories.,in stock,new,68.91 USD,66.15 USD,https://bytebuy.store/product/aliexpress-55-70-1005011952256325/,https://ae-pic-a1.aliexpress-media.com/kf/Sa0269625cab54231b1aa5ce5f605e6abL.jpg,ByteBuy,Laptop Parts & Accessories,Laptop Parts & Accessories,aliexpress-55-70
aliexpress-55-70-1005012905878400,Portable Car Coolant Heater Under Dashboard Defroster Demister 12V/ 24V 3 Outlet with Switch for Truck Trailer,Category: Electrical Equipment.,in stock,new,119.25 USD,56.05 USD,https://bytebuy.store/product/aliexpress-55-70-1005012905878400/,https://ae-pic-a1.aliexpress-media.com/kf/Se6974d08f64b4918a600229a55aae245D.jpg,ByteBuy,Electrical Equipment,Electrical Equipment,aliexpress-55-70
aliexpress-55-70-1005006108574659,Motorcycle Bag Waterproof MTB Bike Trunk Bag Rear Travel Luggage Carrier Portable Saddle Seat Cycling Acessoriy 40L/66L/80L/90L,Category: Motorcycle Accessories.,in stock,new,141.61 USD,67.97 USD,https://bytebuy.store/product/aliexpress-55-70-1005006108574659/,https://ae-pic-a1.aliexpress-media.com/kf/Sc2e4258935284706837474078ba4b5f94.jpg,ByteBuy,Motorcycle Accessories,Motorcycle Accessories,aliexpress-55-70
aliexpress-55-70-1005009970849392,CustomizedHoundstooth Wedding Tuxedos Slim Fit Suits For Men Groomsmen Suit Two Pieces Cheap Prom Formal Suits (Jacket+Pants+Tie,Category: Suits & Blazer.,in stock,new,90.00 USD,57.60 USD,https://bytebuy.store/product/aliexpress-55-70-1005009970849392/,https://ae-pic-a1.aliexpress-media.com/kf/Sfa0f1763b6644a24a1e5d1571e13d5f9x.jpg,ByteBuy,Suits & Blazer,Suits & Blazer,aliexpress-55-70
aliexpress-55-70-1005013165067666,2080 PRO Internal M.2 2280 NGFF SSD Portable Solid State Drive 500GB 1TB 2TB 4TB Laptop Upgrade Storage,Category: Storage Device.,in stock,new,154.86 USD,68.14 USD,https://bytebuy.store/product/aliexpress-55-70-1005013165067666/,https://ae-pic-a1.aliexpress-media.com/kf/S3b2b89e03e824219b1b2f9d57bf767f4M.jpg,ByteBuy,Storage Device,Storage Device,aliexpress-55-70
aliexpress-55-70-1005012225983941,For Chevrolet Cruze 2017 2018 Car Led Daytime Running Light Front Fog Lamp Modification DRL Flowing Turn Signal 12V Daylights,Category: Car Lights.,in stock,new,89.58 USD,60.02 USD,https://bytebuy.store/product/aliexpress-55-70-1005012225983941/,https://ae-pic-a1.aliexpress-media.com/kf/Sa8a2de6f26234b60bcc3add6ef7108e5m.jpg,ByteBuy,Car Lights,Car Lights,aliexpress-55-70
aliexpress-55-70-1005013102242517,LED Daytime Running Light For Wuling Darion EV 2025 2026 Front Bumper Light,Category: Car Lights.,in stock,new,130.14 USD,62.47 USD,https://bytebuy.store/product/aliexpress-55-70-1005013102242517/,https://ae-pic-a1.aliexpress-media.com/kf/S8b813083b5204a65ae8275e0bad3a131w.jpg,ByteBuy,Car Lights,Car Lights,aliexpress-55-70
aliexpress-55-70-1005012935670533,"Titanium Frying Pan Non-Stick Uncoated German Titanium Alloy Cookware, Healthy Hammer Pattern Fish Scale Skillet for Kitchen","Category: Kitchen,Dining & Bar.",in stock,new,136.62 USD,66.95 USD,https://bytebuy.store/product/aliexpress-55-70-1005012935670533/,https://ae-pic-a1.aliexpress-media.com/kf/S55650b4dbc6d45a6ad532907da5ca01dZ.jpg,ByteBuy,"Kitchen,Dining & Bar","Kitchen,Dining & Bar",aliexpress-55-70
aliexpress-55-70-1005010071784234,Car Rear Trunk Spoiler Wings for BMW 7 Series G11 G12 Sedan 4-Door 2016-2022 Boot Lid Wing Lip Carbon Fiber,Category: Exterior Parts.,in stock,new,80.79 USD,65.44 USD,https://bytebuy.store/product/aliexpress-55-70-1005010071784234/,https://ae-pic-a1.aliexpress-media.com/kf/Se588e36f49f0415788d15507df7e80a3v.jpg,ByteBuy,Exterior Parts,Exterior Parts,aliexpress-55-70
aliexpress-55-70-1005012956849540,Winter Fleece Lined Parkas Warm Thick Women Windproof Jacket Big Size Fur Collar Hooded Snow Suit Outdoor Wear Winter Clothes,Category: Parkas.,in stock,new,103.34 USD,56.84 USD,https://bytebuy.store/product/aliexpress-55-70-1005012956849540/,https://ae-pic-a1.aliexpress-media.com/kf/Sd8c746a189364df09e6888d230e0e963w.jpg,ByteBuy,Parkas,Parkas,aliexpress-55-70
aliexpress-55-70-1005012812837820,Master Power Window Switch for Subaru Forester 2014 2015 2016 83071-SG040 83071SG040 Driver Side Front Left Car Parts,Category: Interior Parts.,in stock,new,120.55 USD,60.27 USD,https://bytebuy.store/product/aliexpress-55-70-1005012812837820/,https://ae-pic-a1.aliexpress-media.com/kf/S47078189e88a418a888e67cec11156172.jpg,ByteBuy,Interior Parts,Interior Parts,aliexpress-55-70
aliexpress-55-70-1005011692828405,Motorcycle Fit FB Mondial Pagani 125 / 300 Retrofitted Rear Seat Cushion Decorative Cover Apply For FB Mondial Pagani 125 / 300,Category: Modification&Protection.,in stock,new,78.27 USD,64.18 USD,https://bytebuy.store/product/aliexpress-55-70-1005011692828405/,https://ae-pic-a1.aliexpress-media.com/kf/Sfd7557ba4aa849479e4d969096b9cc47e.jpg,ByteBuy,Modification&Protection,Modification&Protection,aliexpress-55-70
aliexpress-55-70-1005013230625435,Toner Chip Reset for HP Colour LaserJet Enterprise MFP M-578-dn M-578-f M 578-dn M 578-f M578 dn M578 f M-578 dn M-578 f W2120A,Category: Office Electronics.,in stock,new,279.00 USD,55.80 USD,https://bytebuy.store/product/aliexpress-55-70-1005013230625435/,https://ae-pic-a1.aliexpress-media.com/kf/S97dc4582eb1b46628d50b2f8aaf3546fy.jpg,ByteBuy,Office Electronics,Office Electronics,aliexpress-55-70
aliexpress-55-70-1005012781713577,KESS KTAG V5.017 V7.020 ECU Chip Tuning Tool Programmer Diagnostic Tool Red PCB BDM Software No Token Limited Car Accessories,Category: Car Repair Tool.,in stock,new,86.14 USD,64.61 USD,https://bytebuy.store/product/aliexpress-55-70-1005012781713577/,https://ae-pic-a1.aliexpress-media.com/kf/S6089c8d57806478b9cca4553e13562197.png,ByteBuy,Car Repair Tool,Car Repair Tool,aliexpress-55-70
aliexpress-55-70-1005012623382212,"Steel Adjustable Mandrel Rest Roller for Glass Lampworking Rod Tube, Rotary Bench Tool for Borosilicate Glasscraft Workstation",Category: Household Merchandises.,in stock,new,73.85 USD,56.13 USD,https://bytebuy.store/product/aliexpress-55-70-1005012623382212/,https://ae-pic-a1.aliexpress-media.com/kf/Sec373405ce1d4e67a6f2f11b0752e26bh.jpg,ByteBuy,Household Merchandises,Household Merchandises,aliexpress-55-70
aliexpress-55-70-1005010514127151,Spring 2026 Women's Plaid Shirt Collared Contrast Color Checkered High-Quality Fashion Casual Washed Fringed Coat Jacket,Category: Shirts & Blouses.,in stock,new,138.42 USD,69.21 USD,https://bytebuy.store/product/aliexpress-55-70-1005010514127151/,https://ae-pic-a1.aliexpress-media.com/kf/Sa3303a6b118849e9ad6888810e9d1a94j.jpg,ByteBuy,Shirts & Blouses,Shirts & Blouses,aliexpress-55-70
aliexpress-55-70-1005012616076878,Fantasia Tennis Psylocke Cosplay Battle Suit Game Rival Women Disfraz Costume Female Fantasy Halloween Carnival Party Clothes,Category: Cosplay Costumes.,in stock,new,80.92 USD,59.88 USD,https://bytebuy.store/product/aliexpress-55-70-1005012616076878/,https://ae-pic-a1.aliexpress-media.com/kf/Sd6647dd094eb46869bd03efce7b6282ev.jpg,ByteBuy,Cosplay Costumes,Cosplay Costumes,aliexpress-55-70
aliexpress-55-70-1005008042543816,Integrated Mtb Carbon Handle Bar Carbon Handlebar Mtb Bike Table For Mountain Bike XC/AM Integr Bar With Stem Computer Holder,Category: Cycling.,in stock,new,79.80 USD,55.86 USD,https://bytebuy.store/product/aliexpress-55-70-1005008042543816/,https://ae-pic-a1.aliexpress-media.com/kf/S8574441b27cf423c93b87e2fa5a66fd0V.jpg,ByteBuy,Cycling,Cycling,aliexpress-55-70
aliexpress-55-70-1005012670686723,JNYD Chrome Universal Motorcycle Exhaust Muffler Retro Vintage Classic Electroplating Escap Moto for Cafe Racer Exhaust Pipe,Category: Motorcycle Parts.,in stock,new,119.31 USD,58.46 USD,https://bytebuy.store/product/aliexpress-55-70-1005012670686723/,https://ae-pic-a1.aliexpress-media.com/kf/Sb56a1de5711b411184873942e028e59fb.jpg,ByteBuy,Motorcycle Parts,Motorcycle Parts,aliexpress-55-70
aliexpress-55-70-1005012046938322,"YIHUA 3010D III Regulated DC Power Supply, 30V 10A, 4-Digit Precision Display, Overcurrent/Overheat Protection, for Phone Repair",Category: Mobile Phone Parts.,in stock,new,57.90 USD,57.32 USD,https://bytebuy.store/product/aliexpress-55-70-1005012046938322/,https://ae-pic-a1.aliexpress-media.com/kf/S088531c47d0646278567d4015a7555da7.jpg,ByteBuy,Mobile Phone Parts,Mobile Phone Parts,aliexpress-55-70
aliexpress-55-70-1005006019185951,Power Steering Pump For ISUZU D-max TFR 4KA1 4JB1 4JA1 8970849530 8-97084953-0 8-97084953-PTT 8-97084953-PTD,Category: Chassis Parts.,in stock,new,99.19 USD,66.46 USD,https://bytebuy.store/product/aliexpress-55-70-1005006019185951/,https://ae-pic-a1.aliexpress-media.com/kf/S00da195a875e4c62835a02823518b2d03.jpg,ByteBuy,Chassis Parts,Chassis Parts,aliexpress-55-70
aliexpress-55-70-1005012746329130,876314 875509 Conversion Gasket Kit for Volvo Penta MD6 MD7 Marine Diesel Engine ORB21314,Category: Other Vehicle Parts & Accessories.,in stock,new,82.89 USD,66.31 USD,https://bytebuy.store/product/aliexpress-55-70-1005012746329130/,https://ae-pic-a1.aliexpress-media.com/kf/S2afcd53e6cc14cbfb0b6a2cb8e22e26eV.jpg,ByteBuy,Other Vehicle Parts & Accessories,Other Vehicle Parts & Accessories,aliexpress-55-70
aliexpress-55-70-1005007316890510,FOR Ducati Corse 1199 1299 V2 Panigale Bayliss Streetfighter V2 Carbon Fiber Racing Rear Lower Chain Guard Cover 100MM Parts,Category: Modification&Protection.,in stock,new,68.75 USD,55.00 USD,https://bytebuy.store/product/aliexpress-55-70-1005007316890510/,https://ae-pic-a1.aliexpress-media.com/kf/S8b00c7559e8a4f13af4bebef17166c2e2.jpg,ByteBuy,Modification&Protection,Modification&Protection,aliexpress-55-70
aliexpress-55-70-1005012195560539,1000ml PFI102 104 107 703 707 Pigment Ink For Canon iPF510 iPF500 iPF605 iPF610 iPF685 iPF780 iPF785 iPF810 iPF820 iPF830 IPF840,Category: Office Electronics.,in stock,new,81.94 USD,64.73 USD,https://bytebuy.store/product/aliexpress-55-70-1005012195560539/,https://ae-pic-a1.aliexpress-media.com/kf/Sb4fdbcfc361d49208dad443897edecd5o.png,ByteBuy,Office Electronics,Office Electronics,aliexpress-55-70
aliexpress-55-70-1005012939258800,"Exquisite wooden fishing boat model, miniature ocean decoration, home handmade gifts and accessories",Category: Bathroom Fixture.,in stock,new,68.99 USD,64.85 USD,https://bytebuy.store/product/aliexpress-55-70-1005012939258800/,https://ae-pic-a1.aliexpress-media.com/kf/Se10d3f8fd6524a53a50c7dc85e7d4cddV.jpg,ByteBuy,Bathroom Fixture,Bathroom Fixture,aliexpress-55-70
aliexpress-55-70-1005012675405133,AAA+ Oil Pressure Sensor 89637-30030 For Toyota Land Cruiser Lexus,Category: Automotive Sensors.,in stock,new,70.56 USD,67.03 USD,https://bytebuy.store/product/aliexpress-55-70-1005012675405133/,https://ae-pic-a1.aliexpress-media.com/kf/Sd844603d030948899d3005066b396c7aZ.jpg,ByteBuy,Automotive Sensors,Automotive Sensors,aliexpress-55-70
aliexpress-55-70-1005012373861029,"Metal Nut Splitter Tool Heavy Duty, 4PCS Nut Separatoed for Removing Broken, Damaged, Or Rusty Nuts Without Damaging Bolt Threa",Category: Car Maintenance Tools.,in stock,new,247.92 USD,59.50 USD,https://bytebuy.store/product/aliexpress-55-70-1005012373861029/,https://ae-pic-a1.aliexpress-media.com/kf/S0b134bfa976c4b36ac198325ce6aa41b1.jpg,ByteBuy,Car Maintenance Tools,Car Maintenance Tools,aliexpress-55-70
aliexpress-55-70-1005012764290843,Ulip 12 Inch Self-Heling Explosion-Proof Tubeless Tire For Xiaomi 5 Plus Electric Scooter 12 1/2x1/4 (57-203) Self-Repair Glue,Category: Cycling.,in stock,new,99.75 USD,56.85 USD,https://bytebuy.store/product/aliexpress-55-70-1005012764290843/,https://ae-pic-a1.aliexpress-media.com/kf/Sd56e4044ec7e42ae8b1e14d62b4bd789h.jpg,ByteBuy,Cycling,Cycling,aliexpress-55-70
aliexpress-55-70-1005012715155137,Premium Lab Strong Max 211 B135 Micromotor Electric Professional Nail Drill Machine Kit for Manicure,Category: Dental Supplies.,in stock,new,68.52 USD,65.78 USD,https://bytebuy.store/product/aliexpress-55-70-1005012715155137/,https://ae-pic-a1.aliexpress-media.com/kf/S2c68a4e4039445c095fbc9418c7f8c60T.jpg,ByteBuy,Dental Supplies,Dental Supplies,aliexpress-55-70
aliexpress-55-70-1005011794453847,Dongfeng Yixuan New Left and Right Steering Knuckles Replacement for D53/D58 Models,Category: Chassis Parts.,in stock,new,60.82 USD,58.39 USD,https://bytebuy.store/product/aliexpress-55-70-1005011794453847/,https://ae-pic-a1.aliexpress-media.com/kf/S883552ff8a854e3b860f6c2e9fe4b823S.jpg,ByteBuy,Chassis Parts,Chassis Parts,aliexpress-55-70
aliexpress-55-70-1005013060885466,12 PCS DLLA150S781 DLL150S788 DLLA142S791 DLLA142S792 DLLA150S825 DLLA34S837 Diesel Fuel Injector Nozzle,Category: Engines & Engine Parts.,in stock,new,62.92 USD,57.89 USD,https://bytebuy.store/product/aliexpress-55-70-1005013060885466/,https://ae-pic-a1.aliexpress-media.com/kf/S27840bc9caff4b239285f8efdddb89ee7.jpg,ByteBuy,Engines & Engine Parts,Engines & Engine Parts,aliexpress-55-70
aliexpress-55-70-1005012784127410,A+ Neutral Safety Switch Range Sensor 84540-TSA010 84540TSA010 For Toyota Yaris,Category: Automotive Sensors.,in stock,new,60.67 USD,57.64 USD,https://bytebuy.store/product/aliexpress-55-70-1005012784127410/,https://ae-pic-a1.aliexpress-media.com/kf/Sf94f4cce96a6495a9729e20762f1b89b4.jpg,ByteBuy,Automotive Sensors,Automotive Sensors,aliexpress-55-70
aliexpress-55-70-1005013205785262,Body Chain totally hand-made Fashion Pearl suspender vest Sexy Bra Chain Fashion Chest chain Night Club Beach Body Jewelry,Category: Customized Jewelry.,in stock,new,126.89 USD,63.44 USD,https://bytebuy.store/product/aliexpress-55-70-1005013205785262/,https://ae-pic-a1.aliexpress-media.com/kf/S3cc67e5b58dc41ae803dbeb9df94fe80r.jpg,ByteBuy,Customized Jewelry,Customized Jewelry,aliexpress-55-70
aliexpress-55-70-4000136510415,Brand New Air Filter 371-1806 Air Filter Element 7C-1571 For CAT 3412C Generator Set Air Clearer,Category: Wear Parts.,in stock,new,111.85 USD,67.11 USD,https://bytebuy.store/product/aliexpress-55-70-4000136510415/,https://ae-pic-a1.aliexpress-media.com/kf/Sdcd30eff719b4cb8854907ad0799b918V.png,ByteBuy,Wear Parts,Wear Parts,aliexpress-55-70
aliexpress-55-70-1005013192599397,Internal Solid State Drive 9100 Plus M.2 NGFF Portable High Speed Transfer Hard Drive SSD 500GB 1TB 2TB 4TB for Laptop,Category: Storage Device.,in stock,new,150.35 USD,58.63 USD,https://bytebuy.store/product/aliexpress-55-70-1005013192599397/,https://ae-pic-a1.aliexpress-media.com/kf/S900f484f5ba44249a05e8faefb6f2150c.png,ByteBuy,Storage Device,Storage Device,aliexpress-55-70
aliexpress-55-70-1005010160527590,"2025 New Model Matte Full Carbon Fiber Rest Handlebar, TT Bar, 25.4mm, 31.8mm, Bicycle Parts",Category: Cycling.,in stock,new,138.86 USD,61.10 USD,https://bytebuy.store/product/aliexpress-55-70-1005010160527590/,https://ae-pic-a1.aliexpress-media.com/kf/Sae2141df7be34d1b82899ca3ee3a567a1.jpg,ByteBuy,Cycling,Cycling,aliexpress-55-70
aliexpress-55-70-1005012393664573,"Portable Air Conditioners with 1500ML Tank, 5 Speeds Mini Evaporative Air Cooler with Remote and 2-10H Timer, Personal Air Cond",Category: Household Appliances.,in stock,new,251.95 USD,65.51 USD,https://bytebuy.store/product/aliexpress-55-70-1005012393664573/,https://ae-pic-a1.aliexpress-media.com/kf/Sfcf7b899a3234ecd8e12b460021a60a0F.jpg,ByteBuy,Household Appliances,Household Appliances,aliexpress-55-70
aliexpress-55-70-1005012831871353,"Car Cover For Geely Geometry E Waterproof Dustproof Outdoor Protection, UV Snow Sun Resistant Auto Exterior Cover Car Sunshade",Category: Exterior Accessories.,in stock,new,68.80 USD,65.65 USD,https://bytebuy.store/product/aliexpress-55-70-1005012831871353/,https://ae-pic-a1.aliexpress-media.com/kf/S96dcdd744a0d4e8f9f6d631514534721S.jpg,ByteBuy,Exterior Accessories,Exterior Accessories,aliexpress-55-70
aliexpress-55-70-1005012793213399,725pcs MOC Forest Men Hallows Eve Tree Castle Forestmen Model Building Blocks Architecture Toy Christmas Gift Idea Kids DIY,Category: Building & Construction Toys.,in stock,new,88.96 USD,61.38 USD,https://bytebuy.store/product/aliexpress-55-70-1005012793213399/,https://ae-pic-a1.aliexpress-media.com/kf/S7c857fd6d35d4aa1b61ee120758716b5r.jpg,ByteBuy,Building & Construction Toys,Building & Construction Toys,aliexpress-55-70
aliexpress-55-70-1005012466569966,4PCS High Quality 3919322 Fuel Injector For Cummins 4BT 6BT 5.9L 3.9L Diesel Engine,Category: Engines & Engine Parts.,in stock,new,64.41 USD,57.48 USD,https://bytebuy.store/product/aliexpress-55-70-1005012466569966/,https://ae-pic-a1.aliexpress-media.com/kf/S16d1db94ed944400a2a0590eb7d806dfj.jpeg,ByteBuy,Engines & Engine Parts,Engines & Engine Parts,aliexpress-55-70
aliexpress-55-70-1005010731330045,Drive Belt OEM 422280652 Fit for ATV Can Am Maverick X3 Bombardier High Performance Durable Replacement Belt,Category: Motorcycle & ATV.,in stock,new,119.54 USD,55.66 USD,https://bytebuy.store/product/aliexpress-55-70-1005010731330045/,https://ae-pic-a1.aliexpress-media.com/kf/Sd9a44762174f403b8663ee4baca336771.jpg,ByteBuy,Motorcycle & ATV,Motorcycle & ATV,aliexpress-55-70
aliexpress-55-70-1005012251907965,For MG6 GT two door universal V-type true carbon fiber car rear wing luggage compartment pressure wing spoiler car accessories,Category: Exterior Parts.,in stock,new,94.87 USD,56.92 USD,https://bytebuy.store/product/aliexpress-55-70-1005012251907965/,https://ae-pic-a1.aliexpress-media.com/kf/S7290bba6641645e2bd0aefa9eb2d977dO.png,ByteBuy,Exterior Parts,Exterior Parts,aliexpress-55-70
aliexpress-55-70-1005011695643810,2wheeled Land Surfboard Youth Dragon Waveboard 27*81cm Integrated Molding Silent Universal Wheel Simple Easy To Learn Beginners,"Category: Roller,Skateboard.",in stock,new,100.00 USD,58.00 USD,https://bytebuy.store/product/aliexpress-55-70-1005011695643810/,https://ae-pic-a1.aliexpress-media.com/kf/S3716f7fd34624b76adb110e148020a44L.jpg,ByteBuy,"Roller,Skateboard","Roller,Skateboard",aliexpress-55-70
aliexpress-55-70-1005013202155149,For Honda Avancier 2017-2019 Car Front Headlamps Cover Transparent Lampshade Headlights Plexiglass Housing Replace Shade,Category: Car Lights.,in stock,new,101.41 USD,59.83 USD,https://bytebuy.store/product/aliexpress-55-70-1005013202155149/,https://ae-pic-a1.aliexpress-media.com/kf/S00afa20b7d6f4d67bd1b3711166756d6a.jpg,ByteBuy,Car Lights,Car Lights,aliexpress-55-70
aliexpress-55-70-1005012693830961,For HP Probook 430 G5 440 G5 DA0X8BMB6F0 DA0X8BMB6G0 Laptop Motherboard i3 i5 i7-7th/8th Gen CPU L01036-601 L01040-601,Category: Computer Components.,in stock,new,143.00 USD,67.21 USD,https://bytebuy.store/product/aliexpress-55-70-1005012693830961/,https://ae-pic-a1.aliexpress-media.com/kf/S7af5c947cc15475c9945ed3aaaabce23W.jpg,ByteBuy,Computer Components,Computer Components,aliexpress-55-70
aliexpress-55-70-1005013266928969,Stylish Ladies Crossbody Bag Genuine Leather Shoulder Handbag Designer Women's Fashion Purse,Category: Women's Handbags.,in stock,new,181.83 USD,66.55 USD,https://bytebuy.store/product/aliexpress-55-70-1005013266928969/,https://ae-pic-a1.aliexpress-media.com/kf/S91770337a6a64f25b2567fa2c1713dc02.jpg,ByteBuy,Women's Handbags,Women's Handbags,aliexpress-55-70
aliexpress-55-70-1005012178676667,Creative Marine Rescue Boat Light Up Building Blocks Set Coral Reef Shipwreck Scene MOC Model Desktop Decoration Gift For Kids,Category: Building & Construction Toys.,in stock,new,126.79 USD,60.86 USD,https://bytebuy.store/product/aliexpress-55-70-1005012178676667/,https://ae-pic-a1.aliexpress-media.com/kf/S2a25df81b64c490891c8e5442cbc1a57n.jpg,ByteBuy,Building & Construction Toys,Building & Construction Toys,aliexpress-55-70
aliexpress-55-70-1005010265702795,Skull Printed Mens Suit Pant Sets Trajes De Hombre Modernos Halloween Costumes Luxury Designer Nightclub Party Blazer Trousers,Category: Suits & Blazer.,in stock,new,99.98 USD,59.99 USD,https://bytebuy.store/product/aliexpress-55-70-1005010265702795/,https://ae-pic-a1.aliexpress-media.com/kf/S2758d30b1444415abaed0e3d8e09ee32e.jpg,ByteBuy,Suits & Blazer,Suits & Blazer,aliexpress-55-70
aliexpress-55-70-1005010784942555,Wild fishing special fishing chair stepless seat portable folding small multi-functional fishing stool,Category: Cycling.,in stock,new,75.62 USD,65.03 USD,https://bytebuy.store/product/aliexpress-55-70-1005010784942555/,https://ae-pic-a1.aliexpress-media.com/kf/S730d5aa864bb498ab015e1f52de2f382k.jpg,ByteBuy,Cycling,Cycling,aliexpress-55-70
aliexpress-55-70-1005012015119539,For Toyota 2024 2025 Land Cruiser 250 LC250 Intelligent Auto Headlight Shut Off Device Prevent Dead Battery Easy Installation,Category: Interior Accessories.,in stock,new,73.09 USD,64.32 USD,https://bytebuy.store/product/aliexpress-55-70-1005012015119539/,https://ae-pic-a1.aliexpress-media.com/kf/Sdbd10bc7077c4865a809fe71457fd2d1u.jpg,ByteBuy,Interior Accessories,Interior Accessories,aliexpress-55-70
aliexpress-55-70-1005012784722714,d For Applicable to DD0X8SLCI00/I10/I20 HP battle 66 sixth generation 445 440 G10 screen cable screen cable,Category: Laptop Parts & Accessories.,in stock,new,60.03 USD,57.63 USD,https://bytebuy.store/product/aliexpress-55-70-1005012784722714/,https://ae-pic-a1.aliexpress-media.com/kf/S61062542e69e47569d1e9a0459d18d0aa.jpg,ByteBuy,Laptop Parts & Accessories,Laptop Parts & Accessories,aliexpress-55-70
aliexpress-55-70-1005008980328323,For BMW 6 Series GT G32 2021 2022 2023 Car Front Bumper Radiator Grille Single Line Model Racing Model Water Tank Cover Body Kit,Category: Exterior Parts.,in stock,new,126.89 USD,63.45 USD,https://bytebuy.store/product/aliexpress-55-70-1005008980328323/,https://ae-pic-a1.aliexpress-media.com/kf/S7ec3c0ee97ac4552a9ef35feb2ecbf7cG.jpg,ByteBuy,Exterior Parts,Exterior Parts,aliexpress-55-70
aliexpress-55-70-1005012612322037,FOR VOGE DS625X Handlebar Riser Base One-Piece Formed Heightening Backward Shifting Design Correction for Factory Setup,Category: Modification&Protection.,in stock,new,203.73 USD,67.23 USD,https://bytebuy.store/product/aliexpress-55-70-1005012612322037/,https://ae-pic-a1.aliexpress-media.com/kf/S99a3dd941e6d4f7f9f2c6e680ffc213dI.jpg,ByteBuy,Modification&Protection,Modification&Protection,aliexpress-55-70
aliexpress-55-70-1005006384324694,For Toyota Noah Voxy 2013 to 2022 Rear Roof Spoiler High Quality ABS DIY Color Rear Trunk Boot Lip Wing Spoiler Car Styling,Category: Exterior Parts.,in stock,new,107.49 USD,66.64 USD,https://bytebuy.store/product/aliexpress-55-70-1005006384324694/,https://ae-pic-a1.aliexpress-media.com/kf/Scd171beb01e04e1fa7cb8c6ac24e72278.jpg,ByteBuy,Exterior Parts,Exterior Parts,aliexpress-55-70
aliexpress-55-70-1005012931373103,PHANTOM Men's Manual Winding Mechanical Watch 8120 Movement 36mm Retro Business Timepiece Classic Simple Watch,Category: Men's Watches.,in stock,new,140.93 USD,63.42 USD,https://bytebuy.store/product/aliexpress-55-70-1005012931373103/,https://ae-pic-a1.aliexpress-media.com/kf/S09f0ed9cc4ee476192cf71ad28c6fb164.jpg,ByteBuy,Men's Watches,Men's Watches,aliexpress-55-70
aliexpress-55-70-1005011814831465,YULEM Natural Brazilian Tourmaline Colorful Earrings Genuine Sterling Silver Exquisite Glamour Wedding Jewelry for Women,Category: Fine Jewelry.,in stock,new,129.90 USD,63.65 USD,https://bytebuy.store/product/aliexpress-55-70-1005011814831465/,https://ae-pic-a1.aliexpress-media.com/kf/Sa5740614d819437c8c3663623db0882cn.jpg,ByteBuy,Fine Jewelry,Fine Jewelry,aliexpress-55-70
aliexpress-55-70-1005009455751907,QUEEN X MOTO Custom Team Graphics Decals Stickers Kit For Husqvarna Decal 15-20 701 SUPERMOTO ENDURO 2015-17 2018 2019 2020 003,Category: Ornamental & Cleaning.,in stock,new,107.57 USD,63.47 USD,https://bytebuy.store/product/aliexpress-55-70-1005009455751907/,https://ae-pic-a1.aliexpress-media.com/kf/S930060e267e94907920b50be4600db11H.jpg,ByteBuy,Ornamental & Cleaning,Ornamental & Cleaning,aliexpress-55-70
aliexpress-55-70-1005012007905142,1.6cttw Waterdrop Moissanite Huggies Hoop Earrings with Certificates 925 Sterling Silver Pear Cut Diamond Earring for Women Men,Category: Fine Jewelry.,in stock,new,144.70 USD,69.46 USD,https://bytebuy.store/product/aliexpress-55-70-1005012007905142/,https://ae-pic-a1.aliexpress-media.com/kf/S21f432789f304761ab9cbc291d484a804.jpg,ByteBuy,Fine Jewelry,Fine Jewelry,aliexpress-55-70
aliexpress-55-70-1005012724848818,A2711801410 Oil Cooler For Mercedes Benz W204 C180/200 W207 W212 E200/260 SLK200 Engine Oil Filter Housing Assembly 2711801010,Category: Engines & Engine Parts.,in stock,new,64.57 USD,61.34 USD,https://bytebuy.store/product/aliexpress-55-70-1005012724848818/,https://ae-pic-a1.aliexpress-media.com/kf/S6a723e78948845efa18a4afa89bb2f2c9.jpg,ByteBuy,Engines & Engine Parts,Engines & Engine Parts,aliexpress-55-70
aliexpress-55-70-1005012333504927,904 PCS MOC Summer Village Fire Station Building Blocks Educational DIY Assembly Toy Birthday Gifts For Collection And Display,Category: Building & Construction Toys.,in stock,new,144.13 USD,69.18 USD,https://bytebuy.store/product/aliexpress-55-70-1005012333504927/,https://ae-pic-a1.aliexpress-media.com/kf/S18285e67ff034de293b3109b704781b79.jpg,ByteBuy,Building & Construction Toys,Building & Construction Toys,aliexpress-55-70
aliexpress-55-70-1005013105436487,Luxury Leather Shoes Men Casual Rotary Button Bussiness Boss Loafers Lazy Swivel Buckle Sneakers Travel Walking Barefoot Brown,Category: Men's Shoes.,in stock,new,134.82 USD,66.06 USD,https://bytebuy.store/product/aliexpress-55-70-1005013105436487/,https://ae-pic-a1.aliexpress-media.com/kf/Sa8781cb8b465445786a31ff43ef8f8dcK.jpg,ByteBuy,Men's Shoes,Men's Shoes,aliexpress-55-70
aliexpress-55-70-1005013293396046,Needy Overdose Oni Bara Miketsuka Cosplay Costume Full Set Carnival Uniform Halloween Party Masquerade Women Game,Category: Cosplay Costumes.,in stock,new,170.62 USD,61.29 USD,https://bytebuy.store/product/aliexpress-55-70-1005013293396046/,https://ae-pic-a1.aliexpress-media.com/kf/S4b6cfb272ebd4e9c99a6cc660cc6a723L.jpg,ByteBuy,Cosplay Costumes,Cosplay Costumes,aliexpress-55-70
aliexpress-55-70-1005011925720255,Torayvino Sensor Faucet Free Touch Bathroom Basin Faucet Hot Cold Water Save tap Mixer Automatic accessories faucets and sinks,Category: Bathroom Fixture.,in stock,new,105.00 USD,67.20 USD,https://bytebuy.store/product/aliexpress-55-70-1005011925720255/,https://ae-pic-a1.aliexpress-media.com/kf/S88257ddc1d334fd488de1de3d458ffb4h.jpg,ByteBuy,Bathroom Fixture,Bathroom Fixture,aliexpress-55-70
aliexpress-55-70-1005012866730129,"For Applicable, mechanical revolution Jiaolong 16-76Q2 16-76Q3 Jiaolong 16-75F0 Jiaolong 16pro screen cable",Category: Laptop Parts & Accessories.,in stock,new,66.19 USD,60.89 USD,https://bytebuy.store/product/aliexpress-55-70-1005012866730129/,https://ae-pic-a1.aliexpress-media.com/kf/S70da3235c44e4f8c8d5645ad6d25ad458.jpg,ByteBuy,Laptop Parts & Accessories,Laptop Parts & Accessories,aliexpress-55-70
aliexpress-55-70-1005008465104622,Mass Air Flow Sensor For Jaguar XJ Land Rover Range Rover ERR5198 ERR5198G ESR1057L ESR1057 DBC10852,Category: Automotive Sensors.,in stock,new,70.99 USD,56.79 USD,https://bytebuy.store/product/aliexpress-55-70-1005008465104622/,https://ae-pic-a1.aliexpress-media.com/kf/H0fe3fc25adac45fa9805f0469edfcab64.jpg,ByteBuy,Automotive Sensors,Automotive Sensors,aliexpress-55-70
aliexpress-55-70-1005008195024653,Playable Multi Colors DTM style Light LED Angel Eyes Rings Kit with APP control turn signal for BMW E60 E61 Pre LCI 2003-2007,Category: Car Lights.,in stock,new,59.54 USD,56.82 USD,https://bytebuy.store/product/aliexpress-55-70-1005008195024653/,https://ae-pic-a1.aliexpress-media.com/kf/S7e68e57c25d143a1b5067795bc23c7f2O.jpg,ByteBuy,Car Lights,Car Lights,aliexpress-55-70
aliexpress-55-70-1005012023075493,For Genesis G80 2020-2024 Rear Seat Multimedia Control Frame Carbon Fiber Look Trim Cover Interior Decoration Sticker Accessory,Category: Interior Accessories.,in stock,new,70.11 USD,67.31 USD,https://bytebuy.store/product/aliexpress-55-70-1005012023075493/,https://ae-pic-a1.aliexpress-media.com/kf/S9b49f6fd17d54857a5791fbc10146982a.jpg,ByteBuy,Interior Accessories,Interior Accessories,aliexpress-55-70
aliexpress-70-85-1005012880152881,Bicycle Adjusting Table Wheel Calibration Table Wheel Group Correction Frame Mountain Bike Correction Table Dragon Frame Tool,Category: Tool Sets.,in stock,new,83.21 USD,72.39 USD,https://bytebuy.store/product/aliexpress-70-85-1005012880152881/,https://ae-pic-a1.aliexpress-media.com/kf/S6a22560ae7814f5690c390d1dde13dd7X.jpg,ByteBuy,Tool Sets,Tool Sets,aliexpress-70-85
aliexpress-70-85-1005013017665415,AT318139 Electronic Pump For Perkins HP-404C-22 KD-103-10 KE-103-15 KN-102-05 Engine,Category: Engines & Engine Parts.,in stock,new,83.20 USD,76.54 USD,https://bytebuy.store/product/aliexpress-70-85-1005013017665415/,https://ae-pic-a1.aliexpress-media.com/kf/S0bebbc0088ea411aa356fe00ed4cc0e00.jpg,ByteBuy,Engines & Engine Parts,Engines & Engine Parts,aliexpress-70-85
aliexpress-70-85-1005012918564630,"Adidas ""Vitality Accompanying Bag"" Large Capacity Commuter School Bag Light Blue Backpack KY9942",Category: Sport Bags.,in stock,new,152.23 USD,70.02 USD,https://bytebuy.store/product/aliexpress-70-85-1005012918564630/,https://ae-pic-a1.aliexpress-media.com/kf/S3520a24a095b4d36a461c0e830b97bf2z.jpg,ByteBuy,Sport Bags,Sport Bags,aliexpress-70-85
aliexpress-70-85-1005007090007514,Slip On For Kawasaki KX250 KX 250 X 2021 2022 2023 2024 Motorcycle System Exhaust Escape Moto titanium alloy Front Link Pipe,Category: Motorcycle Parts.,in stock,new,104.20 USD,83.36 USD,https://bytebuy.store/product/aliexpress-70-85-1005007090007514/,https://ae-pic-a1.aliexpress-media.com/kf/S869ba6c8cd1a41ec84458af3c1c00a50P.jpg,ByteBuy,Motorcycle Parts,Motorcycle Parts,aliexpress-70-85
aliexpress-70-85-1005012957926429,Custom For BAIC E-Series E130 E150 Hatchback Sedan 2011-2015 All Weather Car Floor Mats Waterproof Anti Slip Accessories LHD/RHD,Category: Interior Accessories.,in stock,new,134.82 USD,79.54 USD,https://bytebuy.store/product/aliexpress-70-85-1005012957926429/,https://ae-pic-a1.aliexpress-media.com/kf/S7b55116bca284528880fd05dad0b0126m.jpg,ByteBuy,Interior Accessories,Interior Accessories,aliexpress-70-85
aliexpress-70-85-1005012155655818,For Zontes 150X Motorcycle Premium Rear Backrest Passenger Seat Backrest Lumbar Support Spoiler Wing Modified Kit,Category: Motorcycle Parts.,in stock,new,209.72 USD,79.69 USD,https://bytebuy.store/product/aliexpress-70-85-1005012155655818/,https://ae-pic-a1.aliexpress-media.com/kf/Sfb5efba52b294cbda9a7ba79de96f4f0G.png,ByteBuy,Motorcycle Parts,Motorcycle Parts,aliexpress-70-85
aliexpress-70-85-1005012865721722,Metal Bike Basket Sturdy Duty Vehicle Accessory Resistant for Commuting,"Category: Kitchen,Dining & Bar.",in stock,new,161.84 USD,80.92 USD,https://bytebuy.store/product/aliexpress-70-85-1005012865721722/,https://ae-pic-a1.aliexpress-media.com/kf/S7b9044c221034db18f6d94a4b2a032feJ.jpg,ByteBuy,"Kitchen,Dining & Bar","Kitchen,Dining & Bar",aliexpress-70-85
aliexpress-70-85-1005012155221019,Navy Blue Women Two Piece Business Suit Single Button Blazer and Slim Pants Elegant Formal Office Work Wear Lady Fashion Outfit,Category: Blazer & Suits.,in stock,new,102.00 USD,81.60 USD,https://bytebuy.store/product/aliexpress-70-85-1005012155221019/,https://ae-pic-a1.aliexpress-media.com/kf/S2fa7a7b8dae649d3a2016989ec6a47c1k.png,ByteBuy,Blazer & Suits,Blazer & Suits,aliexpress-70-85
aliexpress-70-85-1005013095936522,【ZW】GSC Nendoron 2812 Blue Archive Asuka Horse Figures Model Toy Gift Collection,Category: Action & Toy Figures.,in stock,new,99.25 USD,72.45 USD,https://bytebuy.store/product/aliexpress-70-85-1005013095936522/,https://ae-pic-a1.aliexpress-media.com/kf/S89bbac6f6dd9491bb98d9178fbdd41f6G.jpg,ByteBuy,Action & Toy Figures,Action & Toy Figures,aliexpress-70-85
aliexpress-70-85-1005012800838353,For Use with Zontes 150X Heightened Windscreen High Transparent PMMA Material Front Windshield Attached Extension Rod,Category: Motorcycle Parts.,in stock,new,87.35 USD,84.82 USD,https://bytebuy.store/product/aliexpress-70-85-1005012800838353/,https://ae-pic-a1.aliexpress-media.com/kf/S72013c692b084ecbbd328a5889c4174eY.jpg,ByteBuy,Motorcycle Parts,Motorcycle Parts,aliexpress-70-85
aliexpress-70-85-1005012290442073,New Cowhide Crossbody Bag Large Capacity Flap Messenger Bag Business Commuter Versatile Genuine Leather Men Shoulder Bag,Category: Men's Bags.,in stock,new,139.56 USD,71.18 USD,https://bytebuy.store/product/aliexpress-70-85-1005012290442073/,https://ae-pic-a1.aliexpress-media.com/kf/S5fe822d4bf194cfb88d28d7ef1691770t.jpg,ByteBuy,Men's Bags,Men's Bags,aliexpress-70-85
aliexpress-70-85-1005008580079233,UMI MAO New Chinese Fashion Tops Satin Printed Shirt For Women Handsome And Lazy Black Thin Top Coat Femme,Category: Shirts & Blouses.,in stock,new,125.83 USD,84.31 USD,https://bytebuy.store/product/aliexpress-70-85-1005008580079233/,https://ae-pic-a1.aliexpress-media.com/kf/S19e34d856968497886b3a3048c04335a4.jpg,ByteBuy,Shirts & Blouses,Shirts & Blouses,aliexpress-70-85
aliexpress-70-85-1005012854045178,Side Leg Shield Wing Deflector Side Leg Shield Wing Deflector For 368G All Motorcycle Left Right Fairing Cover Protection Board,Category: Modification&Protection.,in stock,new,83.29 USD,73.30 USD,https://bytebuy.store/product/aliexpress-70-85-1005012854045178/,https://ae-pic-a1.aliexpress-media.com/kf/Sfcdb7ddc26b743a1980a347c6ce04d86O.jpg,ByteBuy,Modification&Protection,Modification&Protection,aliexpress-70-85
aliexpress-70-85-1005012577566280,【PHONE ACCESSORY】ACR1552U-M1 USB For Reader/Writer Bluetooth Smart Technology For Non-Contact Card Readings- Supports For NF,Category: Access Building Automation.,in stock,new,160.51 USD,73.83 USD,https://bytebuy.store/product/aliexpress-70-85-1005012577566280/,https://ae-pic-a1.aliexpress-media.com/kf/Sce7318a4d5e3418b8899eb4b1dafa4d53.jpg,ByteBuy,Access Building Automation,Access Building Automation,aliexpress-70-85
aliexpress-70-85-1005012817239012,NEW 1261PCS Salmon Waterfall Nature Scene MOC Model Custom Puzzle DIY Assembly Creative Animal Building Blocks Educational Toy,Category: Building & Construction Toys.,in stock,new,167.95 USD,78.94 USD,https://bytebuy.store/product/aliexpress-70-85-1005012817239012/,https://ae-pic-a1.aliexpress-media.com/kf/S42cd7acfcf5544778759626c34021664y.jpg,ByteBuy,Building & Construction Toys,Building & Construction Toys,aliexpress-70-85
aliexpress-70-85-1005013165511882,Indoor Dryer Ventilation Kit Retractable Exhaust Hose Barrel,"Category: Heating, Cooling & Vents.",in stock,new,80.89 USD,72.19 USD,https://bytebuy.store/product/aliexpress-70-85-1005013165511882/,https://ae-pic-a1.aliexpress-media.com/kf/S5a99f0ce56364344872c55770af38ebb4.jpg,ByteBuy,"Heating, Cooling & Vents","Heating, Cooling & Vents",aliexpress-70-85
aliexpress-70-85-1005010297966490,Y For Dell Latitude 5420 E5420 Laptop Bottom Cover D Shell Base Case 063DTN 63DTN,Category: Laptop Parts & Accessories.,in stock,new,80.63 USD,77.40 USD,https://bytebuy.store/product/aliexpress-70-85-1005010297966490/,https://ae-pic-a1.aliexpress-media.com/kf/Sae53469f43d04b01accdb08d08e88fecq.jpg,ByteBuy,Laptop Parts & Accessories,Laptop Parts & Accessories,aliexpress-70-85
aliexpress-70-85-1005012956083486,Fit For HONDA NC750X NC 750X NC750 X 2021-2023 2024 Motorcycle Highway Engine Guard Crash Bar Frame Bumper Fairing Protector Bar,Category: Modification&Protection.,in stock,new,96.56 USD,76.28 USD,https://bytebuy.store/product/aliexpress-70-85-1005012956083486/,https://ae-pic-a1.aliexpress-media.com/kf/S5e2ee9899b784a4f850bfc084e20af81B.jpg,ByteBuy,Modification&Protection,Modification&Protection,aliexpress-70-85
aliexpress-70-85-1005012992400507,GOOD Fuel Filter Electronic Pump 361-9554 Diesel Engine Fuel Water Separator Pump 3615994 For CAT for JCB200/240/360,Category: Wear Parts.,in stock,new,82.39 USD,70.03 USD,https://bytebuy.store/product/aliexpress-70-85-1005012992400507/,https://ae-pic-a1.aliexpress-media.com/kf/Sb9f9ce37c6bf4951b4a4bace220d16370.jpg,ByteBuy,Wear Parts,Wear Parts,aliexpress-70-85
aliexpress-70-85-1005012193766846,Diaphragm RV water Automatic start and stop 12v electric DC booster large flow Self-priming pressure pump,Category: Cycling.,in stock,new,94.49 USD,71.81 USD,https://bytebuy.store/product/aliexpress-70-85-1005012193766846/,https://ae-pic-a1.aliexpress-media.com/kf/S942a99ad1a8c498fb5dd2c6b220651d2l.jpg,ByteBuy,Cycling,Cycling,aliexpress-70-85
aliexpress-70-85-1005012190822990,1pc HEP Electric Valve Positioner HEP-15 Coil HEP-16 Positioner Amplifier HEP-15 Feedback Module,Category: Power Tool Parts & Accessories.,in stock,new,92.88 USD,84.52 USD,https://bytebuy.store/product/aliexpress-70-85-1005012190822990/,https://ae-pic-a1.aliexpress-media.com/kf/S22faf92f1ee0410bb3ab1ae8eee0ee85R.jpg,ByteBuy,Power Tool Parts & Accessories,Power Tool Parts & Accessories,aliexpress-70-85
aliexpress-70-85-1005012714739438,5 Ft Tall Pumpkin with Projector Face and Music Halloween Inflatable Pumpkin Outdoor Decoration Blow Up Yard Decorations with LEDs for Halloween Party,Category: Novelty & Gag Toys.,in stock,new,223.55 USD,76.01 USD,https://bytebuy.store/product/aliexpress-70-85-1005012714739438/,https://ae-pic-a1.aliexpress-media.com/kf/S73a805199bdc4d058f6b982fb5388c62G.jpg,ByteBuy,Novelty & Gag Toys,Novelty & Gag Toys,aliexpress-70-85
aliexpress-70-85-1005012115776514,Pink Sleeveless Kids Dress Girls Bowknot Puff Sleeves Birthday Party Fancy Dress Children Summer Sundress,Category: Customized Dresses.,in stock,new,76.99 USD,76.22 USD,https://bytebuy.store/product/aliexpress-70-85-1005012115776514/,https://ae-pic-a1.aliexpress-media.com/kf/S1af1f2bbbe29441691198662d58e79cf6.jpg,ByteBuy,Customized Dresses,Customized Dresses,aliexpress-70-85
aliexpress-70-85-1005010650177413,Local Tyrant Gold Alloy Steel Baseball Bat Baseball Car Self-defense Baseball Bat Gold,Category: Team Sports.,in stock,new,153.96 USD,72.36 USD,https://bytebuy.store/product/aliexpress-70-85-1005010650177413/,https://ae-pic-a1.aliexpress-media.com/kf/S81d0c299279f4b8bb42ad6dd4297dd14z.jpg,ByteBuy,Team Sports,Team Sports,aliexpress-70-85
aliexpress-70-85-1005009710256785,Stripes Round Toe Rhinestones Sandals Slip On Flat with Slingback Sandals for Women 2024 New Summer Plus Size 46 Solid Luxury,Category: Women's Shoes.,in stock,new,146.74 USD,73.37 USD,https://bytebuy.store/product/aliexpress-70-85-1005009710256785/,https://ae-pic-a1.aliexpress-media.com/kf/S6fe8dcfd506140d1be0ab2ed608ef95fw.jpg,ByteBuy,Women's Shoes,Women's Shoes,aliexpress-70-85
aliexpress-70-85-1005009609601844,METALFISH Flex 500/600W 80PLUS GOLD Full Modular Power Supply Flex-ATX 1U PSU For ITX Mini PC POS NAS GPU Dock 90~264V,Category: Computer Components.,in stock,new,191.38 USD,84.21 USD,https://bytebuy.store/product/aliexpress-70-85-1005009609601844/,https://ae-pic-a1.aliexpress-media.com/kf/Sb72cee31d5fa478c860b96700e6fd4c5H.jpg,ByteBuy,Computer Components,Computer Components,aliexpress-70-85
aliexpress-70-85-1005008401085226,360 degree Rotation Universal Car Holder Desktop Mount For Industrial tablet pc holderTablet/iPad,Category: Interior Accessories.,in stock,new,83.11 USD,70.64 USD,https://bytebuy.store/product/aliexpress-70-85-1005008401085226/,https://ae-pic-a1.aliexpress-media.com/kf/S09165978af534f8296d5d4293bac83adF.jpg,ByteBuy,Interior Accessories,Interior Accessories,aliexpress-70-85
aliexpress-70-85-1005009250671501,"For Legion 5-15IMH05 laptop Screen 15.6"",FHD,Non-Touch,Anti-Glare,IPS FRU: 00NY692 01YN139 01YN145 5D10X81512 5D11B07672",Category: Laptop Parts & Accessories.,in stock,new,100.00 USD,85.00 USD,https://bytebuy.store/product/aliexpress-70-85-1005009250671501/,https://ae-pic-a1.aliexpress-media.com/kf/S24fb839bd5004ef1b9a962652aedbcd4Z.jpg,ByteBuy,Laptop Parts & Accessories,Laptop Parts & Accessories,aliexpress-70-85
aliexpress-70-85-1005009887255740,Motorcycles Front Head Light Lamp Headlight Headlamp Headlight Retro For Super73 S1 S2 RX Y1 Electric Dirt Bike Ebikes,Category: Motorcycle Parts.,in stock,new,102.15 USD,81.72 USD,https://bytebuy.store/product/aliexpress-70-85-1005009887255740/,https://ae-pic-a1.aliexpress-media.com/kf/S4414606e9ba74a07b9ff3cec9c6f3d58d.jpg,ByteBuy,Motorcycle Parts,Motorcycle Parts,aliexpress-70-85
aliexpress-70-85-1005012445728067,SMX SB Pump Solenoid 44-6727 New Condition for Refrigeration Unit with Gasket Media-Refrigerant,"Category: Packaging, Printing & Supporting Equipment.",in stock,new,87.56 USD,84.06 USD,https://bytebuy.store/product/aliexpress-70-85-1005012445728067/,https://ae-pic-a1.aliexpress-media.com/kf/S814f200e9b0f4559a4735ec777e499bdF.jpg,ByteBuy,"Packaging, Printing & Supporting Equipment","Packaging, Printing & Supporting Equipment",aliexpress-70-85
aliexpress-70-85-1005009303925991,New KP35-0028 Billet Turbo Chra 54359710043 For BMW 1 F20 F21 125d 08.11 12.11 Schragheck 155kw 211Ps 160kw 218Ps 1995ccm 782325,Category: Engines & Engine Parts.,in stock,new,125.99 USD,75.59 USD,https://bytebuy.store/product/aliexpress-70-85-1005009303925991/,https://ae-pic-a1.aliexpress-media.com/kf/S3d28597285a1474395066f6a4275c86d5.jpg,ByteBuy,Engines & Engine Parts,Engines & Engine Parts,aliexpress-70-85
aliexpress-70-85-1005012484144186,New Fixed Rear Airfoil For DUCATI Panigale V2 V4 V4S V4R Streetfighter V2 V4 V4S V4R 2018-2024 Spoiler Winglets For Motorcycle,Category: Motorcycle Parts.,in stock,new,90.00 USD,72.00 USD,https://bytebuy.store/product/aliexpress-70-85-1005012484144186/,https://ae-pic-a1.aliexpress-media.com/kf/Saf529aa75f62472bbd77657ebb540ef4H.png,ByteBuy,Motorcycle Parts,Motorcycle Parts,aliexpress-70-85
aliexpress-70-85-1005010339033890,HKSH 2025 Winter New Women's Short Down Coat Stand Collar Zipper Patchwork Waist Cinching Dark Trend Warm Puffer Jackets HK15392,Category: Parkas.,in stock,new,142.42 USD,74.06 USD,https://bytebuy.store/product/aliexpress-70-85-1005010339033890/,https://ae-pic-a1.aliexpress-media.com/kf/S40cec540053b461ab6fbb6d6d73fafbcg.jpg,ByteBuy,Parkas,Parkas,aliexpress-70-85
aliexpress-70-85-1005012822859762,Ski Suit Cold-proof Men Women One-piece Outdoor Waterproof and Windproof Thickened Warm Integrated Cycling Fishing Suit Winter,Category: Skiing & Snowboarding.,in stock,new,174.31 USD,83.67 USD,https://bytebuy.store/product/aliexpress-70-85-1005012822859762/,https://ae-pic-a1.aliexpress-media.com/kf/S6a5fdbc666064d00934c3d9efe2380f3a.jpg,ByteBuy,Skiing & Snowboarding,Skiing & Snowboarding,aliexpress-70-85
aliexpress-70-85-1005013228288581,Men's Durable Undetectable Scalloped Natural Hairline Human Hair Toupee Cheap Hairpieces Injected Long Last Capilary Prosthesis,Category: Human Hair (For White).,in stock,new,115.00 USD,74.75 USD,https://bytebuy.store/product/aliexpress-70-85-1005013228288581/,https://ae-pic-a1.aliexpress-media.com/kf/S7808a53d30ce416aae448fb90c8e3e3ee.jpg,ByteBuy,Human Hair (For White),Human Hair (For White),aliexpress-70-85
aliexpress-70-85-1005008013239409,New Power Steering Pump For Mitsubishi Pajero Shogun Sport / Challenger K94 - 2.5TD 98+ MR210173 MR374897 MI56425236,Category: Chassis Parts.,in stock,new,118.49 USD,74.65 USD,https://bytebuy.store/product/aliexpress-70-85-1005008013239409/,https://ae-pic-a1.aliexpress-media.com/kf/S4b6f8b1655ef48d9abd2feda3ba20fe9b.jpg,ByteBuy,Chassis Parts,Chassis Parts,aliexpress-70-85
aliexpress-70-85-1005012155943431,MOC Creative Expert Ideas City Train 117pcs Tracks Single Slip Switch Crossings Rails Bricks Building Blocks DIY Toys gifts,Category: Building & Construction Toys.,in stock,new,143.03 USD,70.08 USD,https://bytebuy.store/product/aliexpress-70-85-1005012155943431/,https://ae-pic-a1.aliexpress-media.com/kf/Sffaea8f5b4b34425a3a65720677f9cc1f.jpg,ByteBuy,Building & Construction Toys,Building & Construction Toys,aliexpress-70-85
aliexpress-70-85-1005013191604261,Brand Sale Vibram Five Fingers Shoes Non‑slip Walking Shoes Indoor Five Toe Training Shoes Unisex Yoga Pilates Barefoot Shoes,Category: Sneakers.,in stock,new,194.97 USD,79.94 USD,https://bytebuy.store/product/aliexpress-70-85-1005013191604261/,https://ae-pic-a1.aliexpress-media.com/kf/Sc0bc23d320134e33a9660b9729ec7e12o.jpg,ByteBuy,Sneakers,Sneakers,aliexpress-70-85
aliexpress-70-85-32798255609,CITYCARAUTO AIRFLOW AUTO SNORKEL FOR LANDCRUISER 4500 80 SERIES (ALL MODELS)LC80 FJ80 LX450 Air Intake pipe manifold Kit Set,Category: Engines & Engine Parts.,in stock,new,74.76 USD,71.02 USD,https://bytebuy.store/product/aliexpress-70-85-32798255609/,https://ae-pic-a1.aliexpress-media.com/kf/H1d8f8d15b83348d2a58b7a11e40a2e24H.jpg,ByteBuy,Engines & Engine Parts,Engines & Engine Parts,aliexpress-70-85
aliexpress-70-85-1005010420779170,Motorcycle Flame Backrest Sissy Bar With Leather Pad For 1986-2013 Kawasaki Vulcan 1500 Classic,Category: Motorcycle Parts.,in stock,new,99.55 USD,79.64 USD,https://bytebuy.store/product/aliexpress-70-85-1005010420779170/,https://ae-pic-a1.aliexpress-media.com/kf/Sa37a9869d50143b3adf0d19035a97b3fm.jpg,ByteBuy,Motorcycle Parts,Motorcycle Parts,aliexpress-70-85
aliexpress-70-85-1005012480222376,"FRASER IC SL Integrated MTB Handlebar, One-Piece Carbon Fiber Cockpit 70-110mm Stem 660-740mm Width for XC Cross Country Racing",Category: Cycling.,in stock,new,160.00 USD,76.80 USD,https://bytebuy.store/product/aliexpress-70-85-1005012480222376/,https://ae-pic-a1.aliexpress-media.com/kf/A4721b203863546f9966c5ed965f4ebd4E.jpg,ByteBuy,Cycling,Cycling,aliexpress-70-85
aliexpress-70-85-1005011524525745,WUFEN CCS2 to CCS1 Adapter 250A 250kW From CCS2 to CCS1 DC Electric Vehicle Charger DC 1000V Fast Ev Charging Adapter,Category: New Energy Vehicle Parts & Accessories.,in stock,new,84.71 USD,78.85 USD,https://bytebuy.store/product/aliexpress-70-85-1005011524525745/,https://ae-pic-a1.aliexpress-media.com/kf/Sd916641f58ae4e5d9837f2cbe6ce6526t.jpg,ByteBuy,New Energy Vehicle Parts & Accessories,New Energy Vehicle Parts & Accessories,aliexpress-70-85
aliexpress-70-85-1005012218832106,Oversee 62Y-W0001-22-00 Lower Unit Gasket Set For Yamaha 4T 40-50HP 69W-15312,Category: Boats.,in stock,new,88.00 USD,84.48 USD,https://bytebuy.store/product/aliexpress-70-85-1005012218832106/,https://ae-pic-a1.aliexpress-media.com/kf/S2f64836a971d4a13a344aed950d9f96dL.jpg,ByteBuy,Boats,Boats,aliexpress-70-85
aliexpress-70-85-1005013219631701,【In Stock】HIYA Action Figure Exquisite Basic Series Godzilla King of the Monsters Rodan Re-issue Version Model Toy,Category: Action & Toy Figures.,in stock,new,125.76 USD,71.68 USD,https://bytebuy.store/product/aliexpress-70-85-1005013219631701/,https://ae-pic-a1.aliexpress-media.com/kf/Sd4a0ff8511ff481795cea1ca889460f4m.jpg,ByteBuy,Action & Toy Figures,Action & Toy Figures,aliexpress-70-85
aliexpress-70-85-1005012340857303,3.8 L/min Single-Tube Automatic Bottled Water Pump Under-Counter Household Electric Water Dispenser System Self-Priming Pump,Category: Household Appliances.,in stock,new,120.00 USD,73.20 USD,https://bytebuy.store/product/aliexpress-70-85-1005012340857303/,https://ae-pic-a1.aliexpress-media.com/kf/Sb1999478a2e24432b7a96fc65f8ed43dP.jpg,ByteBuy,Household Appliances,Household Appliances,aliexpress-70-85
aliexpress-70-85-1005012460872609,New Arrival African Lace Fabric 5 Yards 2026 High Quality Beaded Lace Fabric Sequins Tulle Lace Fabrics For Wedding Dress Sewing,Category: Apparel Fabrics & Textiles.,in stock,new,125.00 USD,77.50 USD,https://bytebuy.store/product/aliexpress-70-85-1005012460872609/,https://ae-pic-a1.aliexpress-media.com/kf/S0ad45806ca384683ae28f6adbb95c0ef2.jpg,ByteBuy,Apparel Fabrics & Textiles,Apparel Fabrics & Textiles,aliexpress-70-85
aliexpress-70-85-1005012637722102,Dave&di French Leather Sandals Minimalist Women's Shoes Elegant Retro Wedge Heel Comfortable Party Casual Sandals Shoes Woman,Category: Women's Shoes.,in stock,new,89.90 USD,70.12 USD,https://bytebuy.store/product/aliexpress-70-85-1005012637722102/,https://ae-pic-a1.aliexpress-media.com/kf/Sf632196372444bea95542bdc0efd1ce78.jpg,ByteBuy,Women's Shoes,Women's Shoes,aliexpress-70-85
aliexpress-70-85-1005008343655336,Angle grinder rotor for Bosch GWS2200-180/230 grinder cutting machine rotor spare parts,Category: Power Tool Parts & Accessories.,in stock,new,98.99 USD,83.15 USD,https://bytebuy.store/product/aliexpress-70-85-1005008343655336/,https://ae-pic-a1.aliexpress-media.com/kf/Sa3aeca17889e4a7b82cec4f75cfac9b7a.jpg,ByteBuy,Power Tool Parts & Accessories,Power Tool Parts & Accessories,aliexpress-70-85
aliexpress-70-85-1005012984722898,Anti-slip Front Driver Rider Foot Rest Pegs Wide Footboard For BMW R18 R 18 Classic 100 Years Edition 2020-2026 Motorcycle Parts,Category: Motorcycle Parts.,in stock,new,176.20 USD,81.05 USD,https://bytebuy.store/product/aliexpress-70-85-1005012984722898/,https://ae-pic-a1.aliexpress-media.com/kf/Scf8e79ad66ba43959b4860cf16929f084.jpg,ByteBuy,Motorcycle Parts,Motorcycle Parts,aliexpress-70-85
aliexpress-70-85-1005013147628356,"ELFSACK Women's Vintage Fair Isle Knit Cardigan with Furry Collar, Cartoon Animal Pattern Sweater",Category: Sweaters&Jumpers.,in stock,new,78.17 USD,75.83 USD,https://bytebuy.store/product/aliexpress-70-85-1005013147628356/,https://ae-pic-a1.aliexpress-media.com/kf/S4c82f77d9e064458893ac1de696e7c938.jpg,ByteBuy,Sweaters&Jumpers,Sweaters&Jumpers,aliexpress-70-85
aliexpress-70-85-1005012970915571,Glossy Red Spout Chrome Body Kitchen Faucet Single Handle Hot Cold Water Mixer Tap High Arc Swivel Spout Sink Faucet for Kitchen,Category: Kitchen Fixture.,in stock,new,160.74 USD,73.94 USD,https://bytebuy.store/product/aliexpress-70-85-1005012970915571/,https://ae-pic-a1.aliexpress-media.com/kf/S25b1e58d65504f88bf3f39f980b16944a.jpg,ByteBuy,Kitchen Fixture,Kitchen Fixture,aliexpress-70-85
aliexpress-70-85-1005009051338884,Arden Furtado Summer Cowhide Patent Leather Round Toe Platform Sexy Super High Heel Buckle Strap Word-Cingulate Sandals,Category: Women's Shoes.,in stock,new,88.72 USD,83.48 USD,https://bytebuy.store/product/aliexpress-70-85-1005009051338884/,https://ae-pic-a1.aliexpress-media.com/kf/S7c834d0f2af04b3185ed7f85ad5302eeE.jpg,ByteBuy,Women's Shoes,Women's Shoes,aliexpress-70-85
aliexpress-70-85-1005012873330741,W219 Diamond Style Car Front Bumper Grille Grill Front Bumper Grill For Mercedes For Benz W219 CLS Class CLS500 SLS600 2005-2008,Category: Exterior Parts.,in stock,new,161.42 USD,80.71 USD,https://bytebuy.store/product/aliexpress-70-85-1005012873330741/,https://ae-pic-a1.aliexpress-media.com/kf/S951e5d70781b4814a735ee61cffdaa058.jpg,ByteBuy,Exterior Parts,Exterior Parts,aliexpress-70-85
aliexpress-70-85-1005012754059183,For V3 Poe Injector 200W 5 in 1 GigE Passive ESD Protection with USB Type-C Power Output DC Converter 9-36V-DT30,Category: 3D Printing & Additive Manufacturing.,in stock,new,157.02 USD,75.37 USD,https://bytebuy.store/product/aliexpress-70-85-1005012754059183/,https://ae-pic-a1.aliexpress-media.com/kf/Sf02d2328210b42289fb6417703b406c2g.jpg,ByteBuy,3D Printing & Additive Manufacturing,3D Printing & Additive Manufacturing,aliexpress-70-85
aliexpress-70-85-1005012076404561,【Perfect fit】For Ducati Streetfighter V4 2025 100% Carbon Fiber Heel Guards Fairings Motorcycle Accessories,Category: Modification&Protection.,in stock,new,99.42 USD,84.51 USD,https://bytebuy.store/product/aliexpress-70-85-1005012076404561/,https://ae-pic-a1.aliexpress-media.com/kf/S3290888c01c64e40a8f3178c2fe3d201Q.jpg,ByteBuy,Modification&Protection,Modification&Protection,aliexpress-70-85
aliexpress-70-85-1005012129256548,2026New TANK Ultra 1000mAh Sports SmartWatch 10ATM Swim Compass Altimeter Barometer Bluetooth Call Heart Fitness Smart watch Men,Category: Smart Electronics.,in stock,new,98.15 USD,79.54 USD,https://bytebuy.store/product/aliexpress-70-85-1005012129256548/,https://ae-pic-a1.aliexpress-media.com/kf/S68e484127aeb4274a46a8874eb6f05acW.jpg,ByteBuy,Smart Electronics,Smart Electronics,aliexpress-70-85
aliexpress-70-85-1005011860851237,36mm Tandorio Frogman Army Big Crown Vintage Men Watch Sapphire Glass 20ATM Miyota 8215/PT5000 Mechanical Watches For Men,Category: Men's Watches.,in stock,new,83.53 USD,79.03 USD,https://bytebuy.store/product/aliexpress-70-85-1005011860851237/,https://ae-pic-a1.aliexpress-media.com/kf/Sb2a21329ec8143ea82a18819d7480cf3K.jpg,ByteBuy,Men's Watches,Men's Watches,aliexpress-70-85
aliexpress-70-85-1005009079467247,2025 DARLING in the FRANXX Hiro CODE016 Cosplay Halloween Costume Custom Made Any Size,Category: Cosplay Costumes.,in stock,new,76.58 USD,75.81 USD,https://bytebuy.store/product/aliexpress-70-85-1005009079467247/,https://ae-pic-a1.aliexpress-media.com/kf/HTB1S47srlmWBuNkSndVq6AsApXa9.jpg,ByteBuy,Cosplay Costumes,Cosplay Costumes,aliexpress-70-85
aliexpress-70-85-1005010617174079,Bandai Original SHFiguarts Usopp 145mm Anime Action Figures Toys for Boys Christmas Gift Collectible Model Ornaments,Category: Action & Toy Figures.,in stock,new,109.56 USD,83.27 USD,https://bytebuy.store/product/aliexpress-70-85-1005010617174079/,https://ae-pic-a1.aliexpress-media.com/kf/S42a97996754042ebb0fec738e1a75ebdX.jpg,ByteBuy,Action & Toy Figures,Action & Toy Figures,aliexpress-70-85
aliexpress-70-85-1005009259878303,KBQ Slimming Two Piece Set for Women Stand Neck Short Sleeves Spliced Single Breasted Top High Waist Skirt Slimming Set Female,Category: Matching Sets.,in stock,new,86.98 USD,75.67 USD,https://bytebuy.store/product/aliexpress-70-85-1005009259878303/,https://ae-pic-a1.aliexpress-media.com/kf/S03e6da60bbeb409f8980dad327b1ab65t.jpg,ByteBuy,Matching Sets,Matching Sets,aliexpress-70-85
aliexpress-70-85-1005007065309027,For Vespa GTS300 GTV250 250 300 GTS 2016-2023 Motorcycle Air Intake Cover Inspection Glass Transmission Box Guard Engine Cap,Category: Modification&Protection.,in stock,new,76.12 USD,70.72 USD,https://bytebuy.store/product/aliexpress-70-85-1005007065309027/,https://ae-pic-a1.aliexpress-media.com/kf/Sb368ed22dd9f4e99b4c3456e6a3a062ck.jpg,ByteBuy,Modification&Protection,Modification&Protection,aliexpress-70-85
aliexpress-70-85-1005012563729471,A02Q-For Mini Cooper F65 F66 JCW Style Rear Lip Diffuser Spoiler Car Body Kit Accessories 2024-2026,Category: Exterior Parts.,in stock,new,123.11 USD,72.63 USD,https://bytebuy.store/product/aliexpress-70-85-1005012563729471/,https://ae-pic-a1.aliexpress-media.com/kf/S65c43c9647f84f2cbc9292b43c6b972c0.jpg,ByteBuy,Exterior Parts,Exterior Parts,aliexpress-70-85
aliexpress-70-85-1005012623642997,GT12-10DPB-C3 Enhanced Un Inductive Proximity Sensor 10mm Detection Distance Non-flush Mounting IP67 Protection,Category: Agricultural Machinery & Supplies.,in stock,new,93.25 USD,75.53 USD,https://bytebuy.store/product/aliexpress-70-85-1005012623642997/,https://ae-pic-a1.aliexpress-media.com/kf/S8119980beee14e0297d73ef14563743dH.jpg,ByteBuy,Agricultural Machinery & Supplies,Agricultural Machinery & Supplies,aliexpress-70-85
aliexpress-70-85-1005010797650099,1pc Fuel Injector Nozzle A2710781123 for Mercedes-Benz W204 W212 R172 C207 C180 C200 C260 E260 E200 SLK200 M271 1.8L Engine Part,Category: Engines & Engine Parts.,in stock,new,86.88 USD,73.85 USD,https://bytebuy.store/product/aliexpress-70-85-1005010797650099/,https://ae-pic-a1.aliexpress-media.com/kf/Sb450da1ec10a4ef882e42f0ef884a2a6t.jpg,ByteBuy,Engines & Engine Parts,Engines & Engine Parts,aliexpress-70-85
aliexpress-70-85-1005012321374950,824602M000 Genuine Power Window Motor Front Right for Hyundai Genesis Coupe 2010-2016 OEM 82460-2M000,Category: Interior Parts.,in stock,new,80.00 USD,70.40 USD,https://bytebuy.store/product/aliexpress-70-85-1005012321374950/,https://ae-pic-a1.aliexpress-media.com/kf/S23b2f3a70a274ccb9625673d8ffb998eo.jpg,ByteBuy,Interior Parts,Interior Parts,aliexpress-70-85
aliexpress-70-85-1005011684134115,Light luxury Maillard high-end 9999 24K Real Gold zircon double tiger eye stone gourd pendant necklace women's sweater chain,Category: Fine Jewelry.,in stock,new,701.06 USD,84.12 USD,https://bytebuy.store/product/aliexpress-70-85-1005011684134115/,https://ae-pic-a1.aliexpress-media.com/kf/Sccb7d8a052d64fa6aa3f90c9f58db722V.jpg,ByteBuy,Fine Jewelry,Fine Jewelry,aliexpress-70-85
aliexpress-70-85-1005011881477656,MOC-121442 Building Block Telescopic Handling Machine Model 943 Pieces Children Educational Birthday Christmas New Year Toy Gift,Category: Building & Construction Toys.,in stock,new,104.86 USD,82.84 USD,https://bytebuy.store/product/aliexpress-70-85-1005011881477656/,https://ae-pic-a1.aliexpress-media.com/kf/S007f879f99994d029f49ee50d5f3bc95w.jpg,ByteBuy,Building & Construction Toys,Building & Construction Toys,aliexpress-70-85
aliexpress-70-85-1005012768253507,In Stock Bandai Original Bandai Spirits Dragon Ball Son Gokuu Action Figure Model Doll Brand New Boxed Anime Characters Toys,Category: Action & Toy Figures.,in stock,new,108.51 USD,72.70 USD,https://bytebuy.store/product/aliexpress-70-85-1005012768253507/,https://ae-pic-a1.aliexpress-media.com/kf/Sab7af8fda86646b3b0e31d2d4f9797a8G.jpeg,ByteBuy,Action & Toy Figures,Action & Toy Figures,aliexpress-70-85
aliexpress-70-85-1005012741292120,51MM Motorcycle Exhaust Electric Valve Muffler One Key Quiet System Universal Accessories,Category: Motorcycle Parts.,in stock,new,88.72 USD,82.53 USD,https://bytebuy.store/product/aliexpress-70-85-1005012741292120/,https://ae-pic-a1.aliexpress-media.com/kf/S238a45d2b8c94308a5ffbabfa890efaaa.jpg,ByteBuy,Motorcycle Parts,Motorcycle Parts,aliexpress-70-85
aliexpress-70-85-1005013085341344,6X PD132 Single Channel Inductive Vehicle Loop Detector For Car Parking Lot Vehicle Loop Detector ENGLISH VERSION-Y41A,Category: Access Building Automation.,in stock,new,104.67 USD,79.55 USD,https://bytebuy.store/product/aliexpress-70-85-1005013085341344/,https://ae-pic-a1.aliexpress-media.com/kf/Sa01c5ea2bdd847f7a8e2d9e02f1ba82fd.jpg,ByteBuy,Access Building Automation,Access Building Automation,aliexpress-70-85
aliexpress-70-85-1005012735461523,Purple Pvc Slingback Thin Sandals Pointy Toe Stiletto Heels Buckled Women's Sandals 2026 New Arrival Glossy Patchwork Summer,Category: Women's Shoes.,in stock,new,152.60 USD,79.35 USD,https://bytebuy.store/product/aliexpress-70-85-1005012735461523/,https://ae-pic-a1.aliexpress-media.com/kf/S779420ca09d247d0bb165eb4dbf7d2e0S.jpg,ByteBuy,Women's Shoes,Women's Shoes,aliexpress-70-85
aliexpress-70-85-1005012122998620,Common Rail Injector 23670-30220 095000-7780 095000-7781 DCRI 107780 for Hilux Diesel Low Emission Fast Shipping,Category: Engines & Engine Parts.,in stock,new,94.97 USD,80.72 USD,https://bytebuy.store/product/aliexpress-70-85-1005012122998620/,https://ae-pic-a1.aliexpress-media.com/kf/Sde51b2f2db2c40ca98341fd978e253839.jpg,ByteBuy,Engines & Engine Parts,Engines & Engine Parts,aliexpress-70-85
aliexpress-70-85-1005012716454736,3D Floor Mats for 2014- 2020 Nissan Rogue All Weather Anti-Slip TPE Floor Liners,Category: Interior Accessories.,in stock,new,327.91 USD,78.70 USD,https://bytebuy.store/product/aliexpress-70-85-1005012716454736/,https://ae-pic-a1.aliexpress-media.com/kf/Sa327839c608a46609eb85c91ce0306fa0.jpg,ByteBuy,Interior Accessories,Interior Accessories,aliexpress-70-85
aliexpress-70-85-1005013203940738,"Original 23.8"" NEW LCD Screen Display LM238WF2 SST3LM238WF2-SST3 IPS FHD 1920*1080 100HZ LM238WF2(SS)(T3)",Category: Laptop Parts & Accessories.,in stock,new,82.00 USD,73.80 USD,https://bytebuy.store/product/aliexpress-70-85-1005013203940738/,https://ae-pic-a1.aliexpress-media.com/kf/S828706fa532a483d989f93103d4620dfx.jpg,ByteBuy,Laptop Parts & Accessories,Laptop Parts & Accessories,aliexpress-70-85
aliexpress-70-85-1005011780086368,Wooden 18-slot Watch Box Watch Men's Storage Box Clock Display Box Convenient Watch Jewelry Finisher,"Category: Packaging, Printing & Supporting Equipment.",in stock,new,91.97 USD,77.25 USD,https://bytebuy.store/product/aliexpress-70-85-1005011780086368/,https://ae-pic-a1.aliexpress-media.com/kf/S4dc99f8015234b5a8a09467c103c6236k.jpg,ByteBuy,"Packaging, Printing & Supporting Equipment","Packaging, Printing & Supporting Equipment",aliexpress-70-85
aliexpress-70-85-1005012594903290,2PCS 12V For Toyota Ford 2.0Inch Bi LED Projector Fog Light Lens Warm White 4300K High Beam and Low Beam Led Fog Lamp,Category: Car Lights.,in stock,new,172.18 USD,79.20 USD,https://bytebuy.store/product/aliexpress-70-85-1005012594903290/,https://ae-pic-a1.aliexpress-media.com/kf/S10f191113c6a4581b4348456b017678eq.jpg,ByteBuy,Car Lights,Car Lights,aliexpress-70-85
aliexpress-70-85-1005013075915312,Fuel Pump Assembly 78107088300 79707088400 78107088600 for KT M,"Category: Packaging, Printing & Supporting Equipment.",in stock,new,85.38 USD,80.26 USD,https://bytebuy.store/product/aliexpress-70-85-1005013075915312/,https://ae-pic-a1.aliexpress-media.com/kf/S1897ee443667465bbc14753dc8171947Y.jpg,ByteBuy,"Packaging, Printing & Supporting Equipment","Packaging, Printing & Supporting Equipment",aliexpress-70-85
aliexpress-70-85-1005012100760810,2026 High Quality New African Cotton Lace Fabric in Switzerland Nigerian Swiss Voile Lace Women Dresses Material for Sew,Category: Apparel Fabrics & Textiles.,in stock,new,152.20 USD,70.01 USD,https://bytebuy.store/product/aliexpress-70-85-1005012100760810/,https://ae-pic-a1.aliexpress-media.com/kf/S89a9499bc42b4526ac4728f460c6799cy.jpg,ByteBuy,Apparel Fabrics & Textiles,Apparel Fabrics & Textiles,aliexpress-70-85
aliexpress-70-85-1005007805624252,For 790 Adventure ADV 890 Adventure 2019-2023 Motorcycle Side Bag Support Bar Saddle Bag Mounting Bracket travel bag rack,Category: Motorcycle Accessories.,in stock,new,88.88 USD,71.10 USD,https://bytebuy.store/product/aliexpress-70-85-1005007805624252/,https://ae-pic-a1.aliexpress-media.com/kf/S22b8f73434e0414ba929b35e70924f58d.jpg,ByteBuy,Motorcycle Accessories,Motorcycle Accessories,aliexpress-70-85
aliexpress-70-85-1005008822287619,Motorcycle Exhaust Escape Modified Link Pipe Moto Muffler Motocross Racing Slip On For Ktm 390 200 cbr500r z900 r3 r25 390adv,Category: Motorcycle Parts.,in stock,new,100.00 USD,85.00 USD,https://bytebuy.store/product/aliexpress-70-85-1005008822287619/,https://ae-pic-a1.aliexpress-media.com/kf/Se8143c3ec31b4879bf2d70245b4692e62.jpg,ByteBuy,Motorcycle Parts,Motorcycle Parts,aliexpress-70-85
aliexpress-70-85-1005012708248028,Fashion White Black Three Bow Thin Straps Chunky High Heels Pumps Round Toe Mary Jane Mixed color Women Lolita Shoes,Category: Women's Shoes.,in stock,new,109.94 USD,76.96 USD,https://bytebuy.store/product/aliexpress-70-85-1005012708248028/,https://ae-pic-a1.aliexpress-media.com/kf/Saab40634478f499b80f989c6a29bf1e9S.jpg,ByteBuy,Women's Shoes,Women's Shoes,aliexpress-70-85
aliexpress-70-85-1005012492667583,Tuya Smartlife 2MP 1080P WIFI TF Slot 128G Wireless Mini Square IP Camera Android IOS Windows H.264 AVI Audio 2.4G Wi-Fi,"Category: Packaging, Printing & Supporting Equipment.",in stock,new,88.37 USD,84.83 USD,https://bytebuy.store/product/aliexpress-70-85-1005012492667583/,https://ae-pic-a1.aliexpress-media.com/kf/S29e38cc8f96f43e19c6d0b3955ae2a61o.jpg,ByteBuy,"Packaging, Printing & Supporting Equipment","Packaging, Printing & Supporting Equipment",aliexpress-70-85
aliexpress-70-85-1005012993644999,Fushang Flower Diamond Embedded Evening Bag Hollow Metal with Diamond Banquet Clutch Handbag Shape Alloy Handbag,Category: Women's Handbags.,in stock,new,95.38 USD,77.26 USD,https://bytebuy.store/product/aliexpress-70-85-1005012993644999/,https://ae-pic-a1.aliexpress-media.com/kf/S377810a829fd442ead0c40989cc5a0f7B.jpg,ByteBuy,Women's Handbags,Women's Handbags,aliexpress-70-85
aliexpress-70-85-1005012516707562,Mesh Mary Jane Kitten Heel Pumps Square Toe Transparent Air Mesh Cross Strap Mid Heel Shoes Sweet Elegant Summer Women Shoes,Category: Women's Shoes.,in stock,new,141.71 USD,73.69 USD,https://bytebuy.store/product/aliexpress-70-85-1005012516707562/,https://ae-pic-a1.aliexpress-media.com/kf/S8eff47ae3c4e41e181c743a73b58c06cg.jpg,ByteBuy,Women's Shoes,Women's Shoes,aliexpress-70-85
aliexpress-70-85-1005008605905669,2 Pcs New Air Filter 11F0217CP 100042331 for McLaren Mp4-12c 540C 570 625C 650S 675lt 570S,Category: Wear Parts.,in stock,new,100.21 USD,71.15 USD,https://bytebuy.store/product/aliexpress-70-85-1005008605905669/,https://ae-pic-a1.aliexpress-media.com/kf/S00a69cae55f1402dbae188f6e268f3d5F.jpg,ByteBuy,Wear Parts,Wear Parts,aliexpress-70-85
aliexpress-70-85-1005012320552450,RC ERA Remote Control Helicopter C129V2 4 Channel Flybarless Single Rotor 2 4 Ghz 6 Axis Gyro 3D Flip Rtf Easy Fly For Adult,Category: Remote Control Toys.,in stock,new,79.68 USD,75.70 USD,https://bytebuy.store/product/aliexpress-70-85-1005012320552450/,https://ae-pic-a1.aliexpress-media.com/kf/S51856b341ca44b9aa0644cce840beb5eO.jpg,ByteBuy,Remote Control Toys,Remote Control Toys,aliexpress-70-85
aliexpress-70-85-1005012203297950,The Pillar of The Chassis Lock Car Is Broken Diecast IXO 1/18 Scale PORSCHE 911 SC #6 1982 Racing 43 Alloy Car Model,Category: Play Vehicles & Models.,in stock,new,95.12 USD,79.90 USD,https://bytebuy.store/product/aliexpress-70-85-1005012203297950/,https://ae-pic-a1.aliexpress-media.com/kf/Sd7af0f0f624441e8a762138637f4ec092.jpg,ByteBuy,Play Vehicles & Models,Play Vehicles & Models,aliexpress-70-85
aliexpress-70-85-1005012063576536,Fit For KAWASAKI Z650RS Z 650RS Z650 RS 2021 2022 2023 Motorcycle Rear Luggage Rack Passenger Handgrip Rail Bar Support Bracket,Category: Modification&Protection.,in stock,new,85.41 USD,72.60 USD,https://bytebuy.store/product/aliexpress-70-85-1005012063576536/,https://ae-pic-a1.aliexpress-media.com/kf/S8df2f4eb3dd049e48652c2ccc03581b4F.jpg,ByteBuy,Modification&Protection,Modification&Protection,aliexpress-70-85
aliexpress-70-85-1005011698401781,2pcs Automotive Shock Spring Compression Repair Tool Strut Spring Compressor Tool for Automotive Maintenance tools,Category: Car Maintenance Tools.,in stock,new,162.47 USD,79.61 USD,https://bytebuy.store/product/aliexpress-70-85-1005011698401781/,https://ae-pic-a1.aliexpress-media.com/kf/S704bd3454ced4b358ac6be293e43bc24T.jpg,ByteBuy,Car Maintenance Tools,Car Maintenance Tools,aliexpress-70-85
aliexpress-70-85-1005009416304723,ABS Smoked Black Car Headlights Tail Light Cover Brake Light Wide Indicator Protective Cover Fit for Tesla Model 3/Y 2016-2022,Category: Exterior Parts.,in stock,new,99.00 USD,75.24 USD,https://bytebuy.store/product/aliexpress-70-85-1005009416304723/,https://ae-pic-a1.aliexpress-media.com/kf/S5c8191af03794204b50354b43f10c4b1O.jpg,ByteBuy,Exterior Parts,Exterior Parts,aliexpress-70-85
aliexpress-70-85-1005012028921406,OEM 17217600553 17217593856 Car Transmission Oil Cooler Heat Exchanger For BMW F22 F30 F32 F36 328,Category: Engines & Engine Parts.,in stock,new,119.81 USD,71.89 USD,https://bytebuy.store/product/aliexpress-70-85-1005012028921406/,https://ae-pic-a1.aliexpress-media.com/kf/S8bd68a50addf4ec3ae4a4cc2e1048b49b.jpg,ByteBuy,Engines & Engine Parts,Engines & Engine Parts,aliexpress-70-85
aliexpress-70-85-1005013046776589,Stage Show Prom Props Cosplay Dragon Props Costume Props Men's Dress Up Accessories Halloween Party Adult Novelty Supplies,Category: Cosplay Costumes.,in stock,new,162.10 USD,81.05 USD,https://bytebuy.store/product/aliexpress-70-85-1005013046776589/,https://ae-pic-a1.aliexpress-media.com/kf/S4bc68fc663534f50b44e7df23cd83b9ec.jpg,ByteBuy,Cosplay Costumes,Cosplay Costumes,aliexpress-70-85
aliexpress-70-85-1005010499172445,1set for Ford Mondeo Fusion 2013 2014 2015 2016 LED DRL Daytime Running Light Daylight With Turn Signal Lights,Category: Car Lights.,in stock,new,161.51 USD,75.91 USD,https://bytebuy.store/product/aliexpress-70-85-1005010499172445/,https://ae-pic-a1.aliexpress-media.com/kf/S6bb938e5f74a4ba7bb8a38abec28a4e8m.jpg,ByteBuy,Car Lights,Car Lights,aliexpress-70-85
aliexpress-70-85-1005013184725211,DFDG Women 2026 Faux Fur Short Coat Large Lapel Collar Loose Oversized Fluffy Plush Luxury Winter Party Outerwear Fur,Category: Fur & Faux Fur.,in stock,new,119.84 USD,73.10 USD,https://bytebuy.store/product/aliexpress-70-85-1005013184725211/,https://ae-pic-a1.aliexpress-media.com/kf/Sa6c37bc1de304bcc94c845894312151ex.jpg,ByteBuy,Fur & Faux Fur,Fur & Faux Fur,aliexpress-70-85
aliexpress-70-85-1005011722418714,for NewY Juniper Model 3 Highland Smart Air Vent Ambient Light System Blind Spot Monitoring BSD System for Tesla Model 3 Y 2021+,Category: Interior Accessories.,in stock,new,166.47 USD,74.91 USD,https://bytebuy.store/product/aliexpress-70-85-1005011722418714/,https://ae-pic-a1.aliexpress-media.com/kf/S18648b0966944069be5954c550c7b475E.jpg,ByteBuy,Interior Accessories,Interior Accessories,aliexpress-70-85
aliexpress-70-85-1005011983442506,New White Jacquard Business Men Suit Groomsman Wedding Party Prom Formal Occasion Male Tuxedos 3 Piece Set Blazer Vest Pants,Category: Suits & Blazer.,in stock,new,169.09 USD,84.55 USD,https://bytebuy.store/product/aliexpress-70-85-1005011983442506/,https://ae-pic-a1.aliexpress-media.com/kf/S3512b023e8934921b37f494aac64e543i.jpg,ByteBuy,Suits & Blazer,Suits & Blazer,aliexpress-70-85
aliexpress-70-85-1005012989881034,Y42A-LR151573 For Land Rover Range Rover Discovery Radiator Hose,Category: Industrial Spare Parts.,in stock,new,131.31 USD,77.47 USD,https://bytebuy.store/product/aliexpress-70-85-1005012989881034/,https://ae-pic-a1.aliexpress-media.com/kf/S19aed3ba5484422da1387ddc4c413c68k.jpg,ByteBuy,Industrial Spare Parts,Industrial Spare Parts,aliexpress-70-85
aliexpress-70-85-1005011870215297,"Polished Ancient Craft Wide Band Lucky Motto Eight Treasures Ring For Women 24K Gold AU999, Smooth edge for all-day comfort",Category: Fine Jewelry.,in stock,new,709.75 USD,78.07 USD,https://bytebuy.store/product/aliexpress-70-85-1005011870215297/,https://ae-pic-a1.aliexpress-media.com/kf/S3278901d350b49ef8c8ab8690b1814ecP.jpg,ByteBuy,Fine Jewelry,Fine Jewelry,aliexpress-70-85
aliexpress-70-85-1005010113933024,Purple Platform Bowknot Sweet Sandals Round Toe Thick Sole Cross Tied Ankle Strap Stain Women Knee High Boots Summer 2025 Trend,Category: Women's Shoes.,in stock,new,144.71 USD,75.25 USD,https://bytebuy.store/product/aliexpress-70-85-1005010113933024/,https://ae-pic-a1.aliexpress-media.com/kf/S98ce01d02839487aa5c1444c6c9f040cN.jpg,ByteBuy,Women's Shoes,Women's Shoes,aliexpress-70-85
aliexpress-70-85-1005010450021255,Eye Massager Stress Relief Machine With Adjustable Heat,Category: Massage & Relaxation.,in stock,new,77.05 USD,73.97 USD,https://bytebuy.store/product/aliexpress-70-85-1005010450021255/,https://ae-pic-a1.aliexpress-media.com/kf/Sa30cd7143dc642a1897c40284a4884c01.jpg,ByteBuy,Massage & Relaxation,Massage & Relaxation,aliexpress-70-85
aliexpress-85-100-1005012285081183,Motorcycle Windshield Wind Deflectors And Mounting Kit Fits For Harley Cvo/Se Street Glide Flhxse Flhx/I Flhxu Abs Plastic Clear,Category: Motorcycle Parts.,in stock,new,190.28 USD,91.33 USD,https://bytebuy.store/product/aliexpress-85-100-1005012285081183/,https://ae-pic-a1.aliexpress-media.com/kf/Sc1393f08ad2b4934892f4e88bfe66e85T.jpg,ByteBuy,Motorcycle Parts,Motorcycle Parts,aliexpress-85-100
aliexpress-85-100-1005013203333643,A-Premium Front Right Outer Right Tie Rod End for Ford F-250 Super Duty F-350 Super Duty 1999-2004 Excursion 2000-2005,Category: Chassis Parts.,in stock,new,175.55 USD,94.85 USD,https://bytebuy.store/product/aliexpress-85-100-1005013203333643/,https://ae-pic-a1.aliexpress-media.com/kf/S563f7cce30894f48bb8064b0e3a1ff0cG.jpg,ByteBuy,Chassis Parts,Chassis Parts,aliexpress-85-100
aliexpress-85-100-1005012677019682,"Mechanical Keyboard Display Rack, Keyboard Multi-layer Bracket, Mouse Storage Cabinet, Storage Rack, Gaming Mouse Collect JJ1303",Category: Laptop Parts & Accessories.,in stock,new,184.00 USD,88.32 USD,https://bytebuy.store/product/aliexpress-85-100-1005012677019682/,https://ae-pic-a1.aliexpress-media.com/kf/S255e5fafe89d4a7cada7724c6451d5caL.jpg,ByteBuy,Laptop Parts & Accessories,Laptop Parts & Accessories,aliexpress-85-100
aliexpress-85-100-1005012463883494,For Air Compressor Assy Honda Civic Si L4 2.0L 2006 2007 2008 2009 2010 2011 CO 4919AC 38810RRBA01 38800RRBA01RM 38800RRBA010,Category: Electrical Equipment.,in stock,new,153.75 USD,89.17 USD,https://bytebuy.store/product/aliexpress-85-100-1005012463883494/,https://ae-pic-a1.aliexpress-media.com/kf/Sf2a79bbd2e204e9e9c230f521d92e623c.jpg,ByteBuy,Electrical Equipment,Electrical Equipment,aliexpress-85-100
aliexpress-85-100-1005012548539233,Motorcycle Hand Brake Hand Handle Clutch Protection Bow For Kawasaki NINJA 500 Z500 Z 900 800 750 400 Z900 SE RS Z 1000 Z1000 R,Category: Modification&Protection.,in stock,new,123.28 USD,86.29 USD,https://bytebuy.store/product/aliexpress-85-100-1005012548539233/,https://ae-pic-a1.aliexpress-media.com/kf/S54b6d635450046f9bc1ff038f58f2cb8t.jpg,ByteBuy,Modification&Protection,Modification&Protection,aliexpress-85-100
aliexpress-85-100-1005012559264720,2MP 1080P Tuya Remote Control TCP/IP Doorbell Rifd Access Control WIFI Video Door Phone Outdoor Visual Door Viewer Camera,Category: Access Building Automation.,in stock,new,119.84 USD,91.08 USD,https://bytebuy.store/product/aliexpress-85-100-1005012559264720/,https://ae-pic-a1.aliexpress-media.com/kf/Sd6421e5309c749c9bd70eabef88cf692v.jpg,ByteBuy,Access Building Automation,Access Building Automation,aliexpress-85-100
aliexpress-85-100-1005012536726866,A21E-NEW For EATON Truck Sensor 114264-002F,Category: Automotive Sensors.,in stock,new,166.80 USD,98.41 USD,https://bytebuy.store/product/aliexpress-85-100-1005012536726866/,https://ae-pic-a1.aliexpress-media.com/kf/S30315b5e11194f508c98bee479a1eaaaj.jpg,ByteBuy,Automotive Sensors,Automotive Sensors,aliexpress-85-100
aliexpress-85-100-1005011628521287,Sg218pro 1:16 4wd High Speed Rc Drift Car Led Lights 2.4g Remote Control 7.4v Battery Swappable Tyres Racing Toy Model For Kids,Category: Remote Control Toys.,in stock,new,135.96 USD,85.72 USD,https://bytebuy.store/product/aliexpress-85-100-1005011628521287/,https://ae-pic-a1.aliexpress-media.com/kf/Sfe0afb0ce0964fda809dc4c86807a9f47.jpg,ByteBuy,Remote Control Toys,Remote Control Toys,aliexpress-85-100
aliexpress-85-100-1005011977280778,Pink High Foot Cup Ceramic Underglaze Hand Painted Inner Painting Personal Single Tea Female Household Kung Fu Set,"Category: Kitchen,Dining & Bar.",in stock,new,98.52 USD,93.59 USD,https://bytebuy.store/product/aliexpress-85-100-1005011977280778/,https://ae-pic-a1.aliexpress-media.com/kf/S667c2db0b83946c3a43fe7b71375e8a4W.jpg,ByteBuy,"Kitchen,Dining & Bar","Kitchen,Dining & Bar",aliexpress-85-100
aliexpress-85-100-1005012882841829,Super Sale Handlebar Rearview Mirrors for Street Triple 765 R S RS Adjustable Bar End Mirror Motorcycle Accessories,Category: Motorcycle Parts.,in stock,new,201.47 USD,96.71 USD,https://bytebuy.store/product/aliexpress-85-100-1005012882841829/,https://ae-pic-a1.aliexpress-media.com/kf/Sdedc07146f5c4306a378216035aa92bcl.jpg,ByteBuy,Motorcycle Parts,Motorcycle Parts,aliexpress-85-100
aliexpress-85-100-1005007189382438,Pearl Mirrored Leather Mules Women Sexy Pointed Toe Chic Thin High Heels Slippers Female Fashion Party Elegant Luxury Shoes,Category: Women's Shoes.,in stock,new,172.72 USD,93.27 USD,https://bytebuy.store/product/aliexpress-85-100-1005007189382438/,https://ae-pic-a1.aliexpress-media.com/kf/Sedfa8e0fd6a04fab848fd38a5c771088Z.jpg,ByteBuy,Women's Shoes,Women's Shoes,aliexpress-85-100
aliexpress-85-100-1005012265215218,China-Chinese Style Centennial Printed Twill Stretch Silk Fabrics High-End Shirt Dress Silk Fabric,Category: Apparel Fabrics & Textiles.,in stock,new,100.04 USD,99.04 USD,https://bytebuy.store/product/aliexpress-85-100-1005012265215218/,https://ae-pic-a1.aliexpress-media.com/kf/Sf0273c225f10476e8696779d765b1e24M.jpg,ByteBuy,Apparel Fabrics & Textiles,Apparel Fabrics & Textiles,aliexpress-85-100
aliexpress-85-100-1005012841380268,Wiper Harness 7117322 for Bobcat T110 T140 T180 T190 T250 T300 T320 A300 S100 S130 S150 S160 S175 S185 S205 S220 S250 S300 S330,Category: Wear Parts.,in stock,new,107.32 USD,98.73 USD,https://bytebuy.store/product/aliexpress-85-100-1005012841380268/,https://ae-pic-a1.aliexpress-media.com/kf/S0a8fc98a46274bf683c40959631e63c2H.jpg,ByteBuy,Wear Parts,Wear Parts,aliexpress-85-100
aliexpress-85-100-1005012242336792,Carbon Fiber Rear Spoiler Wing for Audi Q3 RSQ3 F3 2019-2025 Rear Wing Trunk Spoiler Lip,Category: Exterior Parts.,in stock,new,111.74 USD,90.51 USD,https://bytebuy.store/product/aliexpress-85-100-1005012242336792/,https://ae-pic-a1.aliexpress-media.com/kf/S0d4f589a1cac4206962acf801e20f4c1F.jpg,ByteBuy,Exterior Parts,Exterior Parts,aliexpress-85-100
aliexpress-85-100-1005012649529331,Women's Summer Luxurious High Quality 100% Trouser Suit,Category: Blazer & Suits.,in stock,new,95.89 USD,94.93 USD,https://bytebuy.store/product/aliexpress-85-100-1005012649529331/,https://ae-pic-a1.aliexpress-media.com/kf/S58ad6f00983840c0b811a9f049f07bccm.jpeg,ByteBuy,Blazer & Suits,Blazer & Suits,aliexpress-85-100
aliexpress-85-100-1005012957728638,For BMW R1300GS Adventure R 1300 GSA GS1300 R1250GS R1200GS ADV Motorcycle Aluminium Case Liner Bag Luggage Box Inner Bags 2024,Category: Motorcycle Accessories.,in stock,new,188.42 USD,88.55 USD,https://bytebuy.store/product/aliexpress-85-100-1005012957728638/,https://ae-pic-a1.aliexpress-media.com/kf/Sa7a50e50ff3e4af8a4a9b81b16b4e28cn.jpg,ByteBuy,Motorcycle Accessories,Motorcycle Accessories,aliexpress-85-100
aliexpress-85-100-1005012204907195,1557042 155-7042 Wiper Controller Relay For CAT E320 E307 E311 E312 E320D E312D E345D E315C E320C E318B E325B Excavator,Category: Interior Parts.,in stock,new,101.43 USD,97.37 USD,https://bytebuy.store/product/aliexpress-85-100-1005012204907195/,https://ae-pic-a1.aliexpress-media.com/kf/S0c34fedf394b4e319250fc620c6799863.jpg,ByteBuy,Interior Parts,Interior Parts,aliexpress-85-100
aliexpress-85-100-1005010324818002,Nox Sensor High Quality A0009056104 For Mercedes-Benz C218 W164 S212 W212 C207 V251,Category: Automotive Sensors.,in stock,new,97.37 USD,89.58 USD,https://bytebuy.store/product/aliexpress-85-100-1005010324818002/,https://ae-pic-a1.aliexpress-media.com/kf/S1a125162e6fd43908e9cd9900154f1aaV.jpg,ByteBuy,Automotive Sensors,Automotive Sensors,aliexpress-85-100
aliexpress-85-100-1005013219272392,Household Biogas Equipment Full Set Rural Biogas Tank Pig Farm Septic Tank Engineering Basic Kit,"Category: Packaging, Printing & Supporting Equipment.",in stock,new,92.88 USD,89.16 USD,https://bytebuy.store/product/aliexpress-85-100-1005013219272392/,https://ae-pic-a1.aliexpress-media.com/kf/S6d15c388af1f435f937c79af072db8cfu.jpg,ByteBuy,"Packaging, Printing & Supporting Equipment","Packaging, Printing & Supporting Equipment",aliexpress-85-100
aliexpress-85-100-1005012314110801,"Golden Bathroom Faucet, Solid Brass Unique Cross Art Design Single Handle Basin Faucet, Deck Mounted Cold and Hot Water Bathroom",Category: Bathroom Fixture.,in stock,new,184.95 USD,86.93 USD,https://bytebuy.store/product/aliexpress-85-100-1005012314110801/,https://ae-pic-a1.aliexpress-media.com/kf/Sa0d4ab961b4e4f598ed8372ead79f93bg.png,ByteBuy,Bathroom Fixture,Bathroom Fixture,aliexpress-85-100
aliexpress-85-100-1005010400444666,Er Ha Ran Anime Mo Cosplay Costumes Tian Guan Ci Fu He Xuan Mo Ran Cosplay Costume Shoes Wig Prps For Women Men Halloween Party,Category: Cosplay Costumes.,in stock,new,186.09 USD,93.04 USD,https://bytebuy.store/product/aliexpress-85-100-1005010400444666/,https://ae-pic-a1.aliexpress-media.com/kf/Sf7db54e1f0b542ba96bf07791a392387V.jpg,ByteBuy,Cosplay Costumes,Cosplay Costumes,aliexpress-85-100
aliexpress-85-100-1005013254376313,"10"" Single Stage Water Filter Purifier Plastic Countertop Water Filter",Category: Household Appliances.,in stock,new,121.32 USD,99.48 USD,https://bytebuy.store/product/aliexpress-85-100-1005013254376313/,https://ae-pic-a1.aliexpress-media.com/kf/S8af7ffc4c4c34604a7f7b09d5eeb38eds.jpg,ByteBuy,Household Appliances,Household Appliances,aliexpress-85-100
aliexpress-85-100-1005013017628012,Full Lace Wig Hair Toupee Remy Indian Hairpieces Hand Made Light Brown Human Hair Replacement Systems Men's Toupee 8x10inch 7#,Category: Human Hair (For White).,in stock,new,101.13 USD,92.07 USD,https://bytebuy.store/product/aliexpress-85-100-1005013017628012/,https://ae-pic-a1.aliexpress-media.com/kf/S880e9762593e4fc5ad6d3458c44ee475H.jpg,ByteBuy,Human Hair (For White),Human Hair (For White),aliexpress-85-100
aliexpress-85-100-1005011620867042,Brushed Gold Pull Out Kitchen Faucet Gray Pull Out Sink Faucet Tap 360 degree rotation torneira cozinha mixer taps Kitchen Tap,Category: Kitchen Fixture.,in stock,new,140.32 USD,96.82 USD,https://bytebuy.store/product/aliexpress-85-100-1005011620867042/,https://ae-pic-a1.aliexpress-media.com/kf/S095e8af11e52466398836366526e3745c.jpg,ByteBuy,Kitchen Fixture,Kitchen Fixture,aliexpress-85-100
aliexpress-85-100-1005011597424685,"04L907805AK Original New Nitrogen Oxide Sensor Nox Sensor for VW Crafter 2,0Tdi SYI, SYJ,SVZ Grand California",Category: Automotive Sensors.,in stock,new,94.37 USD,89.65 USD,https://bytebuy.store/product/aliexpress-85-100-1005011597424685/,https://ae-pic-a1.aliexpress-media.com/kf/S26bb2383a47c4f26b86ecdfd9e6e0af66.jpg,ByteBuy,Automotive Sensors,Automotive Sensors,aliexpress-85-100
aliexpress-85-100-1005012695729845,Men's Champagne Sequin Suit Glitter Blazer Pants 2 Piece Male Singer Concert Stage Performance Costume Wedding Photo Shoot Set,Category: Suits & Blazer.,in stock,new,168.00 USD,92.40 USD,https://bytebuy.store/product/aliexpress-85-100-1005012695729845/,https://ae-pic-a1.aliexpress-media.com/kf/Sdaacb905fbc5497cbb6ef5b34304a530w.jpg,ByteBuy,Suits & Blazer,Suits & Blazer,aliexpress-85-100
aliexpress-85-100-1005010353071963,"L12-P199 Wall Breaker Household Heating Soymilk Machine, Multifunctional Cooking Machine Juicer","Category: Kitchen,Dining & Bar.",in stock,new,236.96 USD,94.78 USD,https://bytebuy.store/product/aliexpress-85-100-1005010353071963/,https://ae-pic-a1.aliexpress-media.com/kf/Sf893b17295d3465e8b5ab8ce31ea7ea99.jpg,ByteBuy,"Kitchen,Dining & Bar","Kitchen,Dining & Bar",aliexpress-85-100
aliexpress-85-100-1005012829526923,6 Speed 6T40 6T30 6T45 6T50 Gearbox Transmission Solenoids Valve For GM Buick Excelle Cruze Malibu Regal Engine Parts,Category: Chassis Parts.,in stock,new,155.08 USD,85.29 USD,https://bytebuy.store/product/aliexpress-85-100-1005012829526923/,https://ae-pic-a1.aliexpress-media.com/kf/S6301f6136a864b129bbbbcd64b03abf0t.jpg,ByteBuy,Chassis Parts,Chassis Parts,aliexpress-85-100
aliexpress-85-100-1005012747489609,High Performance Full Systems Motorcycle Exhaust Motorcross Slip on Front Pipe Escape Moto Connect Muffler For 550,Category: Motorcycle Parts.,in stock,new,187.14 USD,89.83 USD,https://bytebuy.store/product/aliexpress-85-100-1005012747489609/,https://ae-pic-a1.aliexpress-media.com/kf/S6905529af35d4cc286333ef8cc6dc558Z.jpg,ByteBuy,Motorcycle Parts,Motorcycle Parts,aliexpress-85-100
aliexpress-85-100-1005010305278169,BEAUTODAY Chunky Sneakers Women Suede Leather Double Shoelaces Trainers Mixed Colors Sneakers Ladies Shoes Handmade 29A60,Category: Women's Shoes.,in stock,new,161.90 USD,85.81 USD,https://bytebuy.store/product/aliexpress-85-100-1005010305278169/,https://ae-pic-a1.aliexpress-media.com/kf/Sed8db0c7ecbe4495ae9485910c50e91eD.jpg,ByteBuy,Women's Shoes,Women's Shoes,aliexpress-85-100
aliexpress-85-100-1005011583535027,1830s Black Mourning Dress Regency Jane Austen Tea Party High Waistline Ball Gown Victorian Renaissance Gothic Walking Costume,Category: Cosplay Costumes.,in stock,new,180.54 USD,86.66 USD,https://bytebuy.store/product/aliexpress-85-100-1005011583535027/,https://ae-pic-a1.aliexpress-media.com/kf/Sd4841d8368c840b2a5b0cda0abd67f89F.jpg,ByteBuy,Cosplay Costumes,Cosplay Costumes,aliexpress-85-100
aliexpress-85-100-1005008789816773,Round Toe Hollowed Out Low Heel Lace Up Cowhide Roman Women's Cool Boots for Outerwear Plus Stylish Casual Women's Boots,Category: Women's Shoes.,in stock,new,172.18 USD,89.53 USD,https://bytebuy.store/product/aliexpress-85-100-1005008789816773/,https://ae-pic-a1.aliexpress-media.com/kf/S7a6f90fa1c6a466dbfe9c46ac5358e3dY.jpg,ByteBuy,Women's Shoes,Women's Shoes,aliexpress-85-100
aliexpress-85-100-1005012736980407,For SAIC ROEWE RX5 Plus LED Car Rear Tail Light Rear Bumper Fog Lamp Warning Light Brake Lamp Taillight Accessories,Category: Car Lights.,in stock,new,89.88 USD,85.39 USD,https://bytebuy.store/product/aliexpress-85-100-1005012736980407/,https://ae-pic-a1.aliexpress-media.com/kf/S457b9dc810e64b75845f4ec9fa2a65f9t.jpg,ByteBuy,Car Lights,Car Lights,aliexpress-85-100
aliexpress-85-100-1005011543063199,One-way pressure reducing valve JF-B10H2 JF-B20H * JDF-B10H JDF-B20H JF-B10H1,"Category: Packaging, Printing & Supporting Equipment.",in stock,new,101.86 USD,87.60 USD,https://bytebuy.store/product/aliexpress-85-100-1005011543063199/,https://ae-pic-a1.aliexpress-media.com/kf/S5669413fe4214f1d944f0fe830f321f04.jpg,ByteBuy,"Packaging, Printing & Supporting Equipment","Packaging, Printing & Supporting Equipment",aliexpress-85-100
aliexpress-85-100-1005012673161803,White Line Graffiti-print Platform Sneakers Men Lace-up Platform Niche-design Casual Shoes Big Toe Height-increasing Sneakers,Category: Men's Shoes.,in stock,new,205.23 USD,96.46 USD,https://bytebuy.store/product/aliexpress-85-100-1005012673161803/,https://ae-pic-a1.aliexpress-media.com/kf/S532babef007d402595b2aab7100e609fQ.jpg,ByteBuy,Men's Shoes,Men's Shoes,aliexpress-85-100
aliexpress-85-100-1005009635819814,Customized Charmeuse Rhinestone High Collar Trumpet Long Dresses Bespoke Occasion Formal Evening Party Gown Elegant Glitter,Category: Haute Couture Dresses.,in stock,new,168.38 USD,97.66 USD,https://bytebuy.store/product/aliexpress-85-100-1005009635819814/,https://ae-pic-a1.aliexpress-media.com/kf/Sbaed7af76fc84a3688babeb8cf5a66dbP.jpg,ByteBuy,Haute Couture Dresses,Haute Couture Dresses,aliexpress-85-100
aliexpress-85-100-1005013194858151,Distressed Punk Biker Boots Women Round Toe Metal Decoration Rivet Platform Mid Calf Boots 2026 Hot Girl Subculture Knight Boots,Category: Women's Shoes.,in stock,new,200.73 USD,96.35 USD,https://bytebuy.store/product/aliexpress-85-100-1005013194858151/,https://ae-pic-a1.aliexpress-media.com/kf/Sb89efbcf6d9d45b594cff34099cc357bF.jpg,ByteBuy,Women's Shoes,Women's Shoes,aliexpress-85-100
aliexpress-85-100-1005010164784864,PV2R1-6/8/10/12/14/17/19/21/23/25/28/31/33 Hydraulic Oil Pump PV2R1 High-Pressure Vane Pump,"Category: Air Compressors, Pneumatics & Hydraulics.",in stock,new,170.77 USD,85.38 USD,https://bytebuy.store/product/aliexpress-85-100-1005010164784864/,https://ae-pic-a1.aliexpress-media.com/kf/S961a5be75c234f8b86e5bf11f089687dP.jpg,ByteBuy,"Air Compressors, Pneumatics & Hydraulics","Air Compressors, Pneumatics & Hydraulics",aliexpress-85-100
aliexpress-85-100-1005012000850061,M-VAVE POCKET AMP Electric Guitar Pocket Comprehensive Effects Portable Audio Analog Sound Card Internal Recording,Category: Plumbing.,in stock,new,92.88 USD,89.16 USD,https://bytebuy.store/product/aliexpress-85-100-1005012000850061/,https://ae-pic-a1.aliexpress-media.com/kf/S59244cac00b1451faa716d26cc4bf30et.jpg,ByteBuy,Plumbing,Plumbing,aliexpress-85-100
aliexpress-85-100-1005012048720880,Snake Pattern High Heels Pumps for Women Pointed Toe Stiletto Platform Solid Color Slip On Elegant Spring New Party Office Shoes,Category: Women's Shoes.,in stock,new,176.36 USD,88.18 USD,https://bytebuy.store/product/aliexpress-85-100-1005012048720880/,https://ae-pic-a1.aliexpress-media.com/kf/S9c51efb7c5a044619921036009025082X.jpg,ByteBuy,Women's Shoes,Women's Shoes,aliexpress-85-100
aliexpress-85-100-1005013116626094,Adidas Men's and Women's Shoes Original Lightweight Breathable Cushioning Wear-Resistant New Fitness Sports Training Road Running Shoes Kh7937-2,Category: Sneakers.,in stock,new,247.98 USD,93.63 USD,https://bytebuy.store/product/aliexpress-85-100-1005013116626094/,https://ae-pic-a1.aliexpress-media.com/kf/S7de029264975428c8ab772ab2a1bd46er.jpg,ByteBuy,Sneakers,Sneakers,aliexpress-85-100
aliexpress-85-100-1005010444441481,Batzuzhi Pointed Toe Leather Ankle Boots Man Grey Men Leather Short Boots with Low Heels Party Footwear! Big Sizes,Category: Men's Shoes.,in stock,new,135.00 USD,89.10 USD,https://bytebuy.store/product/aliexpress-85-100-1005010444441481/,https://ae-pic-a1.aliexpress-media.com/kf/S0c234e86132b4d67b2a221278689a9e1i.jpg,ByteBuy,Men's Shoes,Men's Shoes,aliexpress-85-100
aliexpress-85-100-1005013279528124,B660M/B760M Main Board MATX Computer Desktop ARGB Shenguang CPU12/13 Generation Core Memory D4,Category: Household Merchandises.,in stock,new,179.31 USD,87.86 USD,https://bytebuy.store/product/aliexpress-85-100-1005013279528124/,https://ae-pic-a1.aliexpress-media.com/kf/Sf1dfca3850714c968e393df9a417f225N.jpg,ByteBuy,Household Merchandises,Household Merchandises,aliexpress-85-100
aliexpress-85-100-1005011983923097,Fashion Mixed Color Pumps Metal Decoration Buckle Back Strap Stiletto High Heels Slip On Open Toe Novel Sexy Women Pumps,Category: Women's Shoes.,in stock,new,161.44 USD,85.56 USD,https://bytebuy.store/product/aliexpress-85-100-1005011983923097/,https://ae-pic-a1.aliexpress-media.com/kf/Sf12e98aa591f43c4896bb31c1be612b5b.jpg,ByteBuy,Women's Shoes,Women's Shoes,aliexpress-85-100
aliexpress-85-100-1005010208794683,For Mercedes C Class W205 Chrome Front Bumper Lower Splitter c180 c200 c300 c400 2014 2015 2016 2017 2018 for AMG bumper decor,Category: Exterior Parts.,in stock,new,146.11 USD,94.97 USD,https://bytebuy.store/product/aliexpress-85-100-1005010208794683/,https://ae-pic-a1.aliexpress-media.com/kf/S6992af5b32b349c69c27a4a6e89ea397Q.jpg,ByteBuy,Exterior Parts,Exterior Parts,aliexpress-85-100
aliexpress-85-100-1005012706740409,NEW HOT In Stock-Motorcycle Wings Side Panels Winglet Spoiler Fixed Wing Cover Kit For Ducati Panigale V4 V4S V4R 2025 2026,Category: New Energy Vehicle Parts & Accessories.,in stock,new,143.18 USD,97.36 USD,https://bytebuy.store/product/aliexpress-85-100-1005012706740409/,https://ae-pic-a1.aliexpress-media.com/kf/Sb601d44ba1124d8289ed7b7ee5514ccbT.jpg,ByteBuy,New Energy Vehicle Parts & Accessories,New Energy Vehicle Parts & Accessories,aliexpress-85-100
aliexpress-85-100-1005012881692106,New Touch Screen Touch Board Touch Glass R8217-01 R8217-01A New,Category: Industrial Automation Control & Accessories.,in stock,new,104.00 USD,92.81 USD,https://bytebuy.store/product/aliexpress-85-100-1005012881692106/,https://ae-pic-a1.aliexpress-media.com/kf/S8ec8129a4c8c4a21b52650ef82d4fdd4e.jpg,ByteBuy,Industrial Automation Control & Accessories,Industrial Automation Control & Accessories,aliexpress-85-100
aliexpress-85-100-1005012993530047,"High Grade Knee Massager, Heat Vibration Leg Calf Thigh Warmer, 2026 New Design Pain Relief Massager",Category: Massage & Relaxation.,in stock,new,90.71 USD,87.08 USD,https://bytebuy.store/product/aliexpress-85-100-1005012993530047/,https://ae-pic-a1.aliexpress-media.com/kf/Sdb6e4e0a4d2849f3bac1b94a2640a199U.jpg,ByteBuy,Massage & Relaxation,Massage & Relaxation,aliexpress-85-100
aliexpress-85-100-1005013080233014,14.25x19 Outboard Propeller fit Honda 115 135 150 200 225 250HP Aluminum Alloy Screw 3 Blade 15 Spline Boat Motor Accessories,Category: Other Vehicle Parts & Accessories.,in stock,new,165.53 USD,94.35 USD,https://bytebuy.store/product/aliexpress-85-100-1005013080233014/,https://ae-pic-a1.aliexpress-media.com/kf/S1e15766eec3e48569a8934b3a77daf3fC.jpg,ByteBuy,Other Vehicle Parts & Accessories,Other Vehicle Parts & Accessories,aliexpress-85-100
aliexpress-85-100-1005008260877356,Electronic Tuya Smart Door Lock One Grip Open Indoor Door Fingerprint Wooden Door Password Lock,Category: Family Intelligence System.,in stock,new,92.49 USD,88.79 USD,https://bytebuy.store/product/aliexpress-85-100-1005008260877356/,https://ae-pic-a1.aliexpress-media.com/kf/Sbb77b295253c41d2a619f2e0ee2bb075g.jpg,ByteBuy,Family Intelligence System,Family Intelligence System,aliexpress-85-100
aliexpress-85-100-1005012467079682,EDGLuLu New Style Lapel Cape Style Shawl Short Sleeved Shirt+Wide-Leg Pants White Suit 2 Pieces Set For Woman 0608,Category: Matching Sets.,in stock,new,170.24 USD,91.93 USD,https://bytebuy.store/product/aliexpress-85-100-1005012467079682/,https://ae-pic-a1.aliexpress-media.com/kf/Sdefd457f874e4509864dd5f45aa8fc88V.jpg,ByteBuy,Matching Sets,Matching Sets,aliexpress-85-100
aliexpress-85-100-1005012932884691,Motorcycle Radiator Guard For BMW R 1300 R R1300 RS R1300R R1300RS 2025 2026 Motorcycle Grille Accessories-N25R,Category: Motorcycle Parts.,in stock,new,175.23 USD,87.61 USD,https://bytebuy.store/product/aliexpress-85-100-1005012932884691/,https://ae-pic-a1.aliexpress-media.com/kf/Sb9c50676ced04b0a9e7825e7ce751015r.jpg,ByteBuy,Motorcycle Parts,Motorcycle Parts,aliexpress-85-100
aliexpress-85-100-1005012457360198,1173PCS MOC Space Battle Midi Empire Destroyer Isd Model Building Blocks Creative Assembly Display Home Decor Construction Gift,Category: Building & Construction Toys.,in stock,new,128.11 USD,88.40 USD,https://bytebuy.store/product/aliexpress-85-100-1005012457360198/,https://ae-pic-a1.aliexpress-media.com/kf/Se9c3c2d68f5a41f5a34159485bb09f88Z.jpg,ByteBuy,Building & Construction Toys,Building & Construction Toys,aliexpress-85-100
aliexpress-85-100-1005012539908894,Backless Slip On Mule Flats Leather Square Toe Slim Wrap Ankle Band Tiny Side Knot Flat Heel Soft Daily Office Street Footwear,Category: Women's Shoes.,in stock,new,165.09 USD,87.50 USD,https://bytebuy.store/product/aliexpress-85-100-1005012539908894/,https://ae-pic-a1.aliexpress-media.com/kf/Sca3dd9facd95495e806fa2461cea6124P.jpg,ByteBuy,Women's Shoes,Women's Shoes,aliexpress-85-100
aliexpress-85-100-1005012024166016,Intelligent Electric 4WD RC Car 40KM/H LED Highlight Light Off-Road Shock Absorption High Speed Remote Control Truck Vehicle Toy,Category: Remote Control Toys.,in stock,new,190.30 USD,89.44 USD,https://bytebuy.store/product/aliexpress-85-100-1005012024166016/,https://ae-pic-a1.aliexpress-media.com/kf/Sfb407e1867474750a8fbd0407de825b9S.jpg,ByteBuy,Remote Control Toys,Remote Control Toys,aliexpress-85-100
aliexpress-85-100-1005010412428695,"Advanced Red Light Therapy Gloves for Carpal Tunnel & Arthritis, 660nm 850nm Rechargeable Infrared Device for Hand Pain",Category: Massage & Relaxation.,in stock,new,107.60 USD,90.38 USD,https://bytebuy.store/product/aliexpress-85-100-1005010412428695/,https://ae-pic-a1.aliexpress-media.com/kf/Sa5490b64e08540d682c53c67bdfb0e24A.jpg,ByteBuy,Massage & Relaxation,Massage & Relaxation,aliexpress-85-100
aliexpress-85-100-1005007469256894,Wedge Heel White Wedding Sandals For Female Women 2024 New Platform Buckle Strap Round Toe Slingback Elegant Fashion Summer Shoe,Category: Women's Shoes.,in stock,new,180.70 USD,99.39 USD,https://bytebuy.store/product/aliexpress-85-100-1005007469256894/,https://ae-pic-a1.aliexpress-media.com/kf/S9db28be6fe0641da93c0ab0ec22a92dbh.jpg,ByteBuy,Women's Shoes,Women's Shoes,aliexpress-85-100
aliexpress-85-100-1005013107980348,"Crown Racing LW600 Motorcycle Helmets, Full Face Motorcycle Street Bike Helmet DOT Approved",Category: Motorcycle Equipments.,in stock,new,199.51 USD,99.75 USD,https://bytebuy.store/product/aliexpress-85-100-1005013107980348/,https://ae-pic-a1.aliexpress-media.com/kf/S604a0e32a9d34443871c0cafa01504c0I.jpg,ByteBuy,Motorcycle Equipments,Motorcycle Equipments,aliexpress-85-100
aliexpress-85-100-1005013090577048,A-Premium 2x Front Side Exterior Door Handle for Hyundai Elantra 2013-2017,Category: Exterior Parts.,in stock,new,166.23 USD,89.81 USD,https://bytebuy.store/product/aliexpress-85-100-1005013090577048/,https://ae-pic-a1.aliexpress-media.com/kf/S1835f1dfe5864d09ab707ca885b163ddy.jpg,ByteBuy,Exterior Parts,Exterior Parts,aliexpress-85-100
aliexpress-85-100-1005010726046650,"LHH folding repair reclining plate 36 inches, maintenance work stool, auto maintenance hardware tool stool",Category: Motorcycle & ATV.,in stock,new,132.72 USD,92.90 USD,https://bytebuy.store/product/aliexpress-85-100-1005010726046650/,https://ae-pic-a1.aliexpress-media.com/kf/S13e963f636be4c2a822b43996bf377698.jpg,ByteBuy,Motorcycle & ATV,Motorcycle & ATV,aliexpress-85-100
aliexpress-85-100-1005012706527946,Teak Wood Cutting Board Extra Large 24 Inch Reversible Cutting Board with Handle,"Category: Kitchen,Dining & Bar.",in stock,new,200.07 USD,92.15 USD,https://bytebuy.store/product/aliexpress-85-100-1005012706527946/,https://ae-pic-a1.aliexpress-media.com/kf/Sf77cac373d56409ba9c4a1545d4c64aaD.jpg,ByteBuy,"Kitchen,Dining & Bar","Kitchen,Dining & Bar",aliexpress-85-100
aliexpress-85-100-1005012950246014,Phoenix 1/400 Scale China Airlines' First B787-9 B-1881 Die-cast Alloy Aircraft Model Collectible Decorative,Category: Play Vehicles & Models.,in stock,new,102.43 USD,88.09 USD,https://bytebuy.store/product/aliexpress-85-100-1005012950246014/,https://ae-pic-a1.aliexpress-media.com/kf/S04a8aa7c81ae494fba6822254d70eda5T.png,ByteBuy,Play Vehicles & Models,Play Vehicles & Models,aliexpress-85-100
aliexpress-85-100-1005012907572274,Portable 8 Inch IPS Touch Monitor 1280*800 Mini Display Screen for Raspberry Pi Xbox Switch Laptop Industrial Secondary Screen,Category: Computer Peripherals.,in stock,new,191.51 USD,86.18 USD,https://bytebuy.store/product/aliexpress-85-100-1005012907572274/,https://ae-pic-a1.aliexpress-media.com/kf/S9d9225acbddc4cd5ba16d9a1d2e2ad6cN.jpg,ByteBuy,Computer Peripherals,Computer Peripherals,aliexpress-85-100
aliexpress-85-100-1005010549904815,Fluffy Fur Pearl Rhinestone platform Snow Boots woman winter 2026 Sequined fur-lined Warm Ankle Boots Anti-slip Footwear,Category: Women's Shoes.,in stock,new,189.16 USD,96.47 USD,https://bytebuy.store/product/aliexpress-85-100-1005010549904815/,https://ae-pic-a1.aliexpress-media.com/kf/S0596e65bb02d438eb9deef0e590d28f3J.jpg,ByteBuy,Women's Shoes,Women's Shoes,aliexpress-85-100
aliexpress-85-100-1005009799005675,PAGANI DESIGN Top Luxury Men Clock Luminous Hollow Tourbillon Automatic Wristwatch Mechanical Stainless Steel Men's Watch Reloj,Category: Men's Watches.,in stock,new,211.05 USD,92.86 USD,https://bytebuy.store/product/aliexpress-85-100-1005009799005675/,https://ae-pic-a1.aliexpress-media.com/kf/S587e5dd9e66c4552bf2f744618d3a68bR.jpg,ByteBuy,Men's Watches,Men's Watches,aliexpress-85-100
aliexpress-85-100-1005009644128432,Rivets Pumps Gothic Punk Rock Dark Style Fashion Elegant Concise Sexy Leather Pointy Thin Heels Women Shoes Solid Color Newest,Category: Women's Shoes.,in stock,new,168.03 USD,87.38 USD,https://bytebuy.store/product/aliexpress-85-100-1005009644128432/,https://ae-pic-a1.aliexpress-media.com/kf/S1728addd55ae4646884346c646c91871n.png,ByteBuy,Women's Shoes,Women's Shoes,aliexpress-85-100
aliexpress-85-100-1005012556620656,New original touchscreen panel for SCN-A5-FZT15.0-PF1-0H1-R E000837 Touch-,Category: Tablet Accessories & Parts.,in stock,new,102.00 USD,96.90 USD,https://bytebuy.store/product/aliexpress-85-100-1005012556620656/,https://ae-pic-a1.aliexpress-media.com/kf/S428b3be4bdec4ab0a2e04f77af087b35w.jpg,ByteBuy,Tablet Accessories & Parts,Tablet Accessories & Parts,aliexpress-85-100
aliexpress-85-100-1005007543496980,40cm In Stock Hatsune Miku Fufu Sega Fuwa Puchi Lltatsu 2024 Kawaii Doll Original Anime Figure Model Collectible Toys,Category: Action & Toy Figures.,in stock,new,154.29 USD,95.66 USD,https://bytebuy.store/product/aliexpress-85-100-1005007543496980/,https://ae-pic-a1.aliexpress-media.com/kf/S35bba47dd1f043898ef62db7ad307b224.png,ByteBuy,Action & Toy Figures,Action & Toy Figures,aliexpress-85-100
aliexpress-85-100-1005012779517663,For Yamaha XSR900 XSR 900 2022-2023 Motorcycle Cockpit Visor Headlight Cowl Windscreen Windshield Acrylic Multi Accessories Kit,Category: Motorcycle Parts.,in stock,new,217.18 USD,97.73 USD,https://bytebuy.store/product/aliexpress-85-100-1005012779517663/,https://ae-pic-a1.aliexpress-media.com/kf/S51058b159c5c4fceb62940dee0ef4eeet.jpg,ByteBuy,Motorcycle Parts,Motorcycle Parts,aliexpress-85-100
aliexpress-85-100-1005012162972466,"A48U Dominator Pipe for 1/5 Losi 5Ive T Rovan LT 29CC,30.5CC,32CC,36CC,45CC Engine Rc Car Exhaust Pipe",Category: Remote Control Toys.,in stock,new,158.07 USD,93.26 USD,https://bytebuy.store/product/aliexpress-85-100-1005012162972466/,https://ae-pic-a1.aliexpress-media.com/kf/S6bd457bf20eb45f58548f565dbe1c722z.jpg,ByteBuy,Remote Control Toys,Remote Control Toys,aliexpress-85-100
aliexpress-85-100-1005012914628614,"NEW YORK XPRESS Lightweight Durable Hardshell Luggage,PC Expandable 20% Hardside Rolling Suitcase W/Spinner Wheels & TSA Lock,Carry On Luggage Or Chec",Category: Luggage.,in stock,new,254.03 USD,86.37 USD,https://bytebuy.store/product/aliexpress-85-100-1005012914628614/,https://ae-pic-a1.aliexpress-media.com/kf/S1a443c85bc094a4e9004a963c2ecea58j.jpg,ByteBuy,Luggage,Luggage,aliexpress-85-100
aliexpress-85-100-1005012914851202,12GO 97022 MOC Collector's Edition Military Tank Destroyer Building Blocks Bricks Model Toys for Boys Christmas Gift Set,Category: Building & Construction Toys.,in stock,new,194.56 USD,89.50 USD,https://bytebuy.store/product/aliexpress-85-100-1005012914851202/,https://ae-pic-a1.aliexpress-media.com/kf/S8bb92f048931451c8519f70ccf524d32G.jpg,ByteBuy,Building & Construction Toys,Building & Construction Toys,aliexpress-85-100
aliexpress-85-100-1005012952212602,G-Spot Double-Ended Sex Toys Dildo Vibrator for Women Lesbian Couples Remote Control 7 Vibration Vibrators Strapless Strap-on 18,Category: Sex Products.,in stock,new,207.14 USD,93.21 USD,https://bytebuy.store/product/aliexpress-85-100-1005012952212602/,https://ae-pic-a1.aliexpress-media.com/kf/Scf7bdca5000c42148b65b4323576d98cx.jpg,ByteBuy,Sex Products,Sex Products,aliexpress-85-100
aliexpress-85-100-1005012911184456,SC Japanese Summer New Love Chain Lace Splicing Short-sleeved Dress Summer New Bow Color Matching Plaid Dress Shorts 2-piece Set,Category: Matching Sets.,in stock,new,143.34 USD,96.04 USD,https://bytebuy.store/product/aliexpress-85-100-1005012911184456/,https://ae-pic-a1.aliexpress-media.com/kf/Se23b81948dae4b8897bdeb5645751f4dV.jpg,ByteBuy,Matching Sets,Matching Sets,aliexpress-85-100
aliexpress-85-100-1005012558217855,KB150SJ-Face Fingerprint Lock Keyless Entry Door Lock Front Door Smart Lock Home Smart Lock with Tuya Wifi APP Control 3D Face,Category: Access Building Automation.,in stock,new,191.64 USD,95.82 USD,https://bytebuy.store/product/aliexpress-85-100-1005012558217855/,https://ae-pic-a1.aliexpress-media.com/kf/Sbda3dc09fedd420b9f7628aef8a85874O.jpg,ByteBuy,Access Building Automation,Access Building Automation,aliexpress-85-100
aliexpress-85-100-1005013219900833,Winter Jackets Men Padded Warm Long Cotton Coats Plus Size 6XL 7XL 8XL Oversize Windbreak Hooded Black Autumn Pockets Loose Male,Category: Parkas.,in stock,new,183.74 USD,91.87 USD,https://bytebuy.store/product/aliexpress-85-100-1005013219900833/,https://ae-pic-a1.aliexpress-media.com/kf/Sba8074fd9cee452a9fee863b3b1d4b55N.jpg,ByteBuy,Parkas,Parkas,aliexpress-85-100
aliexpress-85-100-1005010400722260,Cang-Toys Battle Of The World Gods Yandi Susanowo Baphomet 1/100 Full Alloy Frame Domestic-Created Mecha Poseable Model Kit Gift,Category: Action & Toy Figures.,in stock,new,198.13 USD,95.10 USD,https://bytebuy.store/product/aliexpress-85-100-1005010400722260/,https://ae-pic-a1.aliexpress-media.com/kf/S3355ac9542e545e8a641ac182e03e0272.jpg,ByteBuy,Action & Toy Figures,Action & Toy Figures,aliexpress-85-100
aliexpress-85-100-1005012259040807,Electric forklift pallet truck 48V oil pump lifting oil pump motor ZD102-A004-ZL-S accessories factory direct sales,Category: Plumbing.,in stock,new,93.62 USD,89.88 USD,https://bytebuy.store/product/aliexpress-85-100-1005012259040807/,https://ae-pic-a1.aliexpress-media.com/kf/S085e328736fa4712b44df31aa053d8bfx.jpg,ByteBuy,Plumbing,Plumbing,aliexpress-85-100
aliexpress-85-100-1005013199565092,Cheap China Home Kitchen Appliance Built-in and Countertop Cooktops Vertical 2 Burners Gas Stove LPG and NG Gas Hob Cooker,Category: Major Appliances.,in stock,new,104.27 USD,95.93 USD,https://bytebuy.store/product/aliexpress-85-100-1005013199565092/,https://ae-pic-a1.aliexpress-media.com/kf/S92813cc413f84864b68bf00a4d09f814F.jpg,ByteBuy,Major Appliances,Major Appliances,aliexpress-85-100
aliexpress-85-100-1005012493059690,Winter Fashion Korean Style Women's Thickened Fleece Lined Sporty Casual Outfit with Hooded Jacket And Wide Leg Pants Set,Category: Matching Sets.,in stock,new,94.88 USD,94.87 USD,https://bytebuy.store/product/aliexpress-85-100-1005012493059690/,https://ae-pic-a1.aliexpress-media.com/kf/S6dea0420f943495e9073f8fc42b1b08fB.jpg,ByteBuy,Matching Sets,Matching Sets,aliexpress-85-100
aliexpress-85-100-1005012905703968,for Mechanical Revolution Z3AIR PRO Jiaolong 5 15K T5 Aurora PRO,Category: Laptop Parts & Accessories.,in stock,new,112.50 USD,95.63 USD,https://bytebuy.store/product/aliexpress-85-100-1005012905703968/,https://ae-pic-a1.aliexpress-media.com/kf/S09d46a5d6d994abe9ec4630a610aaa95F.jpg,ByteBuy,Laptop Parts & Accessories,Laptop Parts & Accessories,aliexpress-85-100
aliexpress-85-100-1005012125785243,Swiss Voile Lace African Cotton Lace Fabric 2026 High Quality Nigerian Stones Cotton Fabrics For Women Evening Dresses Sewing,Category: Apparel Fabrics & Textiles.,in stock,new,206.12 USD,92.75 USD,https://bytebuy.store/product/aliexpress-85-100-1005012125785243/,https://ae-pic-a1.aliexpress-media.com/kf/Sb21ee0b78dea484fa0289a6dccd891242.jpg,ByteBuy,Apparel Fabrics & Textiles,Apparel Fabrics & Textiles,aliexpress-85-100
aliexpress-85-100-1005012582666494,Professional Universal Stainless Steel Diamond Automatic 4 Stages Portable Electric Knife Sharpener for Kitchen Knives,"Category: Kitchen,Dining & Bar.",in stock,new,96.22 USD,91.41 USD,https://bytebuy.store/product/aliexpress-85-100-1005012582666494/,https://ae-pic-a1.aliexpress-media.com/kf/S3ffb5102533d466a9062f3e18684f131i.jpg,ByteBuy,"Kitchen,Dining & Bar","Kitchen,Dining & Bar",aliexpress-85-100
aliexpress-85-100-1005011878388028,Wireless Photoelectric 10 Years Battery Powered Interconnected Smoke Alarm Connect Heat Alarm Co Alarm for scottish legislation,"Category: Packaging, Printing & Supporting Equipment.",in stock,new,103.76 USD,99.61 USD,https://bytebuy.store/product/aliexpress-85-100-1005011878388028/,https://ae-pic-a1.aliexpress-media.com/kf/S79f3ee2d4ca84c6da6bb6d317728ecffC.jpg,ByteBuy,"Packaging, Printing & Supporting Equipment","Packaging, Printing & Supporting Equipment",aliexpress-85-100
aliexpress-85-100-1005012372010367,Bondarenko Slim Stlye Patent Leather Stiletto Heel Over Knee Boots Pointed Toe Pink Orange Green Thin Heel Long Boots Dance Shoe,Category: Dance.,in stock,new,140.05 USD,92.43 USD,https://bytebuy.store/product/aliexpress-85-100-1005012372010367/,https://ae-pic-a1.aliexpress-media.com/kf/Sa0621b516fb04a13a2b98c7a28024a8df.jpg,ByteBuy,Dance,Dance,aliexpress-85-100
aliexpress-85-100-1005011699957005,Custom Fit For Audi RS7 C7 4G C8 4K 2014-2024 Car Floor Mats Car accessories All Weather Carpets Covers Left /Right Hand Drive,Category: Interior Accessories.,in stock,new,131.82 USD,88.32 USD,https://bytebuy.store/product/aliexpress-85-100-1005011699957005/,https://ae-pic-a1.aliexpress-media.com/kf/S021f7f9bfb7d4ce5be2e66d60906315dh.jpg,ByteBuy,Interior Accessories,Interior Accessories,aliexpress-85-100
aliexpress-85-100-1005013223589335,Anime Halloween Party Costumes Masquerade Game Pripara Manaka Laala Cosplay Costume Adult Carnival 2026,Category: Cosplay Costumes.,in stock,new,172.23 USD,86.11 USD,https://bytebuy.store/product/aliexpress-85-100-1005013223589335/,https://ae-pic-a1.aliexpress-media.com/kf/S6e22201a1ee14986a45a37ba74fa34a0k.jpg,ByteBuy,Cosplay Costumes,Cosplay Costumes,aliexpress-85-100
aliexpress-85-100-1005012577195305,High temperature sanitary flat film pressure transmitter diaphragm clamp pressure transmitter,"Category: Packaging, Printing & Supporting Equipment.",in stock,new,101.12 USD,91.01 USD,https://bytebuy.store/product/aliexpress-85-100-1005012577195305/,https://ae-pic-a1.aliexpress-media.com/kf/Sdb04400e798a4e31bd9ae87f93187f20C.jpg,ByteBuy,"Packaging, Printing & Supporting Equipment","Packaging, Printing & Supporting Equipment",aliexpress-85-100
aliexpress-85-100-1005010631898171,Batzuzhi New Design Luxury Handmade Men's Boots Golden Toe Black Genuine Leather Boots Men Ankle 6.5cm Heels Party Boots!,Category: Men's Shoes.,in stock,new,138.00 USD,91.08 USD,https://bytebuy.store/product/aliexpress-85-100-1005010631898171/,https://ae-pic-a1.aliexpress-media.com/kf/S1f7521475b4e4c51b886f987bb7de0b67.jpg,ByteBuy,Men's Shoes,Men's Shoes,aliexpress-85-100
aliexpress-85-100-1005013264596970,Casual Daily Yellow Velvet Women's Overcoat Fashion Daily Belted Jacket ustomzied Black Shawl Lapel 1 Piece Outfits,Category: Blazer & Suits.,in stock,new,103.00 USD,87.55 USD,https://bytebuy.store/product/aliexpress-85-100-1005013264596970/,https://ae-pic-a1.aliexpress-media.com/kf/S0ebdd594abab45df91eec1b60b4abd1a9.jpg,ByteBuy,Blazer & Suits,Blazer & Suits,aliexpress-85-100
aliexpress-85-100-1005012634128216,T34C Ebike Torque Sensor for 36V/48V TSDZ2 Mid Dirver Motor Electric Bicycle Torque Sensing,Category: Cycling.,in stock,new,201.51 USD,88.66 USD,https://bytebuy.store/product/aliexpress-85-100-1005012634128216/,https://ae-pic-a1.aliexpress-media.com/kf/S726262ce56dd460985c3534b220fb151f.jpg,ByteBuy,Cycling,Cycling,aliexpress-85-100
aliexpress-85-100-1005012126402262,"Engine Oil Cooler Filter Housing for BMW F30 230i 330e 330i 430i 530e 530i 740e xDrive X3 X4 11428596283,11428593771,11428586673",Category: Engines & Engine Parts.,in stock,new,194.88 USD,97.44 USD,https://bytebuy.store/product/aliexpress-85-100-1005012126402262/,https://ae-pic-a1.aliexpress-media.com/kf/S7cd8e6ba76414499aca7e55ef025b557p.jpg,ByteBuy,Engines & Engine Parts,Engines & Engine Parts,aliexpress-85-100
aliexpress-85-100-1005012262395815,"ShinyGold 24K Yellow Gold 9999 Real Women's Necklace Pendant, Ideal for Fashion - conscious Jewelry Lovers",Category: Fine Jewelry.,in stock,new,178.63 USD,89.32 USD,https://bytebuy.store/product/aliexpress-85-100-1005012262395815/,https://ae-pic-a1.aliexpress-media.com/kf/S00fb274c27624f3d92f876071f9f5bc7U.jpg,ByteBuy,Fine Jewelry,Fine Jewelry,aliexpress-85-100
aliexpress-85-100-1005011576173481,New Pointed Toe Strange High Heel Long Boots Slip On Fashion Sexy Women Knee High Boots Autumn Winter White Solid Banquet 2026,Category: Women's Shoes.,in stock,new,175.24 USD,92.88 USD,https://bytebuy.store/product/aliexpress-85-100-1005011576173481/,https://ae-pic-a1.aliexpress-media.com/kf/S10eabdfe4b444f2d91c17a3601f439beC.png,ByteBuy,Women's Shoes,Women's Shoes,aliexpress-85-100
aliexpress-85-100-1005009066210657,AC Compressor with Clutch For Ford F-150 250350 4.6L 5.4L 2007 2008 2009 2010 BL3Z19703C AL1Z19703A 9L3Z19703E 1210905 639381,Category: Electrical Equipment.,in stock,new,183.61 USD,97.31 USD,https://bytebuy.store/product/aliexpress-85-100-1005009066210657/,https://ae-pic-a1.aliexpress-media.com/kf/Sa374389602484404b0252468fb1440eeq.jpg,ByteBuy,Electrical Equipment,Electrical Equipment,aliexpress-85-100
aliexpress-85-100-1005012475454969,SOS Emergency Call Button for Elderly Home Baby Monitor Two-Way Audio Home Safety Alarm System Smart Care Alert Device Playback,Category: Family Intelligence System.,in stock,new,141.09 USD,86.06 USD,https://bytebuy.store/product/aliexpress-85-100-1005012475454969/,https://ae-pic-a1.aliexpress-media.com/kf/S70780fe2b93344109371976ece7ada0d0.jpg,ByteBuy,Family Intelligence System,Family Intelligence System,aliexpress-85-100
aliexpress-85-100-1005012118163834,Woe For Porsche Taycan 2019-2024 Real Carbon Fiber Car Exterior Door Handle Cover Trim Car Accessories,Category: Interior Accessories.,in stock,new,116.96 USD,88.89 USD,https://bytebuy.store/product/aliexpress-85-100-1005012118163834/,https://ae-pic-a1.aliexpress-media.com/kf/S565a8517073a46bbae59a489ce929816d.jpg,ByteBuy,Interior Accessories,Interior Accessories,aliexpress-85-100
aliexpress-85-100-1005013272703780,Tang Style Hanfu Full Wig Pre-made Chignon Ancient Chinese Hairpiece for Lady Hizi Dress Costume Shooting Themed Party Show,Category: Cosplay Costumes.,in stock,new,187.02 USD,93.51 USD,https://bytebuy.store/product/aliexpress-85-100-1005013272703780/,https://ae-pic-a1.aliexpress-media.com/kf/S644a776f0e6a49f8ae65eefb99def260d.jpg,ByteBuy,Cosplay Costumes,Cosplay Costumes,aliexpress-85-100
aliexpress-85-100-1005010643993188,Game Anniversary Skins Tracer Cosplay Costume Women Blue Coat with Pants Halloween Carnival Outfits,Category: Cosplay Costumes.,in stock,new,174.07 USD,87.04 USD,https://bytebuy.store/product/aliexpress-85-100-1005010643993188/,https://ae-pic-a1.aliexpress-media.com/kf/S8ae38b555b10428b8584aa549adc4355Y.jpg,ByteBuy,Cosplay Costumes,Cosplay Costumes,aliexpress-85-100
aliexpress-85-100-32970150663,MALACASA Flora 26-Piece Porcelain Dinner Set with Bowls Dessert Soup Dinner Plates Rectangular Plates Set Service for 6 Person,"Category: Kitchen,Dining & Bar.",in stock,new,131.13 USD,98.35 USD,https://bytebuy.store/product/aliexpress-85-100-32970150663/,https://ae-pic-a1.aliexpress-media.com/kf/S6964fac4654c473fbdef362beed3a77fP.jpg,ByteBuy,"Kitchen,Dining & Bar","Kitchen,Dining & Bar",aliexpress-85-100
aliexpress-100+-1005012995263921,Custom Real Forging Carbon Fiber With LED Sports Car Steering Wheel For Jeep Wrangler Gladiator JK JL TJ KJ 2018-2024,Category: Chassis Parts.,in stock,new,902.83 USD,830.60 USD,https://bytebuy.store/product/aliexpress-100%2B-1005012995263921/,https://ae-pic-a1.aliexpress-media.com/kf/S554f045f103d4505bff6897f8fa98eb8S.jpg,ByteBuy,Chassis Parts,Chassis Parts,aliexpress-100+
aliexpress-100+-1005009185297366,IGI Lab Growing Diamond Ring Emerald shape D Color 1 2 3Ct Solid 10K Yellow Gold Ring Diamond wedding ring Factory Engagement,Category: Fine Jewelry.,in stock,new,735.00 USD,514.50 USD,https://bytebuy.store/product/aliexpress-100%2B-1005009185297366/,https://ae-pic-a1.aliexpress-media.com/kf/Sea3b0b4d2e6e4a02a5eaa616a8abf033O.jpg,ByteBuy,Fine Jewelry,Fine Jewelry,aliexpress-100+
aliexpress-100+-1005012924265765,Automobiles High Quality Shaft Forged Steel Main Shaft,Category: Wear Parts.,in stock,new,591.87 USD,544.52 USD,https://bytebuy.store/product/aliexpress-100%2B-1005012924265765/,https://ae-pic-a1.aliexpress-media.com/kf/S4b6f3ee9d61d4f21bfd7f7f389096463L.jpg,ByteBuy,Wear Parts,Wear Parts,aliexpress-100+
aliexpress-100+-1005011922506904,Pre-Cut Paint Protection Film PPF Transparent Bumper Protector Automotive Clear Bra Car Film For Ferrari Portofino M 2021-2025,Category: Exterior Accessories.,in stock,new,872.83 USD,864.10 USD,https://bytebuy.store/product/aliexpress-100%2B-1005011922506904/,https://ae-pic-a1.aliexpress-media.com/kf/Seac822beff234509b8be7f336ec62da3C.jpg,ByteBuy,Exterior Accessories,Exterior Accessories,aliexpress-100+
aliexpress-100+-1005013148472048,2026 hot for MV-CL042-91GC Industrial Camera Brand New Authentic Latest Prices as of May 2026,"Category: Packaging, Printing & Supporting Equipment.",in stock,new,551.69 USD,529.62 USD,https://bytebuy.store/product/aliexpress-100%2B-1005013148472048/,https://ae-pic-a1.aliexpress-media.com/kf/S6634953f5ecb4adfb409f85ac1204c01j.jpeg,ByteBuy,"Packaging, Printing & Supporting Equipment","Packaging, Printing & Supporting Equipment",aliexpress-100+
aliexpress-100+-1005011906597531,Luxury Thermostatic Bathroom Shower System Grey Digital Piano Control Shower Set Rainfall Shower Head Brass Bathroom Faucet,Category: Bathroom Fixture.,in stock,new,318.79 USD,168.96 USD,https://bytebuy.store/product/aliexpress-100%2B-1005011906597531/,https://ae-pic-a1.aliexpress-media.com/kf/Se78d4e68d9624015a9b9ed9c1d7dea4bi.jpg,ByteBuy,Bathroom Fixture,Bathroom Fixture,aliexpress-100+
aliexpress-100+-1005012464885219,"Suitable for Ferrari F430 carbon fiber side skirts, Harman style side skirts, side skirt body kit modification accessories",Category: Exterior Parts.,in stock,new,889.81 USD,854.22 USD,https://bytebuy.store/product/aliexpress-100%2B-1005012464885219/,https://ae-pic-a1.aliexpress-media.com/kf/S2f7934e513c745a6a15401e58385ead1U.jpg,ByteBuy,Exterior Parts,Exterior Parts,aliexpress-100+
aliexpress-100+-1005012667954866,Ultra-thin Bottom Air-cooled Air Conditioner 12v 24v Truck Parking Air Conditioner Electric 24v Air Conditioner,Category: Cycling.,in stock,new,793.11 USD,436.21 USD,https://bytebuy.store/product/aliexpress-100%2B-1005012667954866/,https://ae-pic-a1.aliexpress-media.com/kf/Se6fbb0f9fea349dbb8f129ddd6551a3aI.jpg,ByteBuy,Cycling,Cycling,aliexpress-100+
aliexpress-100+-1005012804683225,1 PCS For ACL-7225 REV.B 7225 51-11008-0010 Data Acquisition Card,Category: Office Electronics.,in stock,new,660.00 USD,541.20 USD,https://bytebuy.store/product/aliexpress-100%2B-1005012804683225/,https://ae-pic-a1.aliexpress-media.com/kf/Sa811b1f5a95d4b889245c3c466158225d.jpg,ByteBuy,Office Electronics,Office Electronics,aliexpress-100+
aliexpress-100+-1005012890536883,MUSHAN Luxury Custom 14K 18K Gold Rings Band Jewelry GRA Certificate D Color Moissanite Diamond Wedding Ring For Women,Category: Customized Jewelry.,in stock,new,1364.34 USD,714.64 USD,https://bytebuy.store/product/aliexpress-100%2B-1005012890536883/,https://ae-pic-a1.aliexpress-media.com/kf/Sc81b84be7ee84435870b0743147c3ac60.jpg,ByteBuy,Customized Jewelry,Customized Jewelry,aliexpress-100+
aliexpress-100+-1005011932077098,Anti-Fog LED Bathroom Mirror Time Temp Touch Wall,Category: Household Merchandises.,in stock,new,610.94 USD,586.50 USD,https://bytebuy.store/product/aliexpress-100%2B-1005011932077098/,https://ae-pic-a1.aliexpress-media.com/kf/S4b6f20eb743b47a5bd67cb7aa9195e84i.jpg,ByteBuy,Household Merchandises,Household Merchandises,aliexpress-100+
aliexpress-100+-1005012991858474,3339111014 Gear Pump PGP517 Series NFP,"Category: Packaging, Printing & Supporting Equipment.",in stock,new,1211.86 USD,1127.03 USD,https://bytebuy.store/product/aliexpress-100%2B-1005012991858474/,https://ae-pic-a1.aliexpress-media.com/kf/Sc4e00fc3b5254f60a6c2c808d150ba3bW.jpg,ByteBuy,"Packaging, Printing & Supporting Equipment","Packaging, Printing & Supporting Equipment",aliexpress-100+
aliexpress-100+-1005010320009554,For Cummins Engine Parts Accessory Driver 3010269,Category: Chassis Parts.,in stock,new,916.78 USD,843.44 USD,https://bytebuy.store/product/aliexpress-100%2B-1005010320009554/,https://ae-pic-a1.aliexpress-media.com/kf/Sda7e4c79de34442b86cd5f964edb48ee4.jpg,ByteBuy,Chassis Parts,Chassis Parts,aliexpress-100+
aliexpress-100+-1005012290554187,"2013-2016 for E-Class 212 Sport Front Bumper Set, Original Second-hand Set with Radiator",Category: Exterior Parts.,in stock,new,1382.92 USD,1327.60 USD,https://bytebuy.store/product/aliexpress-100%2B-1005012290554187/,https://ae-pic-a1.aliexpress-media.com/kf/S142d043403a34f5199e14935b7cb1f234.jpg,ByteBuy,Exterior Parts,Exterior Parts,aliexpress-100+
aliexpress-100+-1005011972904451,New K19 HC5A K38 Engine Supercharger 3523850 3523581 3525505 3592523 3594085 3801722 K19 HC5A K38 Turbocharger,Category: Engines & Engine Parts.,in stock,new,723.43 USD,665.55 USD,https://bytebuy.store/product/aliexpress-100%2B-1005011972904451/,https://ae-pic-a1.aliexpress-media.com/kf/S48f412fb8a7549589ac5175364e509ccl.jpg,ByteBuy,Engines & Engine Parts,Engines & Engine Parts,aliexpress-100+
aliexpress-100+-1005012612026035,Level 2 7kw Ac Wall Mount Ev Charger Weatherproof Type 1/Type 2 Electric Vehicle Charging Station,Category: New Energy Vehicle Parts & Accessories.,in stock,new,1391.15 USD,1293.77 USD,https://bytebuy.store/product/aliexpress-100%2B-1005012612026035/,https://ae-pic-a1.aliexpress-media.com/kf/Sf1bfcb3c7eae46f69441a2e49edb06f7m.jpg,ByteBuy,New Energy Vehicle Parts & Accessories,New Energy Vehicle Parts & Accessories,aliexpress-100+
aliexpress-100+-1005012254529310,BLT205-2 Drill Rod 205mm Seal Kit Customizable Hydraulic Hammer Breaker Repair Spare Parts,Category: Construction Machinery & Accessories.,in stock,new,283.78 USD,255.40 USD,https://bytebuy.store/product/aliexpress-100%2B-1005012254529310/,https://ae-pic-a1.aliexpress-media.com/kf/Sb4e223f522a1493b93c451376f81da30Y.jpg,ByteBuy,Construction Machinery & Accessories,Construction Machinery & Accessories,aliexpress-100+
aliexpress-100+-1005012879022386,High Quality 270 Degree Retractable 420D Oxford Waterproof Side Awning 4WD Pickup Four-season Camping Accessory,Category: Exterior Parts.,in stock,new,1135.71 USD,1090.28 USD,https://bytebuy.store/product/aliexpress-100%2B-1005012879022386/,https://ae-pic-a1.aliexpress-media.com/kf/S5a9bdb389dba49e5a12f09c4b6b6b3dba.jpg,ByteBuy,Exterior Parts,Exterior Parts,aliexpress-100+
aliexpress-100+-1005010485997319,Luxury 39MM NH35 Automatic Stainless Steel Men's Retro Watch Sapphire Black Dial Luminous Date Mechanical Wristwatch,Category: Men's Watches.,in stock,new,140.00 USD,112.00 USD,https://bytebuy.store/product/aliexpress-100%2B-1005010485997319/,https://ae-pic-a1.aliexpress-media.com/kf/Sf2aa0d33326a4e44a36919b7b634e8b5x.jpg,ByteBuy,Men's Watches,Men's Watches,aliexpress-100+
aliexpress-100+-1005012133814714,"IVECOO 5802039934, 5802041648 Particulate Filter DPF",Category: Engines & Engine Parts.,in stock,new,1224.29 USD,1163.08 USD,https://bytebuy.store/product/aliexpress-100%2B-1005012133814714/,https://ae-pic-a1.aliexpress-media.com/kf/S12f8d70b39cf4e21b5ee9198c8ca5468q.jpg,ByteBuy,Engines & Engine Parts,Engines & Engine Parts,aliexpress-100+
aliexpress-100+-1005012888918410,Payment Difference Fee - Supplemental Payment for Order Balance,Category: Additional Pay on Your Order.,in stock,new,810.04 USD,745.24 USD,https://bytebuy.store/product/aliexpress-100%2B-1005012888918410/,https://ae-pic-a1.aliexpress-media.com/kf/S8ce4216ac9b44356ad2b1248be44672fX.png,ByteBuy,Additional Pay on Your Order,Additional Pay on Your Order,aliexpress-100+
aliexpress-100+-1005013250914908,2026 G2 MAX 1200W Brushless Motor 48V18AH Foldable Waterproof Electric Scooter Two-Wheel Sensor 15Ah Battery 100kg Load 55km/h Speed Adult,Category: Cycling.,in stock,new,3570.03 USD,1106.71 USD,https://bytebuy.store/product/aliexpress-100%2B-1005013250914908/,https://ae-pic-a1.aliexpress-media.com/kf/Sf9522a0a49ef43a2b80d6f44950f3befe.jpg,ByteBuy,Cycling,Cycling,aliexpress-100+
aliexpress-100+-1005010400885992,Noctis Lucis Caelum Cosplay Costume Final Fantasy XV Uniform Halloween Carnival Party Christmas Play Role Clothes Clothing,Category: Cosplay Costumes.,in stock,new,314.58 USD,157.29 USD,https://bytebuy.store/product/aliexpress-100%2B-1005010400885992/,https://ae-pic-a1.aliexpress-media.com/kf/S3c54c3767a644b13ba53042dc5d7c301y.jpg,ByteBuy,Cosplay Costumes,Cosplay Costumes,aliexpress-100+
aliexpress-100+-1005012261657430,1:5 Technical Motorcycle City Sports Rapid Racing Highway Gliding Motorbike Locomotive Moc Modular Brick Ornament Toys Kids Gift,Category: Building & Construction Toys.,in stock,new,127.34 USD,122.72 USD,https://bytebuy.store/product/aliexpress-100%2B-1005012261657430/,https://ae-pic-a1.aliexpress-media.com/kf/S0f5292fdd86f4ee6a632d550fd3aae864.jpg,ByteBuy,Building & Construction Toys,Building & Construction Toys,aliexpress-100+
aliexpress-100+-1005011821332154,Veidt A-Class W177 A180 A200 A220 A35 A45 Front Bumper Assembly Screw-On Full Body Kit 2024,Category: Exterior Parts.,in stock,new,1424.38 USD,1381.65 USD,https://bytebuy.store/product/aliexpress-100%2B-1005011821332154/,https://ae-pic-a1.aliexpress-media.com/kf/S3832f7b45c7040629f08a577efb858b0j.jpg,ByteBuy,Exterior Parts,Exterior Parts,aliexpress-100+
aliexpress-100+-1005013063300986,Crucial P510 M.2 2280 PCIe Gen5 NVMe SSD Internal Solid State Drive High Speed Storage for Desktop Laptop PC,Category: Storage Device.,in stock,new,547.05 USD,246.18 USD,https://bytebuy.store/product/aliexpress-100%2B-1005013063300986/,https://ae-pic-a1.aliexpress-media.com/kf/S5a3f9b0b3efe44768773a9a2df041ab2D.jpg,ByteBuy,Storage Device,Storage Device,aliexpress-100+
aliexpress-100+-1005012926561583,160*35 mm Mechanical Brake Assembly for Trailer 750 kg Load Capacity -AZ088,Category: Agricultural Machinery & Supplies.,in stock,new,125.60 USD,115.55 USD,https://bytebuy.store/product/aliexpress-100%2B-1005012926561583/,https://ae-pic-a1.aliexpress-media.com/kf/S6982faa6ced545a8bdf9acca760393ceq.jpg,ByteBuy,Agricultural Machinery & Supplies,Agricultural Machinery & Supplies,aliexpress-100+
aliexpress-100+-1005011975477792,Anxinshi 5 Inch Screen Binocular Living Body Face Recognition Terminal,Category: Access Building Automation.,in stock,new,708.87 USD,666.34 USD,https://bytebuy.store/product/aliexpress-100%2B-1005011975477792/,https://ae-pic-a1.aliexpress-media.com/kf/S70e471612ce845dfaba1f9f5af6b0931E.jpg,ByteBuy,Access Building Automation,Access Building Automation,aliexpress-100+
aliexpress-100+-1005011531461046,BANDAI S.H. Figuarts Series Movable Toys Super Sentai Series Dinosaur Sentai Dragon Emperor Lianzhe Green Warrior Model,Category: Action & Toy Figures.,in stock,new,151.21 USD,105.85 USD,https://bytebuy.store/product/aliexpress-100%2B-1005011531461046/,https://ae-pic-a1.aliexpress-media.com/kf/Sd96b87e21bf64434b4766655df4b5ab2L.jpg,ByteBuy,Action & Toy Figures,Action & Toy Figures,aliexpress-100+
aliexpress-100+-1005010656448479,X CVertical and lying two-purpose belt machine Metal wire drawing machine Wood plate sanding machine,Category: Motorcycle & ATV.,in stock,new,651.78 USD,456.25 USD,https://bytebuy.store/product/aliexpress-100%2B-1005010656448479/,https://ae-pic-a1.aliexpress-media.com/kf/S09988ae0528e4e3088e380707d067882E.jpg,ByteBuy,Motorcycle & ATV,Motorcycle & ATV,aliexpress-100+
aliexpress-100+-1005013219355843,For Carbon Fiber Rear Diffuser for Q50 Sport Rear Bumpers Body Kits for Infiniti Q50 2014-2019 Car Accessories,Category: Exterior Parts.,in stock,new,526.76 USD,484.62 USD,https://bytebuy.store/product/aliexpress-100%2B-1005013219355843/,https://ae-pic-a1.aliexpress-media.com/kf/Sea3336801e504051bbe3dd786d8d758fs.jpg,ByteBuy,Exterior Parts,Exterior Parts,aliexpress-100+
aliexpress-100+-1005012254366406,IPROG Pro V87 ECU Key Programmer Full Adapter Tool for IMMO Airbag Dashboard EEPROM Radio Reset Diagnostic OBD Functions Kit V89,Category: Car Repair Tool.,in stock,new,227.70 USD,107.02 USD,https://bytebuy.store/product/aliexpress-100%2B-1005012254366406/,https://ae-pic-a1.aliexpress-media.com/kf/S4617cfd26d6845c9a15a8c742fc8a49cp.jpg,ByteBuy,Car Repair Tool,Car Repair Tool,aliexpress-100+
aliexpress-100+-1005010727188131,Stainless Steel Vertical Heated Towel Rail Wall Mounted Bathroom Drying Heater Modern Round Bar Design Towel Warmer,Category: Bathroom Fixture.,in stock,new,326.84 USD,277.81 USD,https://bytebuy.store/product/aliexpress-100%2B-1005010727188131/,https://ae-pic-a1.aliexpress-media.com/kf/S47f441a251c448318a347f96dabb43c5L.jpg,ByteBuy,Bathroom Fixture,Bathroom Fixture,aliexpress-100+
aliexpress-100+-1005011836238262,"Hot Selling Luxury Smart Leather Car Seat, Electric Touch Screen Control Airplane Seat",Category: Interior Parts.,in stock,new,1454.44 USD,1236.27 USD,https://bytebuy.store/product/aliexpress-100%2B-1005011836238262/,https://ae-pic-a1.aliexpress-media.com/kf/S3352147cdb654559b2c6499fcafbf608M.jpg,ByteBuy,Interior Parts,Interior Parts,aliexpress-100+
aliexpress-100+-1005011719443191,Portable Aluminum Alloy Suitcase Toolbox Business Waterproof Travel Storage Bag Laptop Tablet PC Case Valuables Safe Deposit Box,Category: Luggage.,in stock,new,164.63 USD,162.98 USD,https://bytebuy.store/product/aliexpress-100%2B-1005011719443191/,https://ae-pic-a1.aliexpress-media.com/kf/S210bdd3f3b5548eda415b605c4267365r.jpg,ByteBuy,Luggage,Luggage,aliexpress-100+
aliexpress-100+-1005012528607791,Marinelite MI9000P Marine Digital Windvane Anemometer Electric Wind Instrument Cup-Anemometer Made in Jiangsu,"Category: Packaging, Printing & Supporting Equipment.",in stock,new,1992.82 USD,1913.11 USD,https://bytebuy.store/product/aliexpress-100%2B-1005012528607791/,https://ae-pic-a1.aliexpress-media.com/kf/Se4588a11ad0440a496bf52e0118ea3ea5.jpg,ByteBuy,"Packaging, Printing & Supporting Equipment","Packaging, Printing & Supporting Equipment",aliexpress-100+
aliexpress-100+-1005010764863867,Zone 1 Class 1 300W 400W Led Explosion Proof Spot Luminaires Anti Explosion Flood Light for Mining Lighting,Category: Construction Machinery & Accessories.,in stock,new,651.63 USD,632.08 USD,https://bytebuy.store/product/aliexpress-100%2B-1005010764863867/,https://ae-pic-a1.aliexpress-media.com/kf/Sa41202b586384445a55c2d9a664eadaa9.jpg,ByteBuy,Construction Machinery & Accessories,Construction Machinery & Accessories,aliexpress-100+
aliexpress-100+-1005012204676537,Out Door PVC Strong Hard Large Size Blue Pool Kids Swimming Square Inflatable Pool,Category: Entertainment.,in stock,new,1564.02 USD,1485.82 USD,https://bytebuy.store/product/aliexpress-100%2B-1005012204676537/,https://ae-pic-a1.aliexpress-media.com/kf/S098a791b66f54445b5039783080bc53eB.jpg,ByteBuy,Entertainment,Entertainment,aliexpress-100+
aliexpress-100+-1005013003299126,"KINGBOLEN S6 Elite OBD2 Scanner, 2026 Bidirectional Scan Tool, 15 Reset, Active Test, All System Car Diagnostic Scanner, CAN FD/FCA/Renault SGW, Lifet",Category: Car Repair Tool.,in stock,new,409.18 USD,204.59 USD,https://bytebuy.store/product/aliexpress-100%2B-1005013003299126/,https://ae-pic-a1.aliexpress-media.com/kf/S0f14f7e6e89141239330f6d21ed9f8b5T.jpg,ByteBuy,Car Repair Tool,Car Repair Tool,aliexpress-100+
aliexpress-100+-1005011974047194,For BAIC 212 T01 Flag Pole Holder Tailgate Flag Mount Antenna Bracket Offroad 4x4 Accessories Desert Overlanding Heavy Duty,Category: Exterior Accessories.,in stock,new,228.95 USD,183.16 USD,https://bytebuy.store/product/aliexpress-100%2B-1005011974047194/,https://ae-pic-a1.aliexpress-media.com/kf/Sd2d7c806105e4d30bddaddf4b85b6540W.jpg,ByteBuy,Exterior Accessories,Exterior Accessories,aliexpress-100+
aliexpress-100+-1005010077163038,Valet Desk Tea Tray Wood Plates For Food Pot Accessories Rectangle Tea Tray Ceramic Hospitality Bandeja Madera Home Products,"Category: Kitchen,Dining & Bar.",in stock,new,341.34 USD,160.43 USD,https://bytebuy.store/product/aliexpress-100%2B-1005010077163038/,https://ae-pic-a1.aliexpress-media.com/kf/S4a39d6d5bda94b59baa6d1ce1564bd20A.jpg,ByteBuy,"Kitchen,Dining & Bar","Kitchen,Dining & Bar",aliexpress-100+
aliexpress-100+-1005012636949895,Exterior Body Kit Upgrade M4 Style Bodykit for BMW 4 Series G22 G23 G26 Car Bumper Spioler Grill Exhaust Car Parts Body Kit,Category: Exterior Parts.,in stock,new,2247.01 USD,2157.13 USD,https://bytebuy.store/product/aliexpress-100%2B-1005012636949895/,https://ae-pic-a1.aliexpress-media.com/kf/Sfa8ef6c1843b4c80b5763d0e3ba04744J.jpg,ByteBuy,Exterior Parts,Exterior Parts,aliexpress-100+
aliexpress-100+-1005012801074106,RAVOOY Custom-Fit Precut TPU PPF Full Vehicle Clear Bra Stone Guard EU UK For Audi A6 S-line Saloon 2024-2025,Category: Exterior Accessories.,in stock,new,1295.62 USD,621.90 USD,https://bytebuy.store/product/aliexpress-100%2B-1005012801074106/,https://ae-pic-a1.aliexpress-media.com/kf/S5d94401e355e4691b712b09c0db85623i.jpg,ByteBuy,Exterior Accessories,Exterior Accessories,aliexpress-100+
aliexpress-100+-1005010463392403,Complete Turbine for 1.5DCI 86HP 63Kw K9K 2004- 54359710029 54359700016 54359880029,Category: Industry Machinery & Equipment.,in stock,new,414.51 USD,402.08 USD,https://bytebuy.store/product/aliexpress-100%2B-1005010463392403/,https://ae-pic-a1.aliexpress-media.com/kf/S158cd5852f9848699f731ca84287c659h.jpg,ByteBuy,Industry Machinery & Equipment,Industry Machinery & Equipment,aliexpress-100+
aliexpress-100+-1005010698938203,HKSH 2026 Spring Autumn New Men Tide Punk American Vintage Camouflage Cargo Pants Women Loose Straight Leather Patchwork HK18200,Category: Pants.,in stock,new,233.91 USD,135.67 USD,https://bytebuy.store/product/aliexpress-100%2B-1005010698938203/,https://ae-pic-a1.aliexpress-media.com/kf/S06897f54f19547b19f999d4280c08362k.jpg,ByteBuy,Pants,Pants,aliexpress-100+
aliexpress-100+-1005013192737928,Topdon Rlink X3 J2534 Pass-thru Programmer For OEM Diagnostics and Reprogramming Supports Models from 1996 to 2025 For GM/Ford,Category: Car Repair Tool.,in stock,new,176.76 USD,113.12 USD,https://bytebuy.store/product/aliexpress-100%2B-1005013192737928/,https://ae-pic-a1.aliexpress-media.com/kf/S07d9cc2d8d4540ebb595fad8d4c6f7e7Q.jpg,ByteBuy,Car Repair Tool,Car Repair Tool,aliexpress-100+
aliexpress-100+-1005012672906321,704401 Transmission Sharpener Drive Pulley MH8-M88-MX9-Q80-iH8-IX9 for Lectra Cutter,"Category: Packaging, Printing & Supporting Equipment.",in stock,new,2273.18 USD,2182.25 USD,https://bytebuy.store/product/aliexpress-100%2B-1005012672906321/,https://ae-pic-a1.aliexpress-media.com/kf/S10643fdf5e8142e4ba8d9bf1a2645873s.jpg,ByteBuy,"Packaging, Printing & Supporting Equipment","Packaging, Printing & Supporting Equipment",aliexpress-100+
aliexpress-100+-1005012065402678,"Life-size male sex doll - full-size sex doll torso, realistic sex doll vagina, anal sex doll, male masturbator, caresser, soft b",Category: Sex Products.,in stock,new,226.13 USD,106.28 USD,https://bytebuy.store/product/aliexpress-100%2B-1005012065402678/,https://ae-pic-a1.aliexpress-media.com/kf/S09cd5cea5386410697320293c3ff6890u.jpg,ByteBuy,Sex Products,Sex Products,aliexpress-100+
aliexpress-100+-1005012506670026,17-22 Inch 5x108/5x112/5x114.3/5x120 PCD Riveted Deep Dish Flow Formed Alloy Sport Wheels,Category: Wear Parts.,in stock,new,155.46 USD,147.69 USD,https://bytebuy.store/product/aliexpress-100%2B-1005012506670026/,https://ae-pic-a1.aliexpress-media.com/kf/Se30a53aa5ef84ba6bea1e8c5be1aff30V.jpg,ByteBuy,Wear Parts,Wear Parts,aliexpress-100+
aliexpress-100+-1005012047532605,Compact Digital 150L Aquarium Cooler R134a High-Stability Cooling with Water Pump for Coral Tank,Category: Industry Machinery & Equipment.,in stock,new,893.40 USD,714.72 USD,https://bytebuy.store/product/aliexpress-100%2B-1005012047532605/,https://ae-pic-a1.aliexpress-media.com/kf/Sab03a0909952446eac83547f0ee38bdcc.jpg,ByteBuy,Industry Machinery & Equipment,Industry Machinery & Equipment,aliexpress-100+
aliexpress-100+-1005012639717112,In Stock CHANGLONG KO MG 1/100 7701 Strike Freedom Twilight White MGEX Assembly Model Kit Anime Figure Collectible Toy Gift,Category: Action & Toy Figures.,in stock,new,226.13 USD,108.54 USD,https://bytebuy.store/product/aliexpress-100%2B-1005012639717112/,https://ae-pic-a1.aliexpress-media.com/kf/Sa1fff71fd7f64bc3b87a737366a02657X.jpg,ByteBuy,Action & Toy Figures,Action & Toy Figures,aliexpress-100+
aliexpress-100+-1005013054822135,for honda Integra DC2 JDM Fiberglass Front Bumper Air Duct,Category: Exterior Parts.,in stock,new,231.59 USD,213.06 USD,https://bytebuy.store/product/aliexpress-100%2B-1005013054822135/,https://ae-pic-a1.aliexpress-media.com/kf/S745b50e8ab2c4725aa22c64e9001128fm.jpg,ByteBuy,Exterior Parts,Exterior Parts,aliexpress-100+
aliexpress-100+-1005010520757894,Front Rear bumper Surround Body kit for Porsche Panamera 976 2024-2026 Modified TURBO style Rear lip Grille,Category: Exterior Parts.,in stock,new,1672.82 USD,1505.54 USD,https://bytebuy.store/product/aliexpress-100%2B-1005010520757894/,https://ae-pic-a1.aliexpress-media.com/kf/Sd267fb9df89a4bae932dac6b8b03e7831.jpg,ByteBuy,Exterior Parts,Exterior Parts,aliexpress-100+
aliexpress-100+-1005012106466583,Girls' White Lace-Sleeve Formal Dress Tulle Flower Girl Gown Sequin Trimmed Fluffy Party Dress Wedding Attire,Category: Customized Dresses.,in stock,new,164.63 USD,162.98 USD,https://bytebuy.store/product/aliexpress-100%2B-1005012106466583/,https://ae-pic-a1.aliexpress-media.com/kf/S3f3f8022c71c4eb1a8c64c7df39d39f2i.jpg,ByteBuy,Customized Dresses,Customized Dresses,aliexpress-100+
aliexpress-100+-1005013066914193,bssEuropean market adult electric 3000W exclusive CE electric motorcycle,Category: Motorcycle & ATV.,in stock,new,868.84 USD,834.09 USD,https://bytebuy.store/product/aliexpress-100%2B-1005013066914193/,https://ae-pic-a1.aliexpress-media.com/kf/S3051e68bebef4f0882c6d554c0777cf8p.jpg,ByteBuy,Motorcycle & ATV,Motorcycle & ATV,aliexpress-100+
aliexpress-100+-1005012675936146,Electric tricycle special rain curtain shed tricycle hood cover motorcycle,Category: Motorcycle Accessories.,in stock,new,286.37 USD,143.19 USD,https://bytebuy.store/product/aliexpress-100%2B-1005012675936146/,https://ae-pic-a1.aliexpress-media.com/kf/Sf25f8081a9ea417b89444d17ba17c632Z.jpg,ByteBuy,Motorcycle Accessories,Motorcycle Accessories,aliexpress-100+
aliexpress-100+-1005012401266089,Custom Weatherproof Outdoor LED Display49inch Indoor Digital Poster - FHD/4K Ultra-Thin Display Windows/Android System,Category: Commercial Equipment.,in stock,new,2362.06 USD,2125.85 USD,https://bytebuy.store/product/aliexpress-100%2B-1005012401266089/,https://ae-pic-a1.aliexpress-media.com/kf/S21438b0efe4c4092b900391351173917m.jpg,ByteBuy,Commercial Equipment,Commercial Equipment,aliexpress-100+
aliexpress-100+-1005013004407426,The AS-4124GS-TNR Server Power Supply 2000W PWS-2K08A-1R,Category: Electrical Equipment.,in stock,new,786.45 USD,550.51 USD,https://bytebuy.store/product/aliexpress-100%2B-1005013004407426/,https://ae-pic-a1.aliexpress-media.com/kf/Se3485e7ea81d404d9b30226ab349c7772.jpg,ByteBuy,Electrical Equipment,Electrical Equipment,aliexpress-100+
aliexpress-100+-1005012979363398,9.25-inch 6K exposure display screen with attached glass is suitable for Flashforge foto 3D printer accessories,Category: 3D Printing & Additive Manufacturing.,in stock,new,254.51 USD,234.15 USD,https://bytebuy.store/product/aliexpress-100%2B-1005012979363398/,https://ae-pic-a1.aliexpress-media.com/kf/Sf85a3c4a3712490cb3723d6e419040d8O.jpg,ByteBuy,3D Printing & Additive Manufacturing,3D Printing & Additive Manufacturing,aliexpress-100+
aliexpress-100+-1005012134491106,"Unique Moissanite PT950 Platinum 5 Carat Luxury Four-Claw Ring for Women, presenting personalized and high-grade accessory style",Category: Fine Jewelry.,in stock,new,4194.40 USD,419.44 USD,https://bytebuy.store/product/aliexpress-100%2B-1005012134491106/,https://ae-pic-a1.aliexpress-media.com/kf/S3ea638af67c145eaacb6c29820cbedb78.jpg,ByteBuy,Fine Jewelry,Fine Jewelry,aliexpress-100+
aliexpress-100+-1005012116588567,HUAIN 8X8 HD LCD Video Wall Processor Matrix Switcher For Conference Equipment,Category: Access Building Automation.,in stock,new,2869.38 USD,2697.22 USD,https://bytebuy.store/product/aliexpress-100%2B-1005012116588567/,https://ae-pic-a1.aliexpress-media.com/kf/S08d79096c8e04a6ab559591706a11126X.jpg,ByteBuy,Access Building Automation,Access Building Automation,aliexpress-100+
aliexpress-100+-1005012783849971,High Quality Commercial Fitness Equipment Spinning Bike,Category: Tool Sets.,in stock,new,1319.55 USD,1306.35 USD,https://bytebuy.store/product/aliexpress-100%2B-1005012783849971/,https://ae-pic-a1.aliexpress-media.com/kf/S9ada2f25e0444044a79b7dae6b766ac8e.jpg,ByteBuy,Tool Sets,Tool Sets,aliexpress-100+
aliexpress-100+-1005011682180934,For Original W213 LED Headlight Wholesale for Mercedes Benz E Class W213 Multi Beam Headlight 2016-2020 Car Lighting System,Category: Car Lights.,in stock,new,786.84 USD,755.37 USD,https://bytebuy.store/product/aliexpress-100%2B-1005011682180934/,https://ae-pic-a1.aliexpress-media.com/kf/S93d35477b3774073b570d697fd719745g.jpg,ByteBuy,Car Lights,Car Lights,aliexpress-100+
aliexpress-100+-1005012445201890,High Quality Steel Aluminum 20-Inch Folding Adult Bike with Double Disc Brake 7-Speed Lightweight Street Use Hot Selling,Category: Entertainment.,in stock,new,216.99 USD,208.31 USD,https://bytebuy.store/product/aliexpress-100%2B-1005012445201890/,https://ae-pic-a1.aliexpress-media.com/kf/S3e5011cf540041d6a7034ed9a926924a6.jpg,ByteBuy,Entertainment,Entertainment,aliexpress-100+
aliexpress-100+-1005012279513224,For S-level W223 Front Bumper Assembly with Radiator and Headlights Bolt-On Auto Accessories High Quality,Category: Exterior Parts.,in stock,new,1479.79 USD,1391.00 USD,https://bytebuy.store/product/aliexpress-100%2B-1005012279513224/,https://ae-pic-a1.aliexpress-media.com/kf/Sc26e861d57d940ea8c03f6c7c27c0b12b.jpg,ByteBuy,Exterior Parts,Exterior Parts,aliexpress-100+
aliexpress-100+-1005012290464562,Industrial Control Motherboard MF034-000255-0A BCL6L110 Industrial Control Medical Motherboard,Category: Family Intelligence System.,in stock,new,1149.86 USD,919.89 USD,https://bytebuy.store/product/aliexpress-100%2B-1005012290464562/,https://ae-pic-a1.aliexpress-media.com/kf/S1b4e3cf3116a4edcb106c58a9fc2f8386.jpg,ByteBuy,Family Intelligence System,Family Intelligence System,aliexpress-100+
aliexpress-100+-1005012882104067,Eastern Turbocharger BYD 2.0T Auto Engine System Supercharger Universal K03 Turbo Model for 53039700449 BYD476ZQA-1118020,Category: Engines & Engine Parts.,in stock,new,731.04 USD,672.56 USD,https://bytebuy.store/product/aliexpress-100%2B-1005012882104067/,https://ae-pic-a1.aliexpress-media.com/kf/Sb952fa256ef349849a5d2059a27f196cE.jpg,ByteBuy,Engines & Engine Parts,Engines & Engine Parts,aliexpress-100+
aliexpress-100+-1005010176469916,Haoshi Multifunctional Twist Cylinder Key Puller Pull Opening 4 Heads Euro Universal Set Unlocking s,Category: Cycling.,in stock,new,524.90 USD,446.17 USD,https://bytebuy.store/product/aliexpress-100%2B-1005010176469916/,https://ae-pic-a1.aliexpress-media.com/kf/S791da151622e46d286604168081fe525K.jpg,ByteBuy,Cycling,Cycling,aliexpress-100+
aliexpress-100+-1005013071214861,Left-Hand Drive Car Custom Fit Floor Mat For ZEEKR X 2023-2026 Waterproof Wear-Resistant Odorless Full Coverage Floor Liner,Category: Interior Accessories.,in stock,new,252.86 USD,232.63 USD,https://bytebuy.store/product/aliexpress-100%2B-1005013071214861/,https://ae-pic-a1.aliexpress-media.com/kf/Sbcc5f27a87164a0e82a4b933687cdb36a.jpg,ByteBuy,Interior Accessories,Interior Accessories,aliexpress-100+
aliexpress-100+-1005012136039645,Waterproof Stainless Steel Round Marine Porthole Marine Fixed Bolted Ship Aluminum Porthole Scuttle Window with Deadlight,Category: Boats.,in stock,new,497.02 USD,477.14 USD,https://bytebuy.store/product/aliexpress-100%2B-1005012136039645/,https://ae-pic-a1.aliexpress-media.com/kf/Sfdd5ac9bf11a4df78e4d7508fc0327b0B.jpg,ByteBuy,Boats,Boats,aliexpress-100+
aliexpress-100+-1005010207644523,Factory Price Front Light Head Lamp Headlight for Nissan Sylphy 2015-2020 Head Lights Assembly,Category: Car Lights.,in stock,new,1610.09 USD,1561.79 USD,https://bytebuy.store/product/aliexpress-100%2B-1005010207644523/,https://ae-pic-a1.aliexpress-media.com/kf/S7c6673d416b8416eb045bc89a679fd5aY.jpg,ByteBuy,Car Lights,Car Lights,aliexpress-100+
aliexpress-100+-1005011626289120,DU105 DU106 Fuser Film for Konica Minolta Bizhub Press C1060/C1070/C71hc/C2060/C2070/C3070/ C3080/C3080P/C83hc Super Quality,"Category: Packaging, Printing & Supporting Equipment.",in stock,new,152.12 USD,133.87 USD,https://bytebuy.store/product/aliexpress-100%2B-1005011626289120/,https://ae-pic-a1.aliexpress-media.com/kf/Sd063ccaff532438596020475831955c6o.jpg,ByteBuy,"Packaging, Printing & Supporting Equipment","Packaging, Printing & Supporting Equipment",aliexpress-100+
aliexpress-100+-1005010175777301,Zuimi High-end 2025 5000w Motor 120km/h Long Range Electric Off-road Motorcycles Sport Bikes Motorbike Racing Scooter,Category: Motorcycle & ATV.,in stock,new,2230.66 USD,2007.59 USD,https://bytebuy.store/product/aliexpress-100%2B-1005010175777301/,https://ae-pic-a1.aliexpress-media.com/kf/S626375f3f89046e18bdf57feb9d918a6D.jpg,ByteBuy,Motorcycle & ATV,Motorcycle & ATV,aliexpress-100+
aliexpress-100+-1005009472390346,Waterproof Wireless Rechargeable Par Light 4X10W RGBWA-UV 6IN1 Battery Powered Uplights with Remote APP DMX Control for Party DJ,Category: Commercial Lighting.,in stock,new,273.42 USD,177.72 USD,https://bytebuy.store/product/aliexpress-100%2B-1005009472390346/,https://ae-pic-a1.aliexpress-media.com/kf/S5b9a0dd63ac84786a174a682ab545184Y.jpg,ByteBuy,Commercial Lighting,Commercial Lighting,aliexpress-100+
aliexpress-100+-1005005679620230,Netac 7400MB/s SSD NVMe M2 2TB 1TB 512GB 4TB Internal Solid State Hard Drive M.2 PCIe 4.0x4 2280 SSD Disk for PS5 Laptop PC,Category: Storage Device.,in stock,new,174.99 USD,117.03 USD,https://bytebuy.store/product/aliexpress-100%2B-1005005679620230/,https://ae-pic-a1.aliexpress-media.com/kf/Sabd92a6637524466bba044788022f23eQ.jpg,ByteBuy,Storage Device,Storage Device,aliexpress-100+
aliexpress-100+-1005012543214041,The Great Qin Empire AGELOCER Original Budapest Men's Big Calendar Fashion Mechanical Watch,Category: Customized Watches.,in stock,new,449.14 USD,426.68 USD,https://bytebuy.store/product/aliexpress-100%2B-1005012543214041/,https://ae-pic-a1.aliexpress-media.com/kf/Sdd2990a6d2934de58783f9ec887c4e3d1.jpg,ByteBuy,Customized Watches,Customized Watches,aliexpress-100+
aliexpress-100+-1005012618005074,"For Lotus Emira 2.0T 2021-2026 Front Exhaust Downpipe, High Flow Performance Pipe with Heat Shield",Category: Engines & Engine Parts.,in stock,new,506.32 USD,481.00 USD,https://bytebuy.store/product/aliexpress-100%2B-1005012618005074/,https://ae-pic-a1.aliexpress-media.com/kf/Sc1f262628e984dd1851a3646cf18b751g.jpg,ByteBuy,Engines & Engine Parts,Engines & Engine Parts,aliexpress-100+
aliexpress-100+-1005012430161715,Used EDC Lautie Devil Milk Cap Pushing Brand Purple Copper+Zirconium ppb coin fidget decompression toy,Category: Stress Relief Toy.,in stock,new,299.60 USD,149.80 USD,https://bytebuy.store/product/aliexpress-100%2B-1005012430161715/,https://ae-pic-a1.aliexpress-media.com/kf/Sbc054df006a84c2883b1ee3469234a3ca.jpg,ByteBuy,Stress Relief Toy,Stress Relief Toy,aliexpress-100+
aliexpress-100+-1005012545676375,Smart Retail Kiosk Vending Machine Snack Drink Automatic Dispensing System Touch Screen Equipment,Category: Commercial Equipment.,in stock,new,2212.55 USD,1526.66 USD,https://bytebuy.store/product/aliexpress-100%2B-1005012545676375/,https://ae-pic-a1.aliexpress-media.com/kf/Sd7c48d10194041d589365a8637edfd76c.jpg,ByteBuy,Commercial Equipment,Commercial Equipment,aliexpress-100+
aliexpress-100+-1005011921287895,High Quality Fender Flares for Land Rover Defender 2020 Wheel Arches with LED Lights Body Parts for Defender 110,Category: Exterior Accessories.,in stock,new,985.54 USD,955.97 USD,https://bytebuy.store/product/aliexpress-100%2B-1005011921287895/,https://ae-pic-a1.aliexpress-media.com/kf/Sdda8ac56d3ff46e8b64db7bcfd874c73z.jpg,ByteBuy,Exterior Accessories,Exterior Accessories,aliexpress-100+
aliexpress-100+-1005012830588489,Olibexley Diamond Ornament White Men Suits 3 Pieces Sets Groom Male Prom Blazers Slim Fit Beaded Wedding Tuxedos Customized S230,Category: Suits & Blazer.,in stock,new,254.51 USD,134.89 USD,https://bytebuy.store/product/aliexpress-100%2B-1005012830588489/,https://ae-pic-a1.aliexpress-media.com/kf/S36ac8852c85c48fc8255f298d15953adh.jpg,ByteBuy,Suits & Blazer,Suits & Blazer,aliexpress-100+
aliexpress-100+-1005010522160541,Safety Valve High Temperature Steam Water Oil Gas Manual Power Hydraulic Structure Flanged High Pressure Angle Stop Regulating,Category: Industry Machinery & Equipment.,in stock,new,795.00 USD,763.20 USD,https://bytebuy.store/product/aliexpress-100%2B-1005010522160541/,https://ae-pic-a1.aliexpress-media.com/kf/Sb95671fd5aec47e68505be01aa973294t.jpg,ByteBuy,Industry Machinery & Equipment,Industry Machinery & Equipment,aliexpress-100+
aliexpress-100+-1005011930767166,New 6V 5.0Ah 0809-0012 Original lntegrated Sealed Lead-acid Battery for Cyclon EnerSys,Category: Mobile Phone Parts.,in stock,new,223.19 USD,214.26 USD,https://bytebuy.store/product/aliexpress-100%2B-1005011930767166/,https://ae-pic-a1.aliexpress-media.com/kf/S9ccf7218d34949c3bfd0c29d8816779fD.jpg,ByteBuy,Mobile Phone Parts,Mobile Phone Parts,aliexpress-100+
aliexpress-100+-1005012193720268,Leather Steering Wheel for BMW E46 F30 F10 E90 E60 G20 G30 F32 328i F36 M340i E39 F22 F11 540i E87 M3 E70 M4,Category: Interior Parts.,in stock,new,336.36 USD,289.27 USD,https://bytebuy.store/product/aliexpress-100%2B-1005012193720268/,https://ae-pic-a1.aliexpress-media.com/kf/S5ab877eab7584f3bb09cbc237725601e8.jpg,ByteBuy,Interior Parts,Interior Parts,aliexpress-100+
aliexpress-100+-1005013232698111,Gas Oven Home Electric Oven Integrated All-in-One Stove Four-Eye Natural Gas Stove Imported From Germany One-Piece StoveD28,"Category: Kitchen,Dining & Bar.",in stock,new,1144.60 USD,789.77 USD,https://bytebuy.store/product/aliexpress-100%2B-1005013232698111/,https://ae-pic-a1.aliexpress-media.com/kf/S8ab8c4c75e2f4e7d8f13a9c2b44e69a5G.jpg,ByteBuy,"Kitchen,Dining & Bar","Kitchen,Dining & Bar",aliexpress-100+
aliexpress-100+-1005008369663527,"Original Imported French CROUZET Phase Sequence Relay Module EWS, Order Number 84892299",Category: Cosplay Costumes.,in stock,new,219.64 USD,153.75 USD,https://bytebuy.store/product/aliexpress-100%2B-1005008369663527/,https://ae-pic-a1.aliexpress-media.com/kf/Scd9de65b450e4970b174a1755b9f06d1s.jpg,ByteBuy,Cosplay Costumes,Cosplay Costumes,aliexpress-100+
aliexpress-100+-1005010628178460,For 720S Hardtop Dry Carbon Fiber Body Kit Upgraded OEM Style Engine Hood Car Parts Rear Engine Hood,Category: Exterior Parts.,in stock,new,2096.56 USD,2033.66 USD,https://bytebuy.store/product/aliexpress-100%2B-1005010628178460/,https://ae-pic-a1.aliexpress-media.com/kf/Sd66ad5173dcf4d4f93cff929f27d033fg.jpg,ByteBuy,Exterior Parts,Exterior Parts,aliexpress-100+
aliexpress-100+-1005012029429737,LR057700 LR057699 Air Shock Absorber Front Air Suspension Shock Absorber for Range Rover Sport L494 Vogue L405,Category: Wear Parts.,in stock,new,181.00 USD,171.95 USD,https://bytebuy.store/product/aliexpress-100%2B-1005012029429737/,https://ae-pic-a1.aliexpress-media.com/kf/S6fa9e0c5a3e5484c97de49439a6f1073Z.jpg,ByteBuy,Wear Parts,Wear Parts,aliexpress-100+
aliexpress-100+-1005012468684458,AYUNSUE 100% Real Leather Jacket Woman Clothing 2026 Autumn High-end Sheepskin Coat for Women Black Fashion Casaco Feminino,Category: Genuine Leather.,in stock,new,357.40 USD,214.44 USD,https://bytebuy.store/product/aliexpress-100%2B-1005012468684458/,https://ae-pic-a1.aliexpress-media.com/kf/Sf110bf8e7ce84077996f9d13a9ffb1c9X.jpg,ByteBuy,Genuine Leather,Genuine Leather,aliexpress-100+
aliexpress-100+-1005011584244781,Quality Basic Graphtec Cutting Plotter With Stepper Motor 720 Mm Flat Cutting Plotter Cutter Vinyl KH-720,Category: Tool Sets.,in stock,new,523.94 USD,314.36 USD,https://bytebuy.store/product/aliexpress-100%2B-1005011584244781/,https://ae-pic-a1.aliexpress-media.com/kf/S0822f5242a704448b2d0575fa1f6fd83R.jpg,ByteBuy,Tool Sets,Tool Sets,aliexpress-100+
aliexpress-100+-1005012754620205,Cafe Western Restaurant Table Chair Set Dining Establishments Dessert Shops New Chinese Style Restaurant Furniture,Category: Café Furniture.,in stock,new,134.05 USD,120.65 USD,https://bytebuy.store/product/aliexpress-100%2B-1005012754620205/,https://ae-pic-a1.aliexpress-media.com/kf/S8bf307bbceec4ee8a34fad318ff85ae24.jpg,ByteBuy,Café Furniture,Café Furniture,aliexpress-100+
aliexpress-100+-1005011785350811,Genshin Impact Wanderer Cosplay Clothing Peripheral Products Hairpiece Coat Trousers Periwig Shoulder Strap Anime Costumes,Category: Cosplay Costumes.,in stock,new,405.90 USD,312.54 USD,https://bytebuy.store/product/aliexpress-100%2B-1005011785350811/,https://ae-pic-a1.aliexpress-media.com/kf/S93d36acf4834467585aedff4fd2da66di.jpg,ByteBuy,Cosplay Costumes,Cosplay Costumes,aliexpress-100+
aliexpress-100+-1005012148266591,Kingshowstar brightest wheel lights pure white 20-row wheel lights kit truck off-road accessories 12V wheel lights 20-row,Category: Car Lights.,in stock,new,957.86 USD,919.55 USD,https://bytebuy.store/product/aliexpress-100%2B-1005012148266591/,https://ae-pic-a1.aliexpress-media.com/kf/Scddc53fc772b44d9929acecd52720761k.jpg,ByteBuy,Car Lights,Car Lights,aliexpress-100+
aliexpress-100+-1005010544558395,Front Shock Fork Suspension Bushing Seals Repair Kit For Ducati Scrambler 800 2015-2018 34914381A Fork Inner Outer Tubes Set,Category: Modification&Protection.,in stock,new,499.00 USD,429.14 USD,https://bytebuy.store/product/aliexpress-100%2B-1005010544558395/,https://ae-pic-a1.aliexpress-media.com/kf/Sd19ee66e0e7b4afe8367d311bf4dbe90N.jpg,ByteBuy,Modification&Protection,Modification&Protection,aliexpress-100+
aliexpress-100+-1005009550217404,Pop Car Lights For VW Scirocco R LED Headlight 2008-2017 Headlights Assembly LED DRL Amber Turn Signal,Category: Car Lights.,in stock,new,821.81 USD,673.88 USD,https://bytebuy.store/product/aliexpress-100%2B-1005009550217404/,https://ae-pic-a1.aliexpress-media.com/kf/S8ede0e2583634ddaa75953b752539063h.jpg,ByteBuy,Car Lights,Car Lights,aliexpress-100+
aliexpress-100+-1005010448127739,1126HOT TM Performance Stainless Steel 304 3.0mm Turbo Manifold for AU DI A4 1.8L GO LF GTI FWD 1999-2004 Exhaust Pipes,Category: RV Parts & Accessories.,in stock,new,636.79 USD,611.32 USD,https://bytebuy.store/product/aliexpress-100%2B-1005010448127739/,https://ae-pic-a1.aliexpress-media.com/kf/S4d99a79fd4c5488191d2fb4989e3b496w.jpg,ByteBuy,RV Parts & Accessories,RV Parts & Accessories,aliexpress-100+
aliexpress-100+-1005013201223596,Professional Cream Manicure Table Nordic Glamour Trendy Luxury Nail Table Classic Modern Mesa De Manicura Saloon Furniture,"Category: Arts,Crafts & Sewing.",in stock,new,931.07 USD,465.53 USD,https://bytebuy.store/product/aliexpress-100%2B-1005013201223596/,https://ae-pic-a1.aliexpress-media.com/kf/Sfd8e726eae884b608df6d6a30250d6a6J.jpg,ByteBuy,"Arts,Crafts & Sewing","Arts,Crafts & Sewing",aliexpress-100+
aliexpress-100+-1005012663249456,Electric Portable Vacuum System Dry Only Professional Vacuum Cleaner Mobile Dust Extractors,Category: Tool Sets.,in stock,new,1692.05 USD,1556.69 USD,https://bytebuy.store/product/aliexpress-100%2B-1005012663249456/,https://ae-pic-a1.aliexpress-media.com/kf/Sb61b771a2cc3495ba57d2aa6f220fca4o.jpg,ByteBuy,Tool Sets,Tool Sets,aliexpress-100+
aliexpress-100+-1005011697557019,ABC Hydraulic Power Steering Pump A0003290403 A0003290000 0003290000 For MERCEDES Benz SL-CLASS S-Class R231 W222 X222,Category: Chassis Parts.,in stock,new,1025.18 USD,717.63 USD,https://bytebuy.store/product/aliexpress-100%2B-1005011697557019/,https://ae-pic-a1.aliexpress-media.com/kf/S95df769d30734be2a5cf562ca865dd44o.jpg,ByteBuy,Chassis Parts,Chassis Parts,aliexpress-100+
aliexpress-100+-1005012801710816,Best-selling Car Spare Parts Brake System Vacuum Pump for LR025601,Category: Wear Parts.,in stock,new,391.91 USD,360.56 USD,https://bytebuy.store/product/aliexpress-100%2B-1005012801710816/,https://ae-pic-a1.aliexpress-media.com/kf/Se4407acc33664f41bb5f5c3fd0d584d0T.jpg,ByteBuy,Wear Parts,Wear Parts,aliexpress-100+
doctorslon-354652,Зубная щетка Biorepair,"Biorepair CURVE Total Protection (Protezione Totale) - первая зубная щётка средней жесткости на рынке профессионального ухода за полостью рта на основе microRepair. Создана по новейшей технологии с нанесением на щетину специальных частиц microRepair, которые восстанавливают эмаль. Это цинк заме",in stock,new,620.00 RUB,450.00 RUB,https://bytebuy.store/product/doctorslon-354652/,https://doctorslon.ru/upload/iblock/082/082e96044e00dd043d3d69d6b63318e6.jpg,Biorepair,Мануальные зубные щетки,Мануальные зубные щетки,doctorslon
doctorslon-1903,Зубная щетка MontCarotte,"MontCarotte Мане - зубная щетка средней жесткости.&nbsp; Зубная щетка MontCarotte Мане – это почти произведение искусства. Зубные щетки в марке принято называть кистями – английское слово «brush» можно перевести и так. Вдохновением для создания щеток MontCarotte послужили картины импрессионистов,",in stock,new,1390.00 RUB,999.00 RUB,https://bytebuy.store/product/doctorslon-1903/,https://doctorslon.ru/upload/iblock/95f/95ff9997c7147adf74995640fdeb62e1.jpg,MontCarotte,Мануальные зубные щетки,Мануальные зубные щетки,doctorslon
doctorslon-1829762,Зубная паста + щетка Curaprox,Brand: Curaprox. Category: Мануальные зубные щетки.,in stock,new,2190.00 RUB,1310.00 RUB,https://bytebuy.store/product/doctorslon-1829762/,https://doctorslon.ru/upload/iblock/a5a/a5afc13364a0075dddd46157a4067ca7.jpg,Curaprox,Мануальные зубные щетки,Мануальные зубные щетки,doctorslon
doctorslon-1829799,Зубная паста + щетка Curaprox,Brand: Curaprox. Category: Мануальные зубные щетки.,in stock,new,2190.00 RUB,1310.00 RUB,https://bytebuy.store/product/doctorslon-1829799/,https://doctorslon.ru/upload/iblock/75b/75ba81ee27840034d7ce59125a5257f7.jpg,Curaprox,Мануальные зубные щетки,Мануальные зубные щетки,doctorslon
doctorslon-354692,Зубная щетка Biorepair,"Biorepair CURVE Sensitive (Denti Sensibili) - первая зубная щётка на рынке профессионального ухода за полостью рта на основе microRepair для ухода за чувствительной эмалью. Создана по новейшей технологии с нанесением на щетину специальных частиц microRepair, которые восстанавливают эмаль. Это цин",in stock,new,590.00 RUB,520.00 RUB,https://bytebuy.store/product/doctorslon-354692/,https://doctorslon.ru/upload/iblock/12c/12c48c21e33e825072128876d6ee9358.jpg,Biorepair,Мануальные зубные щетки,Мануальные зубные щетки,doctorslon
doctorslon-969092,Межзубный ершик Interprox,"Interprox Plus Mix - набор включает в себя 6 разноцветных межзубных ершиков разного диаметра. Ершики позволяют избавиться от налета и остатков пищи в самых труднодоступных местах. Рекомендованы при наличии имплантов, брекетов, несъемных мостов. Ручка и головка ершиков расположены под углом для",in stock,new,1200.00 RUB,680.00 RUB,https://bytebuy.store/product/doctorslon-969092/,https://doctorslon.ru/upload/iblock/8a1/8a168b4b30501c97d718c4354df6d335.jpg,Interprox,"Межзубные ёршики, нити и флоссы","Межзубные ёршики, нити и флоссы",doctorslon
doctorslon-1199627,Зубная нить President,"President&nbsp;Ultra-Flat&nbsp; - ультраплоский флосс разработан специально для плотного зубного ряда, имплантов, коронок, виниров.&nbsp; Гладкая невощеная поверхность обеспечивает легкое скольжение, проникает в самые узкие межзубные промежутки, эффективно удаляет остатки пищи и налет между з",in stock,new,560.00 RUB,360.00 RUB,https://bytebuy.store/product/doctorslon-1199627/,https://doctorslon.ru/upload/iblock/daf/dafe99923b182f0d075d23b26fcc189f.jpg,President,"Межзубные ёршики, нити и флоссы","Межзубные ёршики, нити и флоссы",doctorslon
doctorslon-1759376,Зубная паста Betadent,"Betadent Soft&nbsp;– зубная паста с неабразивной и бережной формулой, включающая бисаболол (из Ромашки) и калиевые соли, специально разработана для чувствительных зубов и десен. Бережно и тщательно очищает зубы, поддерживая гигиену полости рта.",in stock,new,470.00 RUB,420.00 RUB,https://bytebuy.store/product/doctorslon-1759376/,https://doctorslon.ru/upload/iblock/033/0333d0274cde6ea139c35baa2992b21d.jpg,Betadent,Зубные пасты и гели,Зубные пасты и гели,doctorslon
doctorslon-1133287,Межзубный ершик Curaprox,"CURAPROX CPS 06 Prime Refill&nbsp; - сменные межзубные ёршики&nbsp;0,6 мм, не повреждают участок десны между зубами и очень просты в использовании.",in stock,new,2590.00 RUB,2120.00 RUB,https://bytebuy.store/product/doctorslon-1133287/,https://doctorslon.ru/upload/iblock/641/6416dfef6d39ca71cac5f02879455634.jpg,Curaprox,"Межзубные ёршики, нити и флоссы","Межзубные ёршики, нити и флоссы",doctorslon
doctorslon-1781610,Межзубный ершик Plackers,"Plackers Dental Brush M - межзубные ёршики 0,6 мм идеально удаляют зубной налет и остатки пищи между зубами и брекетами. Пластичный стержень позволяет производить качественную чистку как передних, так и задних зубов.",in stock,new,847.00 RUB,720.00 RUB,https://bytebuy.store/product/doctorslon-1781610/,https://doctorslon.ru/upload/iblock/849/8491026b11acae83e0afaa0d3e12e516.jpg,Plackers,"Межзубные ёршики, нити и флоссы","Межзубные ёршики, нити и флоссы",doctorslon
doctorslon-1645661,Ополаскиватель White Secret,"Ополаскиватель для&nbsp;полости рта White Secret Liquid White разработан стоматологами для&nbsp;тех, кто хочет сохранить белизну и&nbsp;здоровье зубов! Серия ополаскивателей White Secret Liquid на&nbsp;97% состоит из натуральных ингредиентов.",in stock,new,650.00 RUB,550.00 RUB,https://bytebuy.store/product/doctorslon-1645661/,https://doctorslon.ru/upload/iblock/1ec/1ecf447f64a202996b6d1cc9ffe49131.jpg,White Secret,Ополаскиватели,Ополаскиватели,doctorslon
doctorslon-733337,Отбеливающие полоски Bright Light,"Bright Light MAXIMUM Effects —&nbsp; отбеливающие полоски, это профессиональное и безопасное отбеливание зубов в любом удобном для Вас месте в удобное для Вас время. На сегодняшний день они являются одним из самых популярных средств самостоятельного отбеливания зубов в США и Европе! Состав геля",in stock,new,2500.00 RUB,2200.00 RUB,https://bytebuy.store/product/doctorslon-733337/,https://doctorslon.ru/upload/iblock/16f/16fd6a424285eef0cdbc97c25f1e58d7.jpg,Bright Light,Отбеливание зубов,Отбеливание зубов,doctorslon
doctorslon-1461378,Отбеливающая система Bright Light,"BRIGHT LIGHT&nbsp;PRO PLUS - новая&nbsp;отбеливающая система, это эффективное и безопасное отбеливание на 12 тонов за 20 дней. Самый&nbsp;высокий уровень отбеливания&nbsp;в линейке BRIGHT LIGHT. Технология полосок&nbsp;No-Slip&nbsp;для лучшей фиксации, повторяют форму зубов, и остаются на зубах до о",in stock,new,3380.00 RUB,3150.00 RUB,https://bytebuy.store/product/doctorslon-1461378/,https://doctorslon.ru/upload/iblock/8d8/8d80e7f5b2eb0b10ea3ff7326c2d8a6f.jpg,Bright Light,Отбеливание зубов,Отбеливание зубов,doctorslon
doctorslon-1461242,Зубная нить Bright Light,"Bright light superfloss - зубная нить предназначена для ухода за мостовидными протезами, коронками и брекет-системами.&nbsp;",in stock,new,650.00 RUB,520.00 RUB,https://bytebuy.store/product/doctorslon-1461242/,https://doctorslon.ru/upload/iblock/be2/be245d45b748ce2341bb1b7ba4affcf0.jpg,Bright Light,"Межзубные ёршики, нити и флоссы","Межзубные ёршики, нити и флоссы",doctorslon
doctorslon-1486547,Межзубный ершик Plackers,"Plackers Dental Brush&nbsp;XS - межзубные ёршики&nbsp;0,4 мм идеально удаляют зубной налет и остатки пищи между зубами и брекетами. Пластичный стержень позволяет производить качественную чистку как передних, так и задних зубов.",in stock,new,847.00 RUB,720.00 RUB,https://bytebuy.store/product/doctorslon-1486547/,https://doctorslon.ru/upload/iblock/bf9/bf95c60addb30bd71d5fd1c66890adb5.jpg,Plackers,"Межзубные ёршики, нити и флоссы","Межзубные ёршики, нити и флоссы",doctorslon
doctorslon-1759424,Зубная паста Betadent,"BETADENT WHITE -&nbsp;отбеливающая зубная паста, ваш рецепт белоснежной улыбки: комбинация микрочастицы из морских раковин и монофторфосфата натрия. Она дает мягкое очищение от налета, пигментации, придает жемчужное сияние и блеск, а также реминерализует эмаль зубов.",in stock,new,470.00 RUB,420.00 RUB,https://bytebuy.store/product/doctorslon-1759424/,https://doctorslon.ru/upload/iblock/274/274b199312d165f7ce3b6fc22b03c9d3.jpg,Betadent,Зубные пасты и гели,Зубные пасты и гели,doctorslon
doctorslon-251199,Зубная щетка Curaprox,"CURAPROX 5460 Ultra Soft - ультрамягкая зубная щетка. Это самая мягкая из всех щеток Curaprox с огромным количеством щетинок. Достаточно легких круговых движений по линии десны, чтобы удалить налет без повреждений. 5460 активных щетинок CUREN выполнены из сверхтонкого полиэфирного волокна толщиной 0",in stock,new,2140.00 RUB,1230.00 RUB,https://bytebuy.store/product/doctorslon-251199/,https://doctorslon.ru/upload/iblock/2d8/2d8cf0c9d780b6447e080712c91c93b0.jpg,Curaprox,Мануальные зубные щетки,Мануальные зубные щетки,doctorslon
doctorslon-455968,Зубная паста Elmex,"Зубная паста Elmex Sensitive разработана для ежедневного ухода за чувствительными зубами. Формула с технологией Neo-Aminex™ помогает снижать чувствительность, укрепляет эмаль, защищает открытые участки дентина и способствует профилактике кариеса.",in stock,new,630.00 RUB,520.00 RUB,https://bytebuy.store/product/doctorslon-455968/,https://doctorslon.ru/upload/iblock/e86/e8642f12734a9982ef37eed1d42a918a.jpg,Elmex,Зубные пасты и гели,Зубные пасты и гели,doctorslon
doctorslon-1830811,Зубная щетка Emra,Brand: Emra. Category: Мануальные зубные щетки.,in stock,new,890.00 RUB,750.00 RUB,https://bytebuy.store/product/doctorslon-1830811/,https://doctorslon.ru/upload/iblock/d4e/d4ed32eb50952642c3773a4b4f2bb2d3.png,Emra,Мануальные зубные щетки,Мануальные зубные щетки,doctorslon
doctorslon-1764615,Зубная нить Splat,"SPLAT Smilex Ortho - объемная ортодонтическая зубная нить, распушается во время использования и легко собирает на себя весь налет.",in stock,new,1190.00 RUB,370.00 RUB,https://bytebuy.store/product/doctorslon-1764615/,https://doctorslon.ru/upload/iblock/0cc/0ccf3275cb3c2b51d47c1b8533cee0ff.jpg,Splat,"Межзубные ёршики, нити и флоссы","Межзубные ёршики, нити и флоссы",doctorslon
doctorslon-1771644,Ополаскиватель Emra,"Emra Extra Whitening - ополаскиватель&nbsp;с тройным эффектом: продлевает безупречную белизну зубов надолго, обеспечивает защиту от налета и от кариеса, восстанавливает здоровье десен.",in stock,new,700.00 RUB,590.00 RUB,https://bytebuy.store/product/doctorslon-1771644/,https://doctorslon.ru/upload/iblock/8f1/8f166b9ac0ef4b2c79b0b42dd20348d5.jpg,Emra,Ополаскиватели,Ополаскиватели,doctorslon
doctorslon-521354,Готовый набор для гигиены Dental Box,"Дорожный набор «Комплексная защита» — незаменимая вещь в дороге, на работе и в путешествии. Все самые необходимые средства по уходу за полостью рта собраны в удобной компактной косметичке.",in stock,new,1490.00 RUB,1290.00 RUB,https://bytebuy.store/product/doctorslon-521354/,https://doctorslon.ru/upload/iblock/27e/27ef4fba8bcf373dd41bf58cffaefd60.jpg,Dental Box,7277,7277,doctorslon
doctorslon-1784563,Зубная щетка Curaprox,CURAPROX 5460 Duo Summer 2025 - набор мягких зубных щеток.,in stock,new,2690.00 RUB,2260.00 RUB,https://bytebuy.store/product/doctorslon-1784563/,https://doctorslon.ru/upload/iblock/176/176069ddddb3221eb5c0072b6b41035c.jpg,Curaprox,Мануальные зубные щетки,Мануальные зубные щетки,doctorslon
doctorslon-272583,Гель для десен Rapid,"Montcarotte RAPID 30 - зубной гель-бандаж антибактериальное средство моментального действия с высокой концентрацией хлоргексидина 0,30%, с витаминным комплексом группы «B», фруктовой кислотой из семян грейпфрута, цитратом цинка и молекулярным защитным комплексом.&nbsp; Преимущества: Содержит",in stock,new,2500.00 RUB,2450.00 RUB,https://bytebuy.store/product/doctorslon-272583/,https://doctorslon.ru/upload/iblock/097/DSCF5234_1.jpg,Rapid,Зубные пасты и гели,Зубные пасты и гели,doctorslon
doctorslon-841683,Межзубный ершик TePe,TePe EasyPick&nbsp; - набор межзубных ершиков предназначен для очищения межзубных промежутков от налета и остатков пищи в самых труднодоступных местах. Разработаны совместно со шведскими стоматологами-профессионалами. Размер M/L подходит для нормальных и широких межзубных промежутков. Гибкий и,in stock,new,990.00 RUB,820.00 RUB,https://bytebuy.store/product/doctorslon-841683/,https://doctorslon.ru/upload/iblock/6b8/6b828dbb1c9ba362ce502cfc8e1e2de9.jpg,TePe,"Межзубные ёршики, нити и флоссы","Межзубные ёршики, нити и флоссы",doctorslon
doctorslon-1785100,Уход за языком Emra,Emra - скребок для чистки языка.&nbsp;,in stock,new,620.00 RUB,520.00 RUB,https://bytebuy.store/product/doctorslon-1785100/,https://doctorslon.ru/upload/iblock/bec/bec87d4e89525b7d7f419aacd26d0948.jpg,Emra,Уход за языком,Уход за языком,doctorslon
doctorslon-1361440,Ополаскиватель Dentaid,"DENTAID Xeros -&nbsp;ополаскиватель&nbsp;для устранения сухости и уменьшение повышенной чувствительности, а также предотвращение деминерализации эмали, устранение неприятного запаха и обеспечение максимального комфорта полости рта.&nbsp;",in stock,new,1120.00 RUB,1050.00 RUB,https://bytebuy.store/product/doctorslon-1361440/,https://doctorslon.ru/upload/iblock/f0a/f0ae71168540d0c08a5380d3a3bc1be6.jpg,Dentaid,Ополаскиватели,Ополаскиватели,doctorslon
doctorslon-1285612,Межзубный ершик Interprox,Interprox Plus Nano 0.7 мм - набор ёршиков включает в себя 6 межзубных ершиков одного диаметра. Ершики позволяют избавиться от налета и остатков пищи в самых труднодоступных местах.&nbsp;,in stock,new,810.00 RUB,640.00 RUB,https://bytebuy.store/product/doctorslon-1285612/,https://doctorslon.ru/upload/iblock/100/100dcb8187b72775893d2928d736da86.jpg,Interprox,"Межзубные ёршики, нити и флоссы","Межзубные ёршики, нити и флоссы",doctorslon
doctorslon-251910,Зубная щетка Curaprox,"CURAPROX 1560 Soft - мягкая зубная щетка, которая идеально походит для того, чтобы привыкнуть к более мягкой щетине. 1560 активных щетинок CUREN не повреждают эмаль зубов, не травмируют десны. Компактная головка щетки позволяет очистить всю поверхность зубов и легко проникнуть в труднодоступные мест",in stock,new,1520.00 RUB,1230.00 RUB,https://bytebuy.store/product/doctorslon-251910/,https://doctorslon.ru/upload/iblock/e2e/e2ea3d1710d511c4fdd464a2333e2c04.jpg,Curaprox,Мануальные зубные щетки,Мануальные зубные щетки,doctorslon
doctorslon-254139,Зубная щетка Curaprox,"CURAPROX 708 - гибкая щетка с 7 тонкими мягкими пучками щетины CUREN®, предназначенная для чистки труднодоступных поверхностей зубов, брекетов, имплантатов и зубодесневой бороздки. Запатентованная щетина CUREN® изготовлена из полиэстра и поглощает в 6 раз меньше воды, чем нейлоновая щетина. Поэтом",in stock,new,4070.00 RUB,1290.00 RUB,https://bytebuy.store/product/doctorslon-254139/,https://doctorslon.ru/upload/iblock/d22/d220ce0fbb7561eb0a767d8128cd418d.jpg,Curaprox,Мануальные зубные щетки,Мануальные зубные щетки,doctorslon
doctorslon-1785101,Уход за языком Emra,Emra - скребок для чистки языка.&nbsp;,in stock,new,620.00 RUB,520.00 RUB,https://bytebuy.store/product/doctorslon-1785101/,https://doctorslon.ru/upload/iblock/bec/bec87d4e89525b7d7f419aacd26d0948.jpg,Emra,Уход за языком,Уход за языком,doctorslon
doctorslon-1759428,Зубная паста Betadent,"Betadent Junior - зубная паста для укрепления эмали,&nbsp;защиты от кариеса и ежедневного применения для детей от 6 лет.",in stock,new,370.00 RUB,330.00 RUB,https://bytebuy.store/product/doctorslon-1759428/,https://doctorslon.ru/upload/iblock/966/966508e1731d981d8185a4ea5d3f57ba.jpg,Betadent,Зубные пасты и гели,Зубные пасты и гели,doctorslon
doctorslon-251911,Зубная щетка Curaprox,"CURAPROX 1560 Soft - мягкая зубная щетка, которая идеально походит для того, чтобы привыкнуть к более мягкой щетине. 1560 активных щетинок CUREN не повреждают эмаль зубов, не травмируют десны. Компактная головка щетки позволяет очистить всю поверхность зубов и легко проникнуть в труднодоступные мест",in stock,new,1520.00 RUB,1230.00 RUB,https://bytebuy.store/product/doctorslon-251911/,https://doctorslon.ru/upload/iblock/e2e/e2ea3d1710d511c4fdd464a2333e2c04.jpg,Curaprox,Мануальные зубные щетки,Мануальные зубные щетки,doctorslon
doctorslon-831759,Средство для выявления налета Paro,Paro plak - таблетки для индикации зубного налёта&nbsp;без содержания эритрозина. Окрашивание происходит с помощью пищевого красителя. В упаковке 10 таблеток. Инструкция по применению: Разжевать 1 таблетку и распределить частицы таблетки языком по поверхности зубов. Старый налет окрасится в тем,in stock,new,500.00 RUB,490.00 RUB,https://bytebuy.store/product/doctorslon-831759/,https://doctorslon.ru/upload/iblock/9f6/9f6f08837f4ec782638e3745a067c44e.jpg,Paro,Дополнительный уход,Дополнительный уход,doctorslon
doctorslon-1773274,Зубная паста Vitis,"Vitis Whitening - зубная паста обладает комплексным действием и подходит даже для людей с чувствительной эмалью. Данная паста эффективно и бережно осветляет зубы, защищая при этом от кариеса и укрепляя эмаль. Средство отлично справляется с тем, чтобы устранить пятна от кофе и чая с зубной эмали и по",in stock,new,1520.00 RUB,1050.00 RUB,https://bytebuy.store/product/doctorslon-1773274/,https://doctorslon.ru/upload/iblock/044/0449bfa405fa6951cd5d759693cc2c0a.jpg,Vitis,Зубные пасты и гели,Зубные пасты и гели,doctorslon
doctorslon-1676,Косметика для зубов MontCarotte,Brand: MontCarotte. Category: Зубные пасты и гели.,in stock,new,2500.00 RUB,2450.00 RUB,https://bytebuy.store/product/doctorslon-1676/,https://doctorslon.ru/upload/iblock/467/1kh1.jpg,MontCarotte,Зубные пасты и гели,Зубные пасты и гели,doctorslon
doctorslon-1675,Косметика для зубов MontCarotte,"Montcarotte - успокаивающая маска для снятия чувствительности Британская компания MontCarotte создала для Вас абсолютно новый мир альтернативного выбора, совместив предельную эффективность, креативный подход и вдохновляющую эстетику. С инновационными формулами и актуальными текстурами мировых но",in stock,new,2500.00 RUB,2450.00 RUB,https://bytebuy.store/product/doctorslon-1675/,https://doctorslon.ru/upload/iblock/566/5663c778d0fa6c21bfb486839f4967d4.jpg,MontCarotte,Зубные пасты и гели,Зубные пасты и гели,doctorslon
doctorslon-251913,Зубная щетка Curaprox,"CURAPROX Curakid Baby&nbsp;- зубная щётка для самых маленьких! Для чистки зубов у детей от 6 месяцев до 4-ёх лет. Как только появляются первые зубы, наступает время первой зубной щётки. Молочным зубам необходимо уделять особое внимание, так как они легко поражаются кариесом. При выборе первой зубной",in stock,new,1910.00 RUB,1240.00 RUB,https://bytebuy.store/product/doctorslon-251913/,https://doctorslon.ru/upload/iblock/702/7020da15cf3862595dfb60a9aafdc1ac.png,Curaprox,Мануальные зубные щетки,Мануальные зубные щетки,doctorslon
doctorslon-251901,Зубная щетка Curaprox,"CURAPROX 3960 ""Super Soft"" - супермягкая зубная щетка. Идеально подходит для тех, кто привык прилагать некоторую силу при чистке зубов, но не хочет повредить линию десны. 3960 активных щетинок CUREN не повреждают эмаль зубов, не травмируют десны. Компактная головка щетки позволяет очистить всю повер",in stock,new,2300.00 RUB,1240.00 RUB,https://bytebuy.store/product/doctorslon-251901/,https://doctorslon.ru/upload/iblock/1a1/1a122cf7f40117ed028df3a8a4db3bd5.jpg,Curaprox,Мануальные зубные щетки,Мануальные зубные щетки,doctorslon
doctorslon-490062,Детская зубная щетка MontCarotte,"Montcarotte ASSORTI Kids - детский подарочный набор&nbsp; В состав набора входит коллекция детских зубных гелей MontCarotte Kids Tooth Gel всех вкусов: Зелёное яблоко 5 мл, Ягодка вишня 5 мл, Сладкий банан 5 мл, Нейтральный вкус 5 мл, Розовая груша 5 мл, Детская зубная щетка Montcarrot",in stock,new,1290.00 RUB,1100.00 RUB,https://bytebuy.store/product/doctorslon-490062/,https://doctorslon.ru/upload/iblock/7c3/7c3b5a7e10077911ed86bfa7605cba93.jpg,MontCarotte,Зубные пасты и гели,Зубные пасты и гели,doctorslon
doctorslon-1782938,Леденцы PESITRO,"Xylitol Lollipop Coca-Cola - леденцы на палочке без сахара, способствуют укреплению эмали и предотвращают появление кариеса. Леденцы содержат в своем составе ксилит, вещество, которое подавляет рост и развитие кариесогенных бактерий.&nbsp;",in stock,new,5000.00 RUB,3100.00 RUB,https://bytebuy.store/product/doctorslon-1782938/,https://doctorslon.ru/upload/iblock/92b/92b7c1f9823329416d9c21105fe5ef7a.jpg,PESITRO,Леденцы с ксилитом,Леденцы с ксилитом,doctorslon
doctorslon-251914,Зубная щетка Curaprox,"CURAPROX Curakid Baby&nbsp;- зубная щётка для самых маленьких! Для чистки зубов у детей от 6 месяцев до 4-ёх лет. Как только появляются первые зубы, наступает время первой зубной щётки. Молочным зубам необходимо уделять особое внимание, так как они легко поражаются кариесом. При выборе первой зубной",in stock,new,1910.00 RUB,1240.00 RUB,https://bytebuy.store/product/doctorslon-251914/,https://doctorslon.ru/upload/iblock/702/7020da15cf3862595dfb60a9aafdc1ac.png,Curaprox,Мануальные зубные щетки,Мануальные зубные щетки,doctorslon
doctorslon-1619,Зубная нить Splat,"Splat Dental Floss - объёмная вощеная нить, произведена из гипоаллергенного микрокристаллического воска. Использование этой нити помогает предотвратить кариес и заболевания десен, снижает кровоточивость. Объемная вощеная зубная нить Riser Floss разработана на основе запатентованной технологии и прои",in stock,new,910.00 RUB,270.00 RUB,https://bytebuy.store/product/doctorslon-1619/,https://doctorslon.ru/upload/iblock/53a/53a15fdee62a4a5441278998713e8708.jpg,Splat,"Межзубные ёршики, нити и флоссы","Межзубные ёршики, нити и флоссы",doctorslon
doctorslon-521331,Дорожный набор (щетка + набор) Dental Box,"Ортодонтический дорожный набора разботан для носителей брекетов и других ортодонтических конструкций. В удобной косметичке собраны средства, которые обеспечат полноценный уход за полостью рта в путешествиях.",in stock,new,2750.00 RUB,1990.00 RUB,https://bytebuy.store/product/doctorslon-521331/,https://doctorslon.ru/upload/iblock/ec0/ec09663b2a713472708a7e298545cadd.jpg,Dental Box,7277,7277,doctorslon
doctorslon-882708,Зубная щетка TePe,"TePe Compact Tuft - монопучковая щетка&nbsp;предназначена для индивидуальной чистки каждого зуба, десневых бороздок и брекет-систем. Короткий пучок из 700 щетинок длиной 6мм позволяет качественно очистить места наибольшего скопления налета. Ультрамягкие гибкие щетинки легко и бережно удаляют налет",in stock,new,760.00 RUB,590.00 RUB,https://bytebuy.store/product/doctorslon-882708/,https://doctorslon.ru/upload/iblock/410/410205aae93bc0e1dbd2b15303b52e5b.jpg,TePe,Мануальные зубные щетки,Мануальные зубные щетки,doctorslon
doctorslon-251918,Зубная щетка Curaprox,"Curaprox CS Smart 7600 - зубная щетка предназначена для детей от 5-и лет. Щётка смоделирована по образу самой успешной версии зубной щётки Curaprox для взрослых. Маленький размер щётки и головки имеет ещё больше щетинок Curen - 7600, а щетинки ещё тоньше - 0,08 мм в диаметре! Основа щётки выполнена",in stock,new,1820.00 RUB,1240.00 RUB,https://bytebuy.store/product/doctorslon-251918/,https://doctorslon.ru/upload/iblock/de4/de420105fc3c61aa006a59f0bdb5a6db.jpg,Curaprox,Мануальные зубные щетки,Мануальные зубные щетки,doctorslon
doctorslon-839198,Межзубный ершик TePe,TePe Angle Mix - набор межзубных ершиков&nbsp;предназначен для очищения межзубных промежутков и различных стоматологических конструкций. Ершики позволяют избавиться от налета и остатков пищи в самых труднодоступных местах. Разработаны совместно со шведскими стоматологами-профессионалами. В набо,in stock,new,890.00 RUB,840.00 RUB,https://bytebuy.store/product/doctorslon-839198/,https://doctorslon.ru/upload/iblock/af8/af86dca04976f5958807ea456163036c.jpg,TePe,"Межзубные ёршики, нити и флоссы","Межзубные ёршики, нити и флоссы",doctorslon
doctorslon-1771643,Другие средства гигиены Emra,"Emra - таблетки для чистки кап, протезов и элайнеров.&nbsp;Шипучие таблетки Denture Cleanser для очищения и придания свежести ортодонтическим и ортопедическим конструкциям, которые делают капы, протезы, элайнеры или ретейнеры безопасными для ваших зубов. 30 штук в комплекте, которых хватит на месяц",in stock,new,760.00 RUB,690.00 RUB,https://bytebuy.store/product/doctorslon-1771643/,https://doctorslon.ru/upload/iblock/6a0/6a0ca466892579f5a8419aa3e99e28fc.png,Emra,"Всё для брекетов, имплантов и протезов","Всё для брекетов, имплантов и протезов",doctorslon
doctorslon-1133286,Межзубный ершик Curaprox,"CURAPROX CPS 07 Prime Refill&nbsp; - сменные межзубные ёршики&nbsp;0,7 мм в упаковке 8 ёршиков. Подходят ко всем держателям CURAPROX «UHS».",in stock,new,2590.00 RUB,2120.00 RUB,https://bytebuy.store/product/doctorslon-1133286/,https://doctorslon.ru/upload/iblock/b28/b2845cb69be20d21de704cc9188583b9.jpg,Curaprox,"Межзубные ёршики, нити и флоссы","Межзубные ёршики, нити и флоссы",doctorslon
doctorslon-251907,Зубная щетка Curaprox,"CURAPROX 1560 Soft - мягкая зубная щетка, которая идеально походит для того, чтобы привыкнуть к более мягкой щетине. 1560 активных щетинок CUREN не повреждают эмаль зубов, не травмируют десны. Компактная головка щетки позволяет очистить всю поверхность зубов и легко проникнуть в труднодоступные мест",in stock,new,1520.00 RUB,1230.00 RUB,https://bytebuy.store/product/doctorslon-251907/,https://doctorslon.ru/upload/iblock/e2e/e2ea3d1710d511c4fdd464a2333e2c04.jpg,Curaprox,Мануальные зубные щетки,Мануальные зубные щетки,doctorslon
doctorslon-24061,Детская зубная щетка miradent,Miradent INFANT-O-BRUSH - зубная щетка-прорезыватель&nbsp;для детей от 3-х месяцев помогает ребенку в игровой форме научиться чистить зубы. Разработана стоматологами специально для облегчения прорезывания зубов и мягкого очищения полости рта малыша. Очень мягкие щетинки бережно очищают прорезывающ,in stock,new,482.00 RUB,450.00 RUB,https://bytebuy.store/product/doctorslon-24061/,https://doctorslon.ru/upload/iblock/503/503446394647e22cedc4d003e5c767a6.jpg,miradent,Мануальные зубные щетки,Мануальные зубные щетки,doctorslon
doctorslon-251912,Зубная щетка Curaprox,"CURAPROX Curakid Baby&nbsp;- зубная щётка для самых маленьких! Для чистки зубов у детей от 6 месяцев до 4-ёх лет. Как только появляются первые зубы, наступает время первой зубной щётки. Молочным зубам необходимо уделять особое внимание, так как они легко поражаются кариесом. При выборе первой зубной",in stock,new,1910.00 RUB,1240.00 RUB,https://bytebuy.store/product/doctorslon-251912/,https://doctorslon.ru/upload/iblock/702/7020da15cf3862595dfb60a9aafdc1ac.png,Curaprox,Мануальные зубные щетки,Мануальные зубные щетки,doctorslon
doctorslon-145728,Зубная щетка Sherbet,"Sherbet (10 шт.) - одноразовые зубные щетки с напылением зубной пасты. Для использования этой щетки не требуется вода. Щетка незаменима в путешествиях и в любых других ситуациях, когда нет доступа к воде и необходимо быстро освежить полость рта. Напыление зубной пасты на щетинках обладает",in stock,new,450.00 RUB,289.00 RUB,https://bytebuy.store/product/doctorslon-145728/,https://doctorslon.ru/upload/iblock/a01/a01bfd10a7af9aaca45c6422b32f6f86.jpg,Sherbet,Мануальные зубные щетки,Мануальные зубные щетки,doctorslon
doctorslon-1549178,Межзубный ершик TePe,"TePe Original Size 1 - межзубные ёршики 0,45 мм оранжевые шведской фирмы TePe помогут позабыть о проблемах с ротовой полостью. Их предназначение заключается в полном очищении межзубных промежутков от налета и остатков пищи. Специальная конструкция каждого ершика предполагает использование фирменного",in stock,new,955.00 RUB,840.00 RUB,https://bytebuy.store/product/doctorslon-1549178/,https://doctorslon.ru/upload/iblock/f3e/f3e80216143c23ab1017533457e183da.jpg,TePe,"Межзубные ёршики, нити и флоссы","Межзубные ёршики, нити и флоссы",doctorslon
doctorslon-30851,Набор зубных щеток Curaprox,"CURAPROX&nbsp;8760&nbsp;Ultra Soft&nbsp;White is Black - набор ультрамягких зубных щеток. Это самая мягкая из всех щеток Curaprox с огромным количеством щетинок. Достаточно легких круговых движений по линии десны, чтобы удалить налет без повреждений.&nbsp;8760&nbsp;активных щетинок CUREN выполнены и",in stock,new,3740.00 RUB,2540.00 RUB,https://bytebuy.store/product/doctorslon-30851/,https://doctorslon.ru/upload/iblock/304/304d35b139b0d2f2caac68f08d427ca9.jpg,Curaprox,Мануальные зубные щетки,Мануальные зубные щетки,doctorslon
doctorslon-289269,Зубная щетка miradent,"miradent Protho Brush De Luxe - зубная щетка предназначена для эффективного очищения съемных зубных протезов от остатков пищи и налета. Мягкая щетина эффективно очищает протезы, не повреждая их поверхность. Большая рабочая часть щетки очищает внешнюю поверхность съемного протеза. Заостренная щ",in stock,new,690.00 RUB,490.00 RUB,https://bytebuy.store/product/doctorslon-289269/,https://doctorslon.ru/upload/iblock/1ea/1ea85b0efa4b2868299e036c9d8fc9aa.jpg,miradent,Мануальные зубные щетки,Мануальные зубные щетки,doctorslon
doctorslon-283368,Товары для животных Orozyme,"Orozyme® Kaustreifen S для собак меньше 10 кг -&nbsp; жевательные полоски механически препятствуют образованию зубного налета, предотвращают неприятный запах изо рта и образование зубного камня. Запатентованный комплекс LPO в сочетании с лизоцимом и лактоферрином, содержащиеся в жевательных пол",in stock,new,3550.00 RUB,2690.00 RUB,https://bytebuy.store/product/doctorslon-283368/,https://doctorslon.ru/upload/iblock/e7c/T7NAv_hYJeo.jpg,Orozyme,Для животных,Для животных,doctorslon
doctorslon-1785470,Зубная щетка Oral-B,"Oral-B Vitality Pro Kids D103 Chameleon - электрическая зубная щетка с ультрамягкой щетиной для детей сочетает в себе технологичность и яркий дизайн.&nbsp;Интерактивное приложение с героями Disney помогает выработать привычку чистить зубы 2 минуты, делая процесс увлекательным благодаря игровому тайм",in stock,new,3950.00 RUB,3333.00 RUB,https://bytebuy.store/product/doctorslon-1785470/,https://doctorslon.ru/upload/iblock/72f/72f10fdea37a9f929476953e4f4589b0.jpg,Oral-B,Детские электрические щётки,Детские электрические щётки,doctorslon
doctorslon-1285613,Межзубный ершик Interprox,Interprox Plus Supermicro 0.9 мм - набор ёршиков&nbsp;включает в себя 6 межзубных ершиков одного диаметра. Ершики позволяют избавиться от налета и остатков пищи в самых труднодоступных местах.&nbsp;,in stock,new,810.00 RUB,640.00 RUB,https://bytebuy.store/product/doctorslon-1285613/,https://doctorslon.ru/upload/iblock/e8c/e8cabc94899af88265105c779081850e.jpg,Interprox,"Межзубные ёршики, нити и флоссы","Межзубные ёршики, нити и флоссы",doctorslon
doctorslon-872195,Зубная щетка Curaprox,"CURAPROX 1009 Single - монопучковая зубная щетка, незаменимая для чистки брекет-систем. Её маленькие щетинки легко проникают в проблемные зоны вокруг брекетов. Длина пучка 9 мм идеальна для чистки брекетов и имплантов. Щетинки щётки изготовлены из полиэстра последнего поколения. Плотно расположенные",in stock,new,2320.00 RUB,1230.00 RUB,https://bytebuy.store/product/doctorslon-872195/,https://doctorslon.ru/upload/iblock/4c2/4c253fefa141c201c8968dd655c191ac.jpg,Curaprox,Мануальные зубные щетки,Мануальные зубные щетки,doctorslon
doctorslon-1412520,Электрическая зубная щетка Oral-B,"Электрическая зубная щетка Oral-B iO 6 Grey Opal ухаживает за полостью рта намного эффективнее, чем мануальные аналоги. Инновационная iO технология дарит ощущение профессиональной чистки каждый день, а также позволяет щетке работать тише и мягче, чем другие линейки Oral-B. Подключитесь к мобильному",in stock,new,15440.00 RUB,14590.00 RUB,https://bytebuy.store/product/doctorslon-1412520/,https://doctorslon.ru/upload/iblock/ab5/ab5ec842305e50591e30c54b766763b0.jpg,Oral-B,Электрические зубные щётки,Электрические зубные щётки,doctorslon
doctorslon-1294707,Зубная паста White Secret,"White Secret Gold&nbsp;- гелеобразная зубная паста с частицами золота превратит стандартную чистку зубов в по-настоящему приятную косметическую процедуру.&nbsp; Великолепный вкус и аромат White Secret GOLD не оставит вас равнодушным. Паста подходит как для ежедневного использования, так и в качест",in stock,new,700.00 RUB,550.00 RUB,https://bytebuy.store/product/doctorslon-1294707/,https://doctorslon.ru/upload/iblock/5fe/5fef5e42d814ae3ef25f95a91bf476c5.jpg,White Secret,Зубные пасты и гели,Зубные пасты и гели,doctorslon
doctorslon-251201,Зубная щетка Curaprox,"CURAPROX 5460 Ultra Soft - ультрамягкая зубная щетка. Это самая мягкая из всех щеток Curaprox с огромным количеством щетинок. Достаточно легких круговых движений по линии десны, чтобы удалить налет без повреждений. 5460 активных щетинок CUREN выполнены из сверхтонкого полиэфирного волокна толщиной 0",in stock,new,2140.00 RUB,1230.00 RUB,https://bytebuy.store/product/doctorslon-251201/,https://doctorslon.ru/upload/iblock/2d8/2d8cf0c9d780b6447e080712c91c93b0.jpg,Curaprox,Мануальные зубные щетки,Мануальные зубные щетки,doctorslon
doctorslon-1528,Зубная паста Curaprox,"CURAPROX Enzycal 950 - лечебно-профилактическая фторсодержащая зубная паста, в основе действия которой лежат уникальные технологии защиты от кариеса. Enzycal - настоящий швейцарский продукт. Зубная паста работает так же, как иммунитет человека. Все её компоненты входят в состав биологических жидкост",in stock,new,2290.00 RUB,1740.00 RUB,https://bytebuy.store/product/doctorslon-1528/,https://doctorslon.ru/upload/iblock/202/202b2b98be32df74a43ab2d7ac14052c.jpg,Curaprox,Зубные пасты и гели,Зубные пасты и гели,doctorslon
doctorslon-46860,Комплект насадок Curaprox,BIW 259 - набор сменных насадок с мягкой щетиной для звуковой зубной щетки Curaprox Hydrosonic Black Is White. В комплекте 2 насадки. Средний срок службы одной насадки - 3 месяца.,in stock,new,4290.00 RUB,4250.00 RUB,https://bytebuy.store/product/doctorslon-46860/,https://doctorslon.ru/upload/iblock/18d/18d0bc5e45d72fb2fd304e0fd495dc5f.jpg,Curaprox,Насадки для зубных щёток,Насадки для зубных щёток,doctorslon
doctorslon-2580,Гель для десен Pierre Fabre,"Пьер Фабр Пародиум - зубной успокаивающий гель-антисептик для чувствительных десен, который оказывает противовоспалительное, дубящее, прижигающие и дезодорирующие действие. Содержит экстракт ревеня и хлоргексидин. Экстракт ревеня очень хорошо снимает воспаление десен и, к тому же, оказывает вяжу",in stock,new,800.00 RUB,690.00 RUB,https://bytebuy.store/product/doctorslon-2580/,https://doctorslon.ru/upload/iblock/f01/Bez-imeni_1.png,Pierre Fabre,Зубные пасты и гели,Зубные пасты и гели,doctorslon
doctorslon-251906,Зубная щетка Curaprox,"CURAPROX 1560 Soft - мягкая зубная щетка, которая идеально походит для того, чтобы привыкнуть к более мягкой щетине. 1560 активных щетинок CUREN не повреждают эмаль зубов, не травмируют десны. Компактная головка щетки позволяет очистить всю поверхность зубов и легко проникнуть в труднодоступные мест",in stock,new,1520.00 RUB,1230.00 RUB,https://bytebuy.store/product/doctorslon-251906/,https://doctorslon.ru/upload/iblock/e2e/e2ea3d1710d511c4fdd464a2333e2c04.jpg,Curaprox,Мануальные зубные щетки,Мануальные зубные щетки,doctorslon
doctorslon-1617,Зубная нить Splat,"Splat Dental Floss клубника - объёмная вощеная нить, произведена из гипоаллергенного микрокристаллического воска. Использование этой нити помогает предотвратить кариес и заболевания десен, снижает кровоточивость. Объемная вощеная зубная нить Riser Floss разработана на основе запатентованной технолог",in stock,new,620.00 RUB,260.00 RUB,https://bytebuy.store/product/doctorslon-1617/,https://doctorslon.ru/upload/iblock/b16/b166f0f5fb46523db60d83f21b7099e0.jpg,Splat,"Межзубные ёршики, нити и флоссы","Межзубные ёршики, нити и флоссы",doctorslon
doctorslon-883800,Зубной гель Oral-Relax,"Oral-Relax (Орал-Релакс) - гель для профилактики и лечения заболеваний полости рта домашних животных. Препарат представляет собой высокую концентрацию лактоферрина - животного белка, который образует защитную пленку на слизистой оболочке полости рта, снимает воспаление и ускоряет восстановление",in stock,new,5990.00 RUB,4690.00 RUB,https://bytebuy.store/product/doctorslon-883800/,https://doctorslon.ru/upload/iblock/eac/eacf890bee8f521be3da857ce1c7c1f7.jpg,Oral-Relax,Для животных,Для животных,doctorslon
doctorslon-1446469,Зубная нить Plackers,"Plackers Kids - зубная нить с держателем специальная разработка Plackers для ухода за детскими зубами. Молочные зубы в больше степени подвержены кариесу, чем коренные, а значит требуют не меньшего ухода! С помощью Plackers Kids Вы эффективно удалите остатки пищи и зубной налет у Вашего ребенка. Кром",in stock,new,690.00 RUB,420.00 RUB,https://bytebuy.store/product/doctorslon-1446469/,https://doctorslon.ru/upload/iblock/cf0/cf051dee94c436f917808c006d0b60af.jpg,Plackers,"Межзубные ёршики, нити и флоссы","Межзубные ёршики, нити и флоссы",doctorslon
doctorslon-1783328,Зубная нить Paro,"Paro Teflon Tape -&nbsp;высококачественная зубная лента, для эффективной гигиены полости рта. Она имеет уникальное покрытие, которое обеспечивает плавное скольжение между зубами, обеспечивая максимальный комфорт при использовании.",in stock,new,790.00 RUB,590.00 RUB,https://bytebuy.store/product/doctorslon-1783328/,https://doctorslon.ru/upload/iblock/349/349ae8acfa05f3c3ed5beb1bb3147e63.jpg,Paro,"Межзубные ёршики, нити и флоссы","Межзубные ёршики, нити и флоссы",doctorslon
doctorslon-254133,Зубная щетка Curaprox,"CURAPROX 708 - гибкая щетка с 7 тонкими мягкими пучками щетины CUREN®, предназначенная для чистки труднодоступных поверхностей зубов, брекетов, имплантатов и зубодесневой бороздки. Запатентованная щетина CUREN® изготовлена из полиэстра и поглощает в 6 раз меньше воды, чем нейлоновая щетина. Поэтом",in stock,new,4070.00 RUB,1290.00 RUB,https://bytebuy.store/product/doctorslon-254133/,https://doctorslon.ru/upload/iblock/d22/d220ce0fbb7561eb0a767d8128cd418d.jpg,Curaprox,Мануальные зубные щетки,Мануальные зубные щетки,doctorslon
doctorslon-1672,Зубная щетка Curaprox,"CURAPROX 1006 Single &amp; Sulcular - монопучковая зубная щетка. Эта щетка с ультратонкими щетинками CUREN длиной 6 мм идеально подходит для индивидуальной чистки каждого зуба и десневых бороздок. Круглая форма кисточки и нежные щетинки обеспечивают превосходную адаптацию к анатомии линии десны, не",in stock,new,1810.00 RUB,1230.00 RUB,https://bytebuy.store/product/doctorslon-1672/,https://doctorslon.ru/upload/iblock/685/6859b6b5ffcb7ad2a1167d774df6559b.jpg,Curaprox,Мануальные зубные щетки,Мануальные зубные щетки,doctorslon
doctorslon-266126,Уход за языком Curaprox,"CURAPROX Duo pack -&nbsp;скребки для чистки языка. В набор входят 2 скребка: одиночный узкий и двойной, более широкий. Первый скребок — для очистки умеренного содержания налёта на спинке языка. Второй – с двумя различными краями – для большого количества налёта. Гладкий край для удален",in stock,new,1990.00 RUB,1390.00 RUB,https://bytebuy.store/product/doctorslon-266126/,https://doctorslon.ru/upload/iblock/542/skreba.png,Curaprox,Дополнительный уход,Дополнительный уход,doctorslon
doctorslon-251919,Зубная щетка Curaprox,"Curaprox CS Smart 7600 - зубная щетка предназначена для детей от 5-и лет. Щётка смоделирована по образу самой успешной версии зубной щётки Curaprox для взрослых. Маленький размер щётки и головки имеет ещё больше щетинок Curen - 7600, а щетинки ещё тоньше - 0,08 мм в диаметре! Основа щётки выполнена",in stock,new,1820.00 RUB,1240.00 RUB,https://bytebuy.store/product/doctorslon-251919/,https://doctorslon.ru/upload/iblock/de4/de420105fc3c61aa006a59f0bdb5a6db.jpg,Curaprox,Мануальные зубные щетки,Мануальные зубные щетки,doctorslon
doctorslon-1426068,Отбеливающий карандаш FGM,Whiteness Perfect 10% - гель для домашнего отбеливания зубов на основе&nbsp;перекиси карбамида 10%.&nbsp;,in stock,new,1500.00 RUB,1350.00 RUB,https://bytebuy.store/product/doctorslon-1426068/,https://doctorslon.ru/upload/iblock/cbb/cbb9e481dbbf05d6ca64eb58a42cf7cf.jpg,FGM,Отбеливание зубов,Отбеливание зубов,doctorslon
doctorslon-63395,Капа для аппликаций Sherbet,"Одноразовые капы большого размера для аппликаций реминерализирующих или отбеливающих гелей. В упаковке 10 штук. Применение гелей для укрепления зубной эмали (таких как Tooth Mousse, Dental Resourses, R.O.C.S и др.) будет максимально эффективным, если использовать их вместе с индивидуальными ка",in stock,new,651.00 RUB,390.00 RUB,https://bytebuy.store/product/doctorslon-63395/,https://doctorslon.ru/upload/iblock/4ea/size-L.jpg,Sherbet,Дополнительный уход,Дополнительный уход,doctorslon
doctorslon-490063,Детская зубная щетка MontCarotte,"Montcarotte ASSORTI Kids - детский подарочный набор&nbsp; В состав набора входит коллекция детских зубных гелей MontCarotte Kids Tooth Gel всех вкусов: Зелёное яблоко 5 мл, Ягодка вишня 5 мл, Сладкий банан 5 мл, Нейтральный вкус 5 мл, Розовая груша 5 мл, Детская зубная щетка Montcarrot",in stock,new,1290.00 RUB,1100.00 RUB,https://bytebuy.store/product/doctorslon-490063/,https://doctorslon.ru/upload/iblock/7c3/7c3b5a7e10077911ed86bfa7605cba93.jpg,MontCarotte,Зубные пасты и гели,Зубные пасты и гели,doctorslon
doctorslon-490060,Детская зубная щетка MontCarotte,"Montcarotte ASSORTI Kids - детский подарочный набор&nbsp; В состав набора входит коллекция детских зубных гелей MontCarotte Kids Tooth Gel всех вкусов: Зелёное яблоко 5 мл, Ягодка вишня 5 мл, Сладкий банан 5 мл, Нейтральный вкус 5 мл, Розовая груша 5 мл, Детская зубная щетка Montcarrot",in stock,new,1290.00 RUB,1100.00 RUB,https://bytebuy.store/product/doctorslon-490060/,https://doctorslon.ru/upload/iblock/7c3/7c3b5a7e10077911ed86bfa7605cba93.jpg,MontCarotte,Зубные пасты и гели,Зубные пасты и гели,doctorslon
doctorslon-63315,Капа для аппликаций Sherbet,"Одноразовые капы маленького размера для аппликаций реминерализирующих или отбеливающих гелей. В упаковке 10 штук. Применение гелей для укрепления зубной эмали (таких как Tooth Mousse, Dental Resourses, R.O.C.S и др.) будет максимально эффективным, если использовать их вместе с индивидуальными",in stock,new,651.00 RUB,390.00 RUB,https://bytebuy.store/product/doctorslon-63315/,https://doctorslon.ru/upload/iblock/e2b/smal.jpg,Sherbet,Дополнительный уход,Дополнительный уход,doctorslon
doctorslon-1679,Зубная щетка MontCarotte,"MontCarotte Гоген - зубная щетка средней жесткости. Зубная щетка MontCarotte Гоген – это почти произведение искусства. Зубные щетки в марке принято называть кистями – английское слово «brush» можно перевести и так. Вдохновением для создания щеток MontCarotte послужили картины импрессионистов, и",in stock,new,1390.00 RUB,999.00 RUB,https://bytebuy.store/product/doctorslon-1679/,https://doctorslon.ru/upload/iblock/80c/80c4f634ed8b8881e54c4b8635a0733c.jpg,MontCarotte,Мануальные зубные щетки,Мануальные зубные щетки,doctorslon
doctorslon-290137,Зубная нить Biorepair,"Biorepair Filo Cerato Scorrevole - вощеная скользящая зубная нить&nbsp;предназначена для чистки межзубных промежутков от налета и остатков пищи. Длина нити 50 метров. Покрытие воском обеспечивает легкое скольжение нити и снижает риск травмирования десен. Нить состоит из 140 микроволокон, которы",in stock,new,800.00 RUB,750.00 RUB,https://bytebuy.store/product/doctorslon-290137/,https://doctorslon.ru/upload/iblock/fd6/fd6e8405d1f38b4ddb56f6aea1fe0ddc.jpg,Biorepair,"Межзубные ёршики, нити и флоссы","Межзубные ёршики, нити и флоссы",doctorslon
doctorslon-251922,Зубная щетка Curaprox,"Curaprox CS Smart 7600 - зубная щетка предназначена для детей от 5-и лет. Щётка смоделирована по образу самой успешной версии зубной щётки Curaprox для взрослых. Маленький размер щётки и головки имеет ещё больше щетинок Curen - 7600, а щетинки ещё тоньше - 0,08 мм в диаметре! Основа щётки выполнена",in stock,new,1820.00 RUB,1240.00 RUB,https://bytebuy.store/product/doctorslon-251922/,https://doctorslon.ru/upload/iblock/de4/de420105fc3c61aa006a59f0bdb5a6db.jpg,Curaprox,Мануальные зубные щетки,Мануальные зубные щетки,doctorslon
doctorslon-1783387,Средство для выявления налета Emra,EMRA Plaque Indicator 12 шт - таблетки для индикации зубного налета.&nbsp; Преимущества: Содержат безопасные пигменты на основе минералов; Приучают к тщательной чистке зубов; Удобство применения в домашних условиях; Поможет определить уровень отложений на зубах и своевременно п,in stock,new,610.00 RUB,550.00 RUB,https://bytebuy.store/product/doctorslon-1783387/,https://doctorslon.ru/upload/iblock/908/908fc5d3997c6d8471ab5a57df10f7f3.jpg,Emra,Дополнительный уход,Дополнительный уход,doctorslon
doctorslon-251925,Зубная щетка Curaprox,"Curaprox CS Smart 7600 - зубная щетка предназначена для детей от 5-и лет. Щётка смоделирована по образу самой успешной версии зубной щётки Curaprox для взрослых. Маленький размер щётки и головки имеет ещё больше щетинок Curen - 7600, а щетинки ещё тоньше - 0,08 мм в диаметре! Основа щётки выполнена",in stock,new,1820.00 RUB,1240.00 RUB,https://bytebuy.store/product/doctorslon-251925/,https://doctorslon.ru/upload/iblock/de4/de420105fc3c61aa006a59f0bdb5a6db.jpg,Curaprox,Мануальные зубные щетки,Мануальные зубные щетки,doctorslon
doctorslon-251926,Зубная щетка Curaprox,"Curaprox CS Smart 7600 - зубная щетка предназначена для детей от 5-и лет. Щётка смоделирована по образу самой успешной версии зубной щётки Curaprox для взрослых. Маленький размер щётки и головки имеет ещё больше щетинок Curen - 7600, а щетинки ещё тоньше - 0,08 мм в диаметре! Основа щётки выполнена",in stock,new,1820.00 RUB,1240.00 RUB,https://bytebuy.store/product/doctorslon-251926/,https://doctorslon.ru/upload/iblock/de4/de420105fc3c61aa006a59f0bdb5a6db.jpg,Curaprox,Мануальные зубные щетки,Мануальные зубные щетки,doctorslon
doctorslon-1678,Зубная щетка MontCarotte,MontCarotte Ван Гог - зубная щетка средней жесткости.&nbsp; Зубная щетка MontCarotte Ван Гог – это почти произведение искусства. Зубные щетки в марке принято называть кистями – английское слово «brush» можно перевести и так. Вдохновением для создания щеток MontCarotte послужили картины импрессиони,in stock,new,1390.00 RUB,999.00 RUB,https://bytebuy.store/product/doctorslon-1678/,https://doctorslon.ru/upload/iblock/242/242fc89b57e3fe05fa6560c84b76b7f5.jpg,MontCarotte,Мануальные зубные щетки,Мануальные зубные щетки,doctorslon
doctorslon-1783606,Гель для десен Curasept,"Curasept Primidenti&nbsp; - детский гель&nbsp;создан на основе натуральных компонентов. Без сахара, спирта и местных анестетиков. Применяется при симптомах прорезывания зубов: отечность или покраснение десен, а также при обильном слюноотделении.",in stock,new,3050.00 RUB,1390.00 RUB,https://bytebuy.store/product/doctorslon-1783606/,https://doctorslon.ru/upload/iblock/eaf/eafed88d4ac08f71188c53d1987dcbc1.png,Curasept,12739,12739,doctorslon
doctorslon-1227660,Зубная нить Splat,"Splat Dental Floss - объёмная вощеная нить, произведена из гипоаллергенного микрокристаллического воска. Научно доказано, что использование нити помогает предотвратить кариес и заболевания десен, снижает кровоточивость. Объемная вощеная зубная нить Riser Floss разработана на основе запатентованной т",in stock,new,450.00 RUB,300.00 RUB,https://bytebuy.store/product/doctorslon-1227660/,https://doctorslon.ru/upload/iblock/bcf/bcf96d61797533a2a45d50cc4502a7a8.jpg,Splat,"Межзубные ёршики, нити и флоссы","Межзубные ёршики, нити и флоссы",doctorslon
doctorslon-17937,Зубная паста Brush-Baby,Brush-Baby Мультифрукт - зубная паста&nbsp;разработана для надежной защиты молочных зубов от кариеса с учетом возрастных особенностей детской зубной эмали. Ксилит в составе пасты эффективно удаляет зубной налет и уничтожает кариесогенные бактерии Streptococcus mutans. Фтор (содержание 1350 ppm),in stock,new,3860.00 RUB,1090.00 RUB,https://bytebuy.store/product/doctorslon-17937/,https://doctorslon.ru/upload/iblock/dad/dad9ba3cf54efe561e07c34c8b6f3564.jpg,Brush-Baby,Зубные пасты и гели,Зубные пасты и гели,doctorslon
doctorslon-251902,Зубная щетка Curaprox,"CURAPROX 3960 ""Super Soft"" - супермягкая зубная щетка. Идеально подходит для тех, кто привык прилагать некоторую силу при чистке зубов, но не хочет повредить линию десны. 3960 активных щетинок CUREN не повреждают эмаль зубов, не травмируют десны. Компактная головка щетки позволяет очистить всю повер",in stock,new,2300.00 RUB,1240.00 RUB,https://bytebuy.store/product/doctorslon-251902/,https://doctorslon.ru/upload/iblock/1a1/1a122cf7f40117ed028df3a8a4db3bd5.jpg,Curaprox,Мануальные зубные щетки,Мануальные зубные щетки,doctorslon
doctorslon-266122,Уход за языком Curaprox,"CURAPROX Duo pack -&nbsp;скребки для чистки языка. В набор входят 2 скребка: одиночный узкий и двойной, более широкий. Первый скребок — для очистки умеренного содержания налёта на спинке языка. Второй – с двумя различными краями – для большого количества налёта. Гладкий край для удален",in stock,new,1990.00 RUB,1390.00 RUB,https://bytebuy.store/product/doctorslon-266122/,https://doctorslon.ru/upload/iblock/542/skreba.png,Curaprox,Дополнительный уход,Дополнительный уход,doctorslon
doctorslon-1774331,Зубная щетка MontCarotte,"Montcarotte - зубная щетка&nbsp;создана с учётом всех особенностей детской гигиены полости рта, подходит для детей&nbsp;от 3 до 7 лет.",in stock,new,1390.00 RUB,1090.00 RUB,https://bytebuy.store/product/doctorslon-1774331/,https://doctorslon.ru/upload/iblock/274/2745334cdccc68f5758fa49f05cd085f.jpg,MontCarotte,Мануальные зубные щетки,Мануальные зубные щетки,doctorslon
doctorslon-1462285,Отбеливающие полоски White Secret,"White Secret INTENSO&nbsp;— отбеливающие полоски, курс классических и&nbsp;крайне эффективных полосок с&nbsp;пероксидом водорода в&nbsp;составе. Обладая мощным эффектом, Intenso помогут вам отбелить зубы на&nbsp;3-6&nbsp;тонов.",in stock,new,3080.00 RUB,1990.00 RUB,https://bytebuy.store/product/doctorslon-1462285/,https://doctorslon.ru/upload/iblock/d73/d733ea7cdd24d1c0a3dd80c45caf9746.jpg,White Secret,Отбеливание зубов,Отбеливание зубов,doctorslon
doctorslon-1830606,Зубная паста ROCS,"R.O.C.S. ESTEDENT «Укрепление и защита» — зубная паста для ежедневного ухода, направленная на укрепление эмали, защиту от кариеса и поддержание здоровья дёсен и слизистой оболочки полости рта. Формула с биоэнзимами, ксилитом, альгинатом и растительными экстрактами эффективно очищает зубы и помогает",in stock,new,850.00 RUB,810.00 RUB,https://bytebuy.store/product/doctorslon-1830606/,https://doctorslon.ru/upload/iblock/383/3834210352995eadaecb177806bdbc69.jpg,ROCS,Зубные пасты и гели,Зубные пасты и гели,doctorslon
doctorslon-1781770,Межзубный ершик TePe,"TePe Original Size 0 - межзубные ершики 0,4 мм розового цвета от шведской компании TePe позволяют сделать гигиену, которая проводится каждый день, более эффективной и действенной. Заказать фирменное средство доступно для качественной очистки промежутков между зубами. Особенно подобный уход необходим",in stock,new,2780.00 RUB,2390.00 RUB,https://bytebuy.store/product/doctorslon-1781770/,https://doctorslon.ru/upload/iblock/4f0/4f046daecce7546bfef99622434c466f.jpg,TePe,"Межзубные ёршики, нити и флоссы","Межзубные ёршики, нити и флоссы",doctorslon
doctorslon-1769729,Зубная паста Rapid,"Rapid Hyal - зубная паста на основе гиалуроновой кислоты для лечения сухости полости рта. Обеспечит защиту и регенерацию слизистой полости рта, интенсивное лечение сухости во рту и облегчение раздражения десен, реминерализацию эмали и предотвращение кариеса, ускорение заживления язв во рту, облегчен",in stock,new,1690.00 RUB,1600.00 RUB,https://bytebuy.store/product/doctorslon-1769729/,https://doctorslon.ru/upload/iblock/564/5641649b1e4f3af65368352fba1e4670.jpg,Rapid,Зубные пасты и гели,Зубные пасты и гели,doctorslon
doctorslon-1774327,Зубная щетка MontCarotte,"Montcarotte - зубная щетка&nbsp;создана с учётом всех особенностей детской гигиены полости рта, подходит для детей&nbsp;от 3 до 7 лет.",in stock,new,1390.00 RUB,1090.00 RUB,https://bytebuy.store/product/doctorslon-1774327/,https://doctorslon.ru/upload/iblock/274/2745334cdccc68f5758fa49f05cd085f.jpg,MontCarotte,Мануальные зубные щетки,Мануальные зубные щетки,doctorslon
doctorslon-1285609,Межзубный ершик Interprox,"Interprox Plus Micro (1.1 мм), 6 шт - набор включает в себя 6 межзубных ершиков одного диаметра. Ершики позволяют избавиться от налета и остатков пищи в самых труднодоступных местах. Рекомендованы при наличии имплантов, брекетов, несъемных мостов.",in stock,new,810.00 RUB,640.00 RUB,https://bytebuy.store/product/doctorslon-1285609/,https://doctorslon.ru/upload/iblock/c8b/c8b0b744c0ef4e88b757a3fb92840154.jpg,Interprox,"Межзубные ёршики, нити и флоссы","Межзубные ёршики, нити и флоссы",doctorslon
doctorslon-1787163,Набор зубных щеток Curaprox,"Curaprox Set Лошадь Пржевальского - набор зубных щеток. Набор «Краснокнижные животные» из двух щёток: мягкой зубной щётки Curaprox 5460 Ultra Soft и монопучковой щётки 1006 Single &amp; Sulcular. CURAPROX 5460 Ultra Soft - Оснащена 5460 ультрамягкими щетинками, которые обеспечива",in stock,new,2250.00 RUB,1730.00 RUB,https://bytebuy.store/product/doctorslon-1787163/,https://doctorslon.ru/upload/iblock/360/3607f8953ee01181139cb2b117857f2f.jpg,Curaprox,Мануальные зубные щетки,Мануальные зубные щетки,doctorslon
doctorslon-1767480,Отбеливающие полоски White Secret,"White secret Ultimate MAX -&nbsp;отбеливающие полоски,&nbsp;самый новый, технологичный и мощный продукт в линейке бренда с технологией повышенной адгезии для идеальной фиксации и наилучшего результата!",in stock,new,3830.00 RUB,2550.00 RUB,https://bytebuy.store/product/doctorslon-1767480/,https://doctorslon.ru/upload/iblock/ff3/ff334a56837373a91dd114551e960b71.jpg,White Secret,Отбеливание зубов,Отбеливание зубов,doctorslon
doctorslon-1787164,Набор зубных щеток Curaprox,"Curaprox Set Серый кит - набор «Краснокнижные животные» из двух щёток: мягкой зубной щётки Curaprox 5460 Ortho и монопучковой щётки 1009 Single. CURAPROX 5460 Ortho специально разработана для тех, кто носит брекеты. Эта щётка сочетает в себе бережный уход и высокую эффективность, обеспечивая к",in stock,new,2390.00 RUB,1730.00 RUB,https://bytebuy.store/product/doctorslon-1787164/,https://doctorslon.ru/upload/iblock/9b7/9b7194cb795342902ee4c57ac9a1b691.jpg,Curaprox,Мануальные зубные щетки,Мануальные зубные щетки,doctorslon
doctorslon-1067558,Зубная паста President,"President PROFI PLUS White 30 мл - отбеливающая зубная паста.&nbsp; Преимущества: Безопасно полирует, восстанавливая природную белизну зубов. Минерализует эмаль. Не содержит фтор. Зубная паста PresiDENT PROFI PLUS White Plus предназначена для интенсивного удаления зубного налета, а т",in stock,new,2330.00 RUB,390.00 RUB,https://bytebuy.store/product/doctorslon-1067558/,https://doctorslon.ru/upload/iblock/7b7/7b7cbc01bf81fef99fbd41a50ec832b2.jpg,President,Зубные пасты и гели,Зубные пасты и гели,doctorslon
doctorslon-1787165,Набор зубных щеток Curaprox,"Curaprox Set Снежный барс - набор «Краснокнижные животные» из двух щёток: ультрамягкой зубной щётки Curaprox 5460 и супермягкой щётки Curaprox 3960 Super Soft. CURAPROX 5460 Ultra Soft - Оснащена 5460 ультрамягкими щетинками, которые обеспечивают эффективное, но бережное очищение, не повреждая",in stock,new,2260.00 RUB,1730.00 RUB,https://bytebuy.store/product/doctorslon-1787165/,https://doctorslon.ru/upload/iblock/bd3/bd321a3cbcab058bb80dd2da648ea013.jpg,Curaprox,Мануальные зубные щетки,Мануальные зубные щетки,doctorslon
doctorslon-251917,Зубная щетка Curaprox,"Curaprox CS Smart 7600 - зубная щетка предназначена для детей от 5-и лет. Щётка смоделирована по образу самой успешной версии зубной щётки Curaprox для взрослых. Маленький размер щётки и головки имеет ещё больше щетинок Curen - 7600, а щетинки ещё тоньше - 0,08 мм в диаметре! Основа щётки выполнена",in stock,new,1820.00 RUB,1240.00 RUB,https://bytebuy.store/product/doctorslon-251917/,https://doctorslon.ru/upload/iblock/de4/de420105fc3c61aa006a59f0bdb5a6db.jpg,Curaprox,Мануальные зубные щетки,Мануальные зубные щетки,doctorslon
doctorslon-251924,Зубная щетка Curaprox,"Curaprox CS Smart 7600 - зубная щетка предназначена для детей от 5-и лет. Щётка смоделирована по образу самой успешной версии зубной щётки Curaprox для взрослых. Маленький размер щётки и головки имеет ещё больше щетинок Curen - 7600, а щетинки ещё тоньше - 0,08 мм в диаметре! Основа щётки выполнена",in stock,new,1820.00 RUB,1240.00 RUB,https://bytebuy.store/product/doctorslon-251924/,https://doctorslon.ru/upload/iblock/de4/de420105fc3c61aa006a59f0bdb5a6db.jpg,Curaprox,Мануальные зубные щетки,Мануальные зубные щетки,doctorslon
doctorslon-1774274,Зубная щетка Splat,Splat Smilex Ortho -&nbsp;монопучковая зубная щетка&nbsp;со сменными головками.,in stock,new,490.00 RUB,390.00 RUB,https://bytebuy.store/product/doctorslon-1774274/,https://doctorslon.ru/upload/iblock/ccd/ccd58b536829dc845d6e07b11e427ced.jpg,Splat,Мануальные зубные щетки,Мануальные зубные щетки,doctorslon
doctorslon-266129,Уход за языком Curaprox,"CURAPROX Duo pack -&nbsp;скребки для чистки языка. В набор входят 2 скребка: одиночный узкий и двойной, более широкий. Первый скребок — для очистки умеренного содержания налёта на спинке языка. Второй – с двумя различными краями – для большого количества налёта. Гладкий край для удален",in stock,new,1990.00 RUB,1390.00 RUB,https://bytebuy.store/product/doctorslon-266129/,https://doctorslon.ru/upload/iblock/542/skreba.png,Curaprox,Дополнительный уход,Дополнительный уход,doctorslon
doctorslon-841678,Межзубный ершик TePe,"TePe Angle Size 5 - набор межзубных ершиков, размер 5 предназначен для очищения межзубных промежутков и различных стоматологических конструкций. Ершики позволяют избавиться от налета и остатков пищи в самых труднодоступных местах. Разработаны совместно со шведскими стоматологами-профессионалами.",in stock,new,890.00 RUB,840.00 RUB,https://bytebuy.store/product/doctorslon-841678/,https://doctorslon.ru/upload/iblock/64b/64b8495d15f42f8ff135b0ab54dc65c4.jpg,TePe,"Межзубные ёршики, нити и флоссы","Межзубные ёршики, нити и флоссы",doctorslon
doctorslon-773150,Комплект насадок Philips,Philips Sonicare HX6062/13&nbsp; - сменные насадки&nbsp;стандартного размера&nbsp;для осветления эмали. На 44% больше щетинок по сравнению с насадками Philips ProResults Ромбовидная форма головки насадки и плотное расположение щетинок увеличивают площадь чистящей поверхности. Отбеливает эма,in stock,new,3990.00 RUB,2990.00 RUB,https://bytebuy.store/product/doctorslon-773150/,https://doctorslon.ru/upload/iblock/ddd/ddda12d786147db007c34318aa62a09a.jpg,Philips,Насадки для зубных щёток,Насадки для зубных щёток,doctorslon
doctorslon-684837,Зубная щетка Curaprox,"CURAPROX 12460 Velvet — инновация 2021 года, бархатная забота о полости рта от ведущего мирового изготовителя зубных щёток. В наличии есть щётки с разным цветом щетины. Спрашивайте у операторов при оформлении заказа. Голограмма на упаковке - гарантия подлинности Curaprox и знак швейцарского каче",in stock,new,1790.00 RUB,1390.00 RUB,https://bytebuy.store/product/doctorslon-684837/,https://doctorslon.ru/upload/iblock/257/257af59c95a025817bfb2924d2919ae6.jpg,Curaprox,Мануальные зубные щетки,Мануальные зубные щетки,doctorslon
doctorslon-1778378,Зубная паста Sensodyne,"Sensodyne Clinical White - зубная паста для эффективного и бережного отбеливания. Формула тройного действия отбеливает, полирует и защищает ваши зубы от темного налета, а также защищает от чувствительности",in stock,new,500.00 RUB,450.00 RUB,https://bytebuy.store/product/doctorslon-1778378/,https://doctorslon.ru/upload/iblock/e80/e80a7a214b082dc1696aa871445af9e0.jpg,Sensodyne,Зубные пасты и гели,Зубные пасты и гели,doctorslon
doctorslon-1797367,Набор зубных щеток Curaprox,Brand: Curaprox. Category: Мануальные зубные щетки.,in stock,new,2690.00 RUB,2260.00 RUB,https://bytebuy.store/product/doctorslon-1797367/,https://doctorslon.ru/upload/iblock/6cc/6ccca2f9d47a138e6679722154070729.jpg,Curaprox,Мануальные зубные щетки,Мануальные зубные щетки,doctorslon
doctorslon-1831650,Зубная щетка TePe,"TePe Compact Tuft - монопучковая щетка&nbsp;предназначена для индивидуальной чистки каждого зуба, десневых бороздок и брекет-систем. Короткий пучок из 700 щетинок длиной 6мм позволяет качественно очистить места наибольшего скопления налета. Ультрамягкие гибкие щетинки легко и бережно удаляют налет",in stock,new,760.00 RUB,590.00 RUB,https://bytebuy.store/product/doctorslon-1831650/,https://doctorslon.ru/upload/iblock/410/410205aae93bc0e1dbd2b15303b52e5b.jpg,TePe,Мануальные зубные щетки,Мануальные зубные щетки,doctorslon
doctorslon-684823,Зубная щетка Curaprox,"CURAPROX 12460 Velvet — инновация 2021 года, бархатная забота о полости рта от ведущего мирового изготовителя зубных щёток. В наличии есть щётки с разным цветом щетины. Спрашивайте у операторов при оформлении заказа. Голограмма на упаковке - гарантия подлинности Curaprox и знак швейцарского каче",in stock,new,1790.00 RUB,1390.00 RUB,https://bytebuy.store/product/doctorslon-684823/,https://doctorslon.ru/upload/iblock/257/257af59c95a025817bfb2924d2919ae6.jpg,Curaprox,Мануальные зубные щетки,Мануальные зубные щетки,doctorslon
doctorslon-733295,Средство для выявления налета miradent,"Miradent Mira-2-Ton - индикатор зубного налета. Профессиональная линейка товаров для ухода за полостью рта от немецкой компании Hager &amp; Werken, которая ведёт свою историю с 1982 года. Отличительная черта товаров под брендом miradent® - их неоспоримая практичность и необходимость при должном ежед",in stock,new,4380.00 RUB,3390.00 RUB,https://bytebuy.store/product/doctorslon-733295/,https://doctorslon.ru/upload/iblock/25a/25aaddcd5e4d3fffbb3c7cf8c8a29dbc.jpg,miradent,Дополнительный уход,Дополнительный уход,doctorslon
doctorslon-283372,Товары для животных Orozyme,"Orozyme Kaustreifen M для собак больше 10 кг - жевательные полоски препятствуют образованию зубного налета, предотвращают неприятный запах изо рта и образование зубного камня. Запатентованный комплекс LPO в сочетании с лизоцимом и лактоферрином, содержащиеся в жевательных полосках Orozyme эффек",in stock,new,3300.00 RUB,2590.00 RUB,https://bytebuy.store/product/doctorslon-283372/,https://doctorslon.ru/upload/iblock/c83/c830fa45eb88ad09eaefb21ab61eb0aa.jpg,Orozyme,Для животных,Для животных,doctorslon
doctorslon-1426108,Отбеливающий карандаш FGM,Whiteness Perfect 16%&nbsp;- гель для домашнего отбеливания зубов на основе&nbsp;перекиси карбамида 16%. Гель предназначен для проведения процедуры отбеливания зубов в домашних условиях Особенности: Ночное или дневное использование от 1 до 4 часов (в зависимости от дозировки). Подходит для ч,in stock,new,1500.00 RUB,1350.00 RUB,https://bytebuy.store/product/doctorslon-1426108/,https://doctorslon.ru/upload/iblock/869/8697c2ecfe89ca0f5ea91b952fa4047f.jpg,FGM,Отбеливание зубов,Отбеливание зубов,doctorslon
doctorslon-1801,Гель для десен Pierre Fabre,"Элюгель - гель для десен способствует снижению воспаления и кровоточивости десен, предупреждает развитие гингивита и зубного камня, прекрасно подходит для гигиенического ухода за полостью рта. Рекомендуется после операционных вмешательств на деснах, пародонте, после имплантации зубов. Стоматоло",in stock,new,660.00 RUB,500.00 RUB,https://bytebuy.store/product/doctorslon-1801/,https://doctorslon.ru/upload/iblock/cf2/cf25b469c6f71388a45354546ea2a5be.jpg,Pierre Fabre,Зубные пасты и гели,Зубные пасты и гели,doctorslon
doctorslon-1831652,Зубная щетка TePe,"TePe Compact Tuft - монопучковая щетка&nbsp;предназначена для индивидуальной чистки каждого зуба, десневых бороздок и брекет-систем. Короткий пучок из 700 щетинок длиной 6мм позволяет качественно очистить места наибольшего скопления налета. Ультрамягкие гибкие щетинки легко и бережно удаляют налет",in stock,new,760.00 RUB,590.00 RUB,https://bytebuy.store/product/doctorslon-1831652/,https://doctorslon.ru/upload/iblock/410/410205aae93bc0e1dbd2b15303b52e5b.jpg,TePe,Мануальные зубные щетки,Мануальные зубные щетки,doctorslon
doctorslon-290126,Зубная нить Biorepair,Biorepair Filo Cerato Espandibile - вощеная расширяющаяся зубная нить&nbsp;предназначена для чистки межзубных промежутков от налета и остатков пищи. Материал нити - нейлон. Длина нити 30 метров. Покрытие воском обеспечивает легкое скольжение нити и снижает риск травмирования десен. Пропитка гиа,in stock,new,830.00 RUB,670.00 RUB,https://bytebuy.store/product/doctorslon-290126/,https://doctorslon.ru/upload/iblock/c42/c42bc027253424638ade2652c1812edd.jpg,Biorepair,"Межзубные ёршики, нити и флоссы","Межзубные ёршики, нити и флоссы",doctorslon
doctorslon-1364366,Ополаскиватель Foramen,Foramen Halitosis&nbsp; - ополаскиватель для полости рта обладает противогрибковым и противовирусным эффектом. Является антисептическим и местноанастезирующим средством.,in stock,new,950.00 RUB,730.00 RUB,https://bytebuy.store/product/doctorslon-1364366/,https://doctorslon.ru/upload/iblock/fae/faeffececab450b4d3bb762562933122.jpg,Foramen,Ополаскиватели,Ополаскиватели,doctorslon
doctorslon-1770734,Другие средства гигиены Dental Box,Brand: Dental Box. Category: 8510.,in stock,new,3490.00 RUB,1990.00 RUB,https://bytebuy.store/product/doctorslon-1770734/,https://doctorslon.ru/upload/iblock/f27/f27e1875d63754f3e198ceac1d1e6aff.jpg,Dental Box,8510,8510,doctorslon
doctorslon-1773770,Уход за языком Emra,Emra - скребок для чистки языка.&nbsp;,in stock,new,620.00 RUB,520.00 RUB,https://bytebuy.store/product/doctorslon-1773770/,https://doctorslon.ru/upload/iblock/bec/bec87d4e89525b7d7f419aacd26d0948.jpg,Emra,Уход за языком,Уход за языком,doctorslon
doctorslon-1831651,Зубная щетка TePe,"TePe Compact Tuft - монопучковая щетка&nbsp;предназначена для индивидуальной чистки каждого зуба, десневых бороздок и брекет-систем. Короткий пучок из 700 щетинок длиной 6мм позволяет качественно очистить места наибольшего скопления налета. Ультрамягкие гибкие щетинки легко и бережно удаляют налет",in stock,new,760.00 RUB,590.00 RUB,https://bytebuy.store/product/doctorslon-1831651/,https://doctorslon.ru/upload/iblock/410/410205aae93bc0e1dbd2b15303b52e5b.jpg,TePe,Мануальные зубные щетки,Мануальные зубные щетки,doctorslon
doctorslon-1759335,Зубная паста Betadent,Betadent GUMS - зубная паста для десен&nbsp;,in stock,new,470.00 RUB,420.00 RUB,https://bytebuy.store/product/doctorslon-1759335/,https://doctorslon.ru/upload/iblock/a32/a32225cc97b208c1001eb1f8905eac83.jpg,Betadent,Зубные пасты и гели,Зубные пасты и гели,doctorslon
doctorslon-251202,Зубная щетка Curaprox,"CURAPROX 5460 Ultra Soft - ультрамягкая зубная щетка. Это самая мягкая из всех щеток Curaprox с огромным количеством щетинок. Достаточно легких круговых движений по линии десны, чтобы удалить налет без повреждений. 5460 активных щетинок CUREN выполнены из сверхтонкого полиэфирного волокна толщиной 0",in stock,new,2140.00 RUB,1230.00 RUB,https://bytebuy.store/product/doctorslon-251202/,https://doctorslon.ru/upload/iblock/2d8/2d8cf0c9d780b6447e080712c91c93b0.jpg,Curaprox,Мануальные зубные щетки,Мануальные зубные щетки,doctorslon
doctorslon-252119,Зубная щетка Curaprox,"CURAPROX 5460 Ultrasoft 3 шт - набор зубных щеток.&nbsp; В комплекте 3 щетки CURAPROX 5460 Ultra Soft разного цвета. CURAPROX 5460 Ultra Soft - ультрамягкая зубная щетка. Это самая мягкая из всех щеток Curaprox с огромным количеством щетинок. Достаточно легких круговых движений по линии десны, ч",in stock,new,3790.00 RUB,3340.00 RUB,https://bytebuy.store/product/doctorslon-252119/,https://doctorslon.ru/upload/iblock/8d7/8d71e6a25d155a491c596d067b482e60.jpg,Curaprox,Мануальные зубные щетки,Мануальные зубные щетки,doctorslon
doctorslon-252101,Зубная щетка Curaprox,"CURAPROX 1009 Single - монопучковая зубная щетка, незаменимая для чистки брекет-систем. Её маленькие щетинки легко проникают в проблемные зоны вокруг брекетов. Длина пучка 9 мм идеальна для чистки брекетов и имплантов. Щетинки щётки изготовлены из полиэстра последнего поколения. Плотно расположенные",in stock,new,2320.00 RUB,1230.00 RUB,https://bytebuy.store/product/doctorslon-252101/,https://doctorslon.ru/upload/iblock/4c2/4c253fefa141c201c8968dd655c191ac.jpg,Curaprox,Мануальные зубные щетки,Мануальные зубные щетки,doctorslon
doctorslon-1426137,Отбеливающий карандаш FGM,"Особенности: Ночное или дневное использование от 1 до 4 часов (в зависимости от дозировки). Подходит для чувствительных зубов. 1 шприц 3 г (7 – 9 применений). Двойное десенсибилизирующее действие: нитрат калия+ фторид натрия в составе. Значение pH, близкое к нейтральному: предотвращает д",in stock,new,1500.00 RUB,1350.00 RUB,https://bytebuy.store/product/doctorslon-1426137/,https://doctorslon.ru/upload/iblock/106/106d68fb3a5767b2b073a9d07a19272b.jpg,FGM,Отбеливание зубов,Отбеливание зубов,doctorslon
doctorslon-1167761,Межзубный ершик Curaprox,"CURAPROX CPS 08 Prime Refill&nbsp; - сменные межзубные ершики Curaprox CPS ""Prime"" с самой тонкой и в то же время самой прочной проволочной основой из существующих на рынке обеспечивают полный контроль зубного налета в межзубных промежутках. Голограмма на упаковке - гарантия подлинности Curapro",in stock,new,2590.00 RUB,2120.00 RUB,https://bytebuy.store/product/doctorslon-1167761/,https://doctorslon.ru/upload/iblock/7d1/7d14518ffadedef5d8ba332cbe4e9eb1.jpg,Curaprox,"Межзубные ёршики, нити и флоссы","Межзубные ёршики, нити и флоссы",doctorslon
doctorslon-1754,Зубная щетка Curaprox,"Curaprox CS Smart 7600 - зубная щетка предназначена для детей от 5-и лет. Щётка смоделирована по образу самой успешной версии зубной щётки Curaprox для взрослых. Маленький размер щётки и головки имеет ещё больше щетинок Curen - 7600, а щетинки ещё тоньше - 0,08 мм в диаметре! Основа щётки выполнена",in stock,new,1820.00 RUB,1240.00 RUB,https://bytebuy.store/product/doctorslon-1754/,https://doctorslon.ru/upload/iblock/61c/61c25f91e87b1093c39666a292c20b4f.jpg,Curaprox,Мануальные зубные щетки,Мануальные зубные щетки,doctorslon
doctorslon-1167803,Межзубный ершик Curaprox,"CURAPROX CPS 09 Prime Refill - межзубные ёршики Curaprox CPS ""Prime"" с самой тонкой и в то же время самой прочной проволочной основой из существующих на рынке обеспечивают полный контроль зубного налета в межзубных промежутках. Голограмма на упаковке - гарантия подлинности Curaprox и знак шве",in stock,new,2590.00 RUB,2120.00 RUB,https://bytebuy.store/product/doctorslon-1167803/,https://doctorslon.ru/upload/iblock/b21/b213382f7f892f018def08dc855be306.jpg,Curaprox,"Межзубные ёршики, нити и флоссы","Межзубные ёршики, нити и флоссы",doctorslon
doctorslon-1285610,Межзубный ершик Interprox,"Interprox Plus Mini (1.4 мм), 6 шт - набор включает в себя 6 межзубных ершиков одного диаметра. Ершики позволяют избавиться от налета и остатков пищи в самых труднодоступных местах. Рекомендованы при наличии имплантов, брекетов, несъемных мостов.",in stock,new,810.00 RUB,640.00 RUB,https://bytebuy.store/product/doctorslon-1285610/,https://doctorslon.ru/upload/iblock/984/984e626fc98b58ea438c8911ac93b2d6.jpg,Interprox,"Межзубные ёршики, нити и флоссы","Межзубные ёршики, нити и флоссы",doctorslon
doctorslon-272610,Косметика для зубов Rapid,"Rapid 15&nbsp;— гелеобразная зубная паста, это антибактериальная профилактическая зубная паста с противокариесным действием на основе хлоргексидина 0,15%, с витаминным комплексом группы «B», фруктовой кислотой из семян грейпфрута, цитратом цинка и молекулярным защитным комплексом. Преимущества:",in stock,new,1500.00 RUB,1450.00 RUB,https://bytebuy.store/product/doctorslon-272610/,https://doctorslon.ru/upload/iblock/685/6850c7b647b3938408e96140ab794894.jpg,Rapid,Зубные пасты и гели,Зубные пасты и гели,doctorslon
doctorslon-1793088,Зубная щетка Emra,Sora 7K The Blue — мягкая зубная щетка. Идеальное решение для деликатного ухода за чувствительными зубами. Преимущества: 7000 мягких щетинок бережно очищают зубы и десны. Подходит для детей и для людей с повышенной чувствительностью.&nbsp; Эффекти,in stock,new,550.00 RUB,460.00 RUB,https://bytebuy.store/product/doctorslon-1793088/,https://doctorslon.ru/upload/iblock/a1b/a1b93012e0ef5aa83a13f5cd329ec839.png,Emra,Мануальные зубные щетки,Мануальные зубные щетки,doctorslon
doctorslon-251206,Зубная щетка Curaprox,"CURAPROX 3960 ""Super Soft"" - супермягкая зубная щетка. Идеально подходит для тех, кто привык прилагать некоторую силу при чистке зубов, но не хочет повредить линию десны. 3960 активных щетинок CUREN не повреждают эмаль зубов, не травмируют десны. Компактная головка щетки позволяет очистить всю повер",in stock,new,2300.00 RUB,1240.00 RUB,https://bytebuy.store/product/doctorslon-251206/,https://doctorslon.ru/upload/iblock/1a1/1a122cf7f40117ed028df3a8a4db3bd5.jpg,Curaprox,Мануальные зубные щетки,Мануальные зубные щетки,doctorslon
doctorslon-1497161,Зубная щетка MontCarotte,Montcarotte TEENS black -&nbsp;зубная щетка разработана с учетом всех особенностей ухода за полостью рта в подростковом и взрослом возрасте.&nbsp;,in stock,new,1390.00 RUB,999.00 RUB,https://bytebuy.store/product/doctorslon-1497161/,https://doctorslon.ru/upload/iblock/826/8269adbd39e792fb46f0852a5bc76f8f.jpg,MontCarotte,Мануальные зубные щетки,Мануальные зубные щетки,doctorslon
doctorslon-251204,Зубная щетка Curaprox,"CURAPROX 5460 Ultra Soft - ультрамягкая зубная щетка. Это самая мягкая из всех щеток Curaprox с огромным количеством щетинок. Достаточно легких круговых движений по линии десны, чтобы удалить налет без повреждений. 5460 активных щетинок CUREN выполнены из сверхтонкого полиэфирного волокна толщиной 0",in stock,new,2140.00 RUB,1230.00 RUB,https://bytebuy.store/product/doctorslon-251204/,https://doctorslon.ru/upload/iblock/2d8/2d8cf0c9d780b6447e080712c91c93b0.jpg,Curaprox,Мануальные зубные щетки,Мануальные зубные щетки,doctorslon
doctorslon-1549324,Межзубный ершик TePe,"TePe Original Size 4&nbsp; - межзубные ёршики TePe&nbsp;предназначены для очистки промежутков между зубами, куда обычная зубная щетка не может добраться. Используйте их регулярно, чтобы сохранить десны и зубы здоровыми.&nbsp;Tepe Original&nbsp;разработаны в сотрудничестве с зубными экспертами, чтобы",in stock,new,890.00 RUB,840.00 RUB,https://bytebuy.store/product/doctorslon-1549324/,https://doctorslon.ru/upload/iblock/3ea/3ea63dae05304107ce292b90487ab12d.jpg,TePe,"Межзубные ёршики, нити и флоссы","Межзубные ёршики, нити и флоссы",doctorslon
doctorslon-1769056,Зубная паста Vitis,VITIS Sensitive - зубная паста&nbsp;для лечения гиперчувствительности зубов,in stock,new,1180.00 RUB,900.00 RUB,https://bytebuy.store/product/doctorslon-1769056/,https://doctorslon.ru/upload/iblock/6c0/6c0a6c9b874ab19fdbd9844bfdf14bf6.jpg,Vitis,Зубные пасты и гели,Зубные пасты и гели,doctorslon
doctorslon-354685,Зубная щетка Biorepair,"Biorepair CURVE Gum Protection (Protezione Gengive) - первая зубная щётка на рынке профессионального ухода за полостью рта на основе microRepair для ухода за деснами. Создана по новейшей технологии с нанесением на щетину специальных частиц microRepair, которые восстанавливают эмаль. Это цинк за",in stock,new,620.00 RUB,490.00 RUB,https://bytebuy.store/product/doctorslon-354685/,https://doctorslon.ru/upload/iblock/e48/e48f2a78686c80dfbde08c954543690f.jpg,Biorepair,Мануальные зубные щетки,Мануальные зубные щетки,doctorslon
doctorslon-1874,Косметика для зубов MontCarotte,"Montcarotte - гель-пилинг для выравнивания цвета и придания блеска&nbsp; Британская компания MontCarotte создала для Вас абсолютно новый мир альтернативного выбора, совместив предельную эффективность, креативный подход и вдохновляющую эстетику. С инновационными формулами и актуальными текстурам",in stock,new,2500.00 RUB,2450.00 RUB,https://bytebuy.store/product/doctorslon-1874/,https://doctorslon.ru/upload/iblock/ac7/ac7d76a9ae683e1fa376ffef96e446dd.jpg,MontCarotte,Зубные пасты и гели,Зубные пасты и гели,doctorslon
doctorslon-423786,Спрей miradent,"Спрей Miradent Halitosis Spray для устранения неприятного запаха изо рта Спрей Miradent Halitosis Spray для устранения неприятного запаха изо рта целенаправленно воздействует на серно-метиловые соединения, которые вырабатываются микроорганизмами. Свежее дыхание необходимо для ощущения уверенности",in stock,new,770.00 RUB,650.00 RUB,https://bytebuy.store/product/doctorslon-423786/,https://doctorslon.ru/upload/iblock/155/15568fe1e7a02ac42d4c616533f31692.jpg,miradent,Дополнительный уход,Дополнительный уход,doctorslon
doctorslon-4327,Зубной гель Orozyme,"Орозим-гель - гель для ухода за ротовой полостью любых животных в домашних условиях.&nbsp; Орозим-гель является эффективным решением по уходу за ротовой полостью любых животных в домашних условиях. Гель содержит фермент-формулу, за счёт которой усиливается антибактериальное действие слюны. Так",in stock,new,2890.00 RUB,2190.00 RUB,https://bytebuy.store/product/doctorslon-4327/,https://doctorslon.ru/upload/iblock/5c1/5c14af8e79c1d6e63712507962164d27.jpg,Orozyme,Для животных,Для животных,doctorslon
doctorslon-252100,Зубная щетка Curaprox,"CURAPROX 1009 Single - монопучковая зубная щетка, незаменимая для чистки брекет-систем. Её маленькие щетинки легко проникают в проблемные зоны вокруг брекетов. Длина пучка 9 мм идеальна для чистки брекетов и имплантов. Щетинки щётки изготовлены из полиэстра последнего поколения. Плотно расположенные",in stock,new,2320.00 RUB,1230.00 RUB,https://bytebuy.store/product/doctorslon-252100/,https://doctorslon.ru/upload/iblock/4c2/4c253fefa141c201c8968dd655c191ac.jpg,Curaprox,Мануальные зубные щетки,Мануальные зубные щетки,doctorslon
doctorslon-490058,Детская зубная щетка MontCarotte,"Montcarotte ASSORTI Kids - детский подарочный набор&nbsp; В состав набора входит коллекция детских зубных гелей MontCarotte Kids Tooth Gel всех вкусов: Зелёное яблоко 5 мл, Ягодка вишня 5 мл, Сладкий банан 5 мл, Нейтральный вкус 5 мл, Розовая груша 5 мл, Детская зубная щетка Montcarrot",in stock,new,1290.00 RUB,1100.00 RUB,https://bytebuy.store/product/doctorslon-490058/,https://doctorslon.ru/upload/iblock/7c3/7c3b5a7e10077911ed86bfa7605cba93.jpg,MontCarotte,Зубные пасты и гели,Зубные пасты и гели,doctorslon
doctorslon-1785098,Уход за языком Emra,Emra Delicate Cleaning - набор для чистки языка. В наборе гель и скребок для языка.,in stock,new,1100.00 RUB,990.00 RUB,https://bytebuy.store/product/doctorslon-1785098/,https://doctorslon.ru/upload/iblock/9e9/9e93cb54d93c3c84c89ddffca4f03f74.png,Emra,Дополнительный уход,Дополнительный уход,doctorslon
doctorslon-17934,Зубная паста Brush-Baby,"Brush-Baby со вкусом яблока и мяты - детская зубная паста&nbsp;разработана специально для чистки первых зубов. Подходит детям до 3 лет. Ксилит препятствует размножению болезнетворных бактерий в полости рта, защищая молочные зубы от кариеса, а также оказывает охлаждающее действие на десны, снимая р",in stock,new,2580.00 RUB,1090.00 RUB,https://bytebuy.store/product/doctorslon-17934/,https://doctorslon.ru/upload/iblock/bb4/bb438c1211143665022c36bb432bc14c.jpg,Brush-Baby,Зубные пасты и гели,Зубные пасты и гели,doctorslon
doctorslon-1783327,Зубная нить Paro,Paro riser flos - зубная нить c фторидом.,in stock,new,535.00 RUB,520.00 RUB,https://bytebuy.store/product/doctorslon-1783327/,https://doctorslon.ru/upload/iblock/a9b/a9b36cf890b5ef65419a577743e93192.jpg,Paro,"Межзубные ёршики, нити и флоссы","Межзубные ёршики, нити и флоссы",doctorslon
doctorslon-684827,Зубная щетка Curaprox,"CURAPROX 12460 Velvet — инновация 2021 года, бархатная забота о полости рта от ведущего мирового изготовителя зубных щёток. В наличии есть щётки с разным цветом щетины. Спрашивайте у операторов при оформлении заказа. Голограмма на упаковке - гарантия подлинности Curaprox и знак швейцарского каче",in stock,new,1790.00 RUB,1390.00 RUB,https://bytebuy.store/product/doctorslon-684827/,https://doctorslon.ru/upload/iblock/257/257af59c95a025817bfb2924d2919ae6.jpg,Curaprox,Мануальные зубные щетки,Мануальные зубные щетки,doctorslon
doctorslon-266128,Уход за языком Curaprox,"CURAPROX Duo pack -&nbsp;скребки для чистки языка. В набор входят 2 скребка: одиночный узкий и двойной, более широкий. Первый скребок — для очистки умеренного содержания налёта на спинке языка. Второй – с двумя различными краями – для большого количества налёта. Гладкий край для удален",in stock,new,1990.00 RUB,1390.00 RUB,https://bytebuy.store/product/doctorslon-266128/,https://doctorslon.ru/upload/iblock/542/skreba.png,Curaprox,Дополнительный уход,Дополнительный уход,doctorslon
doctorslon-684808,Зубная щетка Curaprox,"CURAPROX 12460 Velvet — инновация 2021 года, бархатная забота о полости рта от ведущего мирового изготовителя зубных щёток. В наличии есть щётки с разным цветом щетины. Спрашивайте у операторов при оформлении заказа. Голограмма на упаковке - гарантия подлинности Curaprox и знак швейцарского каче",in stock,new,1790.00 RUB,1390.00 RUB,https://bytebuy.store/product/doctorslon-684808/,https://doctorslon.ru/upload/iblock/257/257af59c95a025817bfb2924d2919ae6.jpg,Curaprox,Мануальные зубные щетки,Мануальные зубные щетки,doctorslon
doctorslon-1787172,Пенка Emra,"EMRA The Blue&nbsp;- это очищающая пенка, которая поможет вам сохранить естественную белизну ваших зубов в течение всего дня! Всего за 10-20 секунд пенка проникает в труднодоступные места и удаляет частички пищи, налета и возвращает вам природную красоту улыбки. Эффекты от применения: Уд",in stock,new,730.00 RUB,680.00 RUB,https://bytebuy.store/product/doctorslon-1787172/,https://doctorslon.ru/upload/iblock/eaa/eaa672855e2f922ed8a52293e0958b6b.jpg,Emra,Очищающие пенки,Очищающие пенки,doctorslon
doctorslon-128078,Зубная паста Elgydium,"Эльгидиум Защита от кариеса - зубная паста с содержанием фторинола для укрепления эмали и профилактики кариеса. Паста содержит запатентованное компанией Пьер Фабр вещество - Fluorinol (никаметанола гидрофторид, или фторинол), аминофторид второго поколения в концентрации 1400 ppm. Его отличие о",in stock,new,890.00 RUB,760.00 RUB,https://bytebuy.store/product/doctorslon-128078/,https://doctorslon.ru/upload/iblock/8d2/8d2ceaf6b5c8e5ec729b468671fbfe6a.jpg,Elgydium,Зубные пасты и гели,Зубные пасты и гели,doctorslon
doctorslon-251920,Зубная щетка Curaprox,"Curaprox CS Smart 7600 - зубная щетка предназначена для детей от 5-и лет. Щётка смоделирована по образу самой успешной версии зубной щётки Curaprox для взрослых. Маленький размер щётки и головки имеет ещё больше щетинок Curen - 7600, а щетинки ещё тоньше - 0,08 мм в диаметре! Основа щётки выполнена",in stock,new,1820.00 RUB,1240.00 RUB,https://bytebuy.store/product/doctorslon-251920/,https://doctorslon.ru/upload/iblock/de4/de420105fc3c61aa006a59f0bdb5a6db.jpg,Curaprox,Мануальные зубные щетки,Мануальные зубные щетки,doctorslon
doctorslon-490057,Детская зубная щетка MontCarotte,"Montcarotte ASSORTI Kids - детский подарочный набор&nbsp; В состав набора входит коллекция детских зубных гелей MontCarotte Kids Tooth Gel всех вкусов: Зелёное яблоко 5 мл, Ягодка вишня 5 мл, Сладкий банан 5 мл, Нейтральный вкус 5 мл, Розовая груша 5 мл, Детская зубная щетка Montcarrot",in stock,new,1290.00 RUB,1100.00 RUB,https://bytebuy.store/product/doctorslon-490057/,https://doctorslon.ru/upload/iblock/7c3/7c3b5a7e10077911ed86bfa7605cba93.jpg,MontCarotte,Зубные пасты и гели,Зубные пасты и гели,doctorslon
doctorslon-63393,Капа для аппликаций Sherbet,Brand: Sherbet. Category: Дополнительный уход.,in stock,new,651.00 RUB,390.00 RUB,https://bytebuy.store/product/doctorslon-63393/,https://doctorslon.ru/upload/iblock/7ad/size-m.jpg,Sherbet,Дополнительный уход,Дополнительный уход,doctorslon
doctorslon-1774329,Зубная щетка MontCarotte,"Montcarotte - зубная щетка&nbsp;создана с учётом всех особенностей детской гигиены полости рта, подходит для детей&nbsp;от 3 до 7 лет.",in stock,new,1390.00 RUB,1090.00 RUB,https://bytebuy.store/product/doctorslon-1774329/,https://doctorslon.ru/upload/iblock/274/2745334cdccc68f5758fa49f05cd085f.jpg,MontCarotte,Мануальные зубные щетки,Мануальные зубные щетки,doctorslon
doctorslon-1773768,Уход за языком Emra,Emra - скребок для чистки языка.&nbsp;,in stock,new,620.00 RUB,520.00 RUB,https://bytebuy.store/product/doctorslon-1773768/,https://doctorslon.ru/upload/iblock/bec/bec87d4e89525b7d7f419aacd26d0948.jpg,Emra,Уход за языком,Уход за языком,doctorslon
doctorslon-251921,Зубная щетка Curaprox,"Curaprox CS Smart 7600 - зубная щетка предназначена для детей от 5-и лет. Щётка смоделирована по образу самой успешной версии зубной щётки Curaprox для взрослых. Маленький размер щётки и головки имеет ещё больше щетинок Curen - 7600, а щетинки ещё тоньше - 0,08 мм в диаметре! Основа щётки выполнена",in stock,new,1820.00 RUB,1240.00 RUB,https://bytebuy.store/product/doctorslon-251921/,https://doctorslon.ru/upload/iblock/de4/de420105fc3c61aa006a59f0bdb5a6db.jpg,Curaprox,Мануальные зубные щетки,Мануальные зубные щетки,doctorslon
doctorslon-496719,Зубная паста Dr.EL,"Dr.EL Gum Care для десен Преимущества Натуральные органические ингредиенты в составе. Не содержит фтор. Без SLS, SLES и других опасных ингредиентов. Описание Профессиональная натуральная зубная паста корейского бренда для ухода за дёснами. Эффективно очищает зубы, устраняет неприятный запа",in stock,new,770.00 RUB,690.00 RUB,https://bytebuy.store/product/doctorslon-496719/,https://doctorslon.ru/upload/iblock/6f6/6f65f86bb75269554f97cd39b3c886d6.jpg,Dr.EL,Зубные пасты и гели,Зубные пасты и гели,doctorslon
doctorslon-1787162,Набор зубных щеток Curaprox,"Curaprox Set Европейский зубр - набор «Краснокнижные животные» из двух щёток: мягкой зубной щётки Curaprox 5460 Ultra Soft и монопучковой щётки 1006 Single &amp; Sulcular. CURAPROX 5460 Ultra Soft - Оснащена 5460 ультрамягкими щетинками, которые обеспечивают эффективное, но бережное очищение,",in stock,new,2260.00 RUB,1730.00 RUB,https://bytebuy.store/product/doctorslon-1787162/,https://doctorslon.ru/upload/iblock/6ad/6ad1d95ca5375e2dcadd94e6fd32a308.jpg,Curaprox,Мануальные зубные щетки,Мануальные зубные щетки,doctorslon
doctorslon-1792444,Отбеливающий карандаш Dr.EL,Dr.EL WHITY EL PEN - отбеливающий карандаш. Отбеливающий карандаш&nbsp;Dr.EL WHITY EL PEN — это ваш путь к сияющей улыбке без посещения стоматолога. Благодаря передовой формуле с пероксидом водорода вы сможете осветлить эмаль до 5 тонов всего за 2 недели! Преимущества: Замет,in stock,new,1250.00 RUB,1190.00 RUB,https://bytebuy.store/product/doctorslon-1792444/,https://doctorslon.ru/upload/iblock/9ed/9ed53513139b64626b033fd2759effa6.jpg,Dr.EL,Отбеливание зубов,Отбеливание зубов,doctorslon
doctorslon-1660985,Зубная паста Enzim,"Enzim&nbsp;40 Plus colostrum - зубная паста&nbsp;изготовлена на базе компонентов природного происхождения и предназначена для регулярной заботы о полости рта. Средство без содержания ПАВ агрессивного действия, сульфатов и парабенов рассчитано на обладателей чувствительных зубов и десен, отлично подх",in stock,new,770.00 RUB,690.00 RUB,https://bytebuy.store/product/doctorslon-1660985/,https://doctorslon.ru/upload/iblock/811/8113e17517bc8d85dcc9683778c7ac7e.jpg,Enzim,Зубные пасты и гели,Зубные пасты и гели,doctorslon
doctorslon-1797368,Набор зубных щеток Curaprox,Brand: Curaprox. Category: Мануальные зубные щетки.,in stock,new,2690.00 RUB,2260.00 RUB,https://bytebuy.store/product/doctorslon-1797368/,https://doctorslon.ru/upload/iblock/325/3258cc6244072c2952f755812f6e76b4.jpg,Curaprox,Мануальные зубные щетки,Мануальные зубные щетки,doctorslon
doctorslon-1486576,Межзубный ершик Plackers,"Plackers Dental Brush&nbsp;S (0,5 мм), 32 шт - межзубные ершики&nbsp;идеально удаляют зубной налет и остатки пищи между зубами и брекетами. Пластичный стержень позволяет производить качественную чистку как передних, так и задних зубов.",in stock,new,847.00 RUB,720.00 RUB,https://bytebuy.store/product/doctorslon-1486576/,https://doctorslon.ru/upload/iblock/757/757c790e13dff7ced63fb659cb032152.jpg,Plackers,"Межзубные ёршики, нити и флоссы","Межзубные ёршики, нити и флоссы",doctorslon
doctorslon-1773769,Уход за языком Emra,Emra - скребок для чистки языка.&nbsp;,in stock,new,620.00 RUB,520.00 RUB,https://bytebuy.store/product/doctorslon-1773769/,https://doctorslon.ru/upload/iblock/bec/bec87d4e89525b7d7f419aacd26d0948.jpg,Emra,Уход за языком,Уход за языком,doctorslon
doctorslon-1774950,Зубная нить Oral-B,"Oral-B Essential мята -&nbsp;вощеная зубная нить.&nbsp;Нить сочетает специально разработанные волокна с полимерной оболочкой, которая облегчает удаление налета. Прочная, а также простая и комфортная в обращении. Вощеное волокно обеспечивает возможность легкого скольжения между зубами.",in stock,new,450.00 RUB,320.00 RUB,https://bytebuy.store/product/doctorslon-1774950/,https://doctorslon.ru/upload/iblock/2e0/2e0c12a711676dc892cd089763e3bc26.jpg,Oral-B,"Межзубные ёршики, нити и флоссы","Межзубные ёршики, нити и флоссы",doctorslon
doctorslon-1785099,Уход за языком Emra,Emra Delicate Cleaning - набор для чистки языка. В наборе гель и скребок для языка.,in stock,new,1100.00 RUB,990.00 RUB,https://bytebuy.store/product/doctorslon-1785099/,https://doctorslon.ru/upload/iblock/9e9/9e93cb54d93c3c84c89ddffca4f03f74.png,Emra,Дополнительный уход,Дополнительный уход,doctorslon
doctorslon-1773771,Уход за языком Emra,Emra - скребок для чистки языка.&nbsp;,in stock,new,620.00 RUB,520.00 RUB,https://bytebuy.store/product/doctorslon-1773771/,https://doctorslon.ru/upload/iblock/bec/bec87d4e89525b7d7f419aacd26d0948.jpg,Emra,Уход за языком,Уход за языком,doctorslon
doctorslon-1793036,Набор зубных щеток Revyline,"Revyline RL 075 - электрические зубные щетки с уникальной звуковой технологией чистки создаёт особый&nbsp;эффект кавитации: при взаимодействии зубной пасты, слюны и воды формируются микропузырьки. При их схлопывании возникают мощные микроудары, которые эффективно удаляют налёт с поверхности эмали, о",in stock,new,7990.00 RUB,7290.00 RUB,https://bytebuy.store/product/doctorslon-1793036/,https://doctorslon.ru/upload/iblock/061/061f97e088441f6e4438b212e98dc01d.jpg,Revyline,Взрослые электрические щётки,Взрослые электрические щётки,doctorslon
doctorslon-872184,Зубная щетка Curaprox,"CURAPROX 1009 Single - монопучковая зубная щетка, незаменимая для чистки брекет-систем. Её маленькие щетинки легко проникают в проблемные зоны вокруг брекетов. Длина пучка 9 мм идеальна для чистки брекетов и имплантов. Щетинки щётки изготовлены из полиэстра последнего поколения. Плотно расположенные",in stock,new,2320.00 RUB,1230.00 RUB,https://bytebuy.store/product/doctorslon-872184/,https://doctorslon.ru/upload/iblock/4c2/4c253fefa141c201c8968dd655c191ac.jpg,Curaprox,Мануальные зубные щетки,Мануальные зубные щетки,doctorslon
doctorslon-872178,Зубная щетка Curaprox,"CURAPROX 1009 Single - монопучковая зубная щетка, незаменимая для чистки брекет-систем. Её маленькие щетинки легко проникают в проблемные зоны вокруг брекетов. Длина пучка 9 мм идеальна для чистки брекетов и имплантов. Щетинки щётки изготовлены из полиэстра последнего поколения. Плотно расположенные",in stock,new,2320.00 RUB,1230.00 RUB,https://bytebuy.store/product/doctorslon-872178/,https://doctorslon.ru/upload/iblock/4c2/4c253fefa141c201c8968dd655c191ac.jpg,Curaprox,Мануальные зубные щетки,Мануальные зубные щетки,doctorslon
doctorslon-251909,Зубная щетка Curaprox,"CURAPROX 1560 Soft - мягкая зубная щетка, которая идеально походит для того, чтобы привыкнуть к более мягкой щетине. 1560 активных щетинок CUREN не повреждают эмаль зубов, не травмируют десны. Компактная головка щетки позволяет очистить всю поверхность зубов и легко проникнуть в труднодоступные мест",in stock,new,1520.00 RUB,1230.00 RUB,https://bytebuy.store/product/doctorslon-251909/,https://doctorslon.ru/upload/iblock/e2e/e2ea3d1710d511c4fdd464a2333e2c04.jpg,Curaprox,Мануальные зубные щетки,Мануальные зубные щетки,doctorslon
doctorslon-1786759,Зубная нить PESITRO,"Pesitro Dental PTFE плоская зубная нить&nbsp;— для эффективной гигиены полости рта, создана на основе высококачественного тефлона с мятным ароматом. Изготовленная из прочного вощеного материала, она обеспечивает бережное и результативное очищение межзубных промежутков. Преимущества: Клин",in stock,new,480.00 RUB,390.00 RUB,https://bytebuy.store/product/doctorslon-1786759/,https://doctorslon.ru/upload/iblock/046/0460fe8822484954a84bc64be85e34cb.jpg,PESITRO,"Межзубные ёршики, нити и флоссы","Межзубные ёршики, нити и флоссы",doctorslon
doctorslon-684821,Зубная щетка Curaprox,"CURAPROX 12460 Velvet — инновация 2021 года, бархатная забота о полости рта от ведущего мирового изготовителя зубных щёток. В наличии есть щётки с разным цветом щетины. Спрашивайте у операторов при оформлении заказа. Голограмма на упаковке - гарантия подлинности Curaprox и знак швейцарского каче",in stock,new,1790.00 RUB,1390.00 RUB,https://bytebuy.store/product/doctorslon-684821/,https://doctorslon.ru/upload/iblock/257/257af59c95a025817bfb2924d2919ae6.jpg,Curaprox,Мануальные зубные щетки,Мануальные зубные щетки,doctorslon
doctorslon-251900,Зубная щетка Curaprox,"CURAPROX 3960 ""Super Soft"" - супермягкая зубная щетка. Идеально подходит для тех, кто привык прилагать некоторую силу при чистке зубов, но не хочет повредить линию десны. 3960 активных щетинок CUREN не повреждают эмаль зубов, не травмируют десны. Компактная головка щетки позволяет очистить всю повер",in stock,new,2300.00 RUB,1240.00 RUB,https://bytebuy.store/product/doctorslon-251900/,https://doctorslon.ru/upload/iblock/1a1/1a122cf7f40117ed028df3a8a4db3bd5.jpg,Curaprox,Мануальные зубные щетки,Мануальные зубные щетки,doctorslon
doctorslon-684850,Зубная щетка Curaprox,"CURAPROX 12460 Velvet — инновация 2021 года, бархатная забота о полости рта от ведущего мирового изготовителя зубных щёток. В наличии есть щётки с разным цветом щетины. Спрашивайте у операторов при оформлении заказа. Голограмма на упаковке - гарантия подлинности Curaprox и знак швейцарского каче",in stock,new,1790.00 RUB,1390.00 RUB,https://bytebuy.store/product/doctorslon-684850/,https://doctorslon.ru/upload/iblock/257/257af59c95a025817bfb2924d2919ae6.jpg,Curaprox,Мануальные зубные щетки,Мануальные зубные щетки,doctorslon
doctorslon-684813,Зубная щетка Curaprox,"CURAPROX 12460 Velvet — инновация 2021 года, бархатная забота о полости рта от ведущего мирового изготовителя зубных щёток. В наличии есть щётки с разным цветом щетины. Спрашивайте у операторов при оформлении заказа. Голограмма на упаковке - гарантия подлинности Curaprox и знак швейцарского каче",in stock,new,1790.00 RUB,1390.00 RUB,https://bytebuy.store/product/doctorslon-684813/,https://doctorslon.ru/upload/iblock/257/257af59c95a025817bfb2924d2919ae6.jpg,Curaprox,Мануальные зубные щетки,Мануальные зубные щетки,doctorslon
doctorslon-684832,Зубная щетка Curaprox,"CURAPROX 12460 Velvet — инновация 2021 года, бархатная забота о полости рта от ведущего мирового изготовителя зубных щёток. В наличии есть щётки с разным цветом щетины. Спрашивайте у операторов при оформлении заказа. Голограмма на упаковке - гарантия подлинности Curaprox и знак швейцарского каче",in stock,new,1790.00 RUB,1390.00 RUB,https://bytebuy.store/product/doctorslon-684832/,https://doctorslon.ru/upload/iblock/257/257af59c95a025817bfb2924d2919ae6.jpg,Curaprox,Мануальные зубные щетки,Мануальные зубные щетки,doctorslon
doctorslon-1803017,Набор зубных щеток Curaprox,Brand: Curaprox. Category: Мануальные зубные щетки.,in stock,new,2690.00 RUB,2260.00 RUB,https://bytebuy.store/product/doctorslon-1803017/,https://doctorslon.ru/upload/iblock/a30/a303d80aa3bbd36c57c9d2ac0db4d874.jpg,Curaprox,Мануальные зубные щетки,Мануальные зубные щетки,doctorslon
doctorslon-1783381,Пенка Emra,EMRA Prosecco Mood - очищающая пенка поможет вам сохранить естественную белизну ваших зубов в течение всего дня! Всего за 10-20 секунд пенка проникает в труднодоступные места и удаляет частички пищи и налета.,in stock,new,730.00 RUB,680.00 RUB,https://bytebuy.store/product/doctorslon-1783381/,https://doctorslon.ru/upload/iblock/909/909d6c7c070eb9101e653301c3a27ac9.jpg,Emra,Очищающие пенки,Очищающие пенки,doctorslon
doctorslon-1865,Косметика для зубов MontCarotte,"Montcarotte - омолаживающая отбеливающая программа для зубов&nbsp; Британская компания MontCarotte создала для Вас абсолютно новый мир альтернативного выбора, совместив предельную эффективность, креативный подход и вдохновляющую эстетику. С инновационными формулами и актуальными текстурами миро",in stock,new,5900.00 RUB,4900.00 RUB,https://bytebuy.store/product/doctorslon-1865/,https://doctorslon.ru/upload/iblock/a20/pr.jpg,MontCarotte,Зубные пасты и гели,Зубные пасты и гели,doctorslon
doctorslon-1783382,Зубная паста Emra,"&nbsp;EMRA Prosecco Mood - зубная паста комплексного действия.&nbsp; Особенности: Деликатная текстура, вдохновленная благородным игристым вином.&nbsp; Бережно полирует эмаль, придавая ей идеальную гладкость;&nbsp; Защищает от кариеса и насыщает микроэлементами;&nbsp; Гиалуроновая кисл",in stock,new,940.00 RUB,730.00 RUB,https://bytebuy.store/product/doctorslon-1783382/,https://doctorslon.ru/upload/iblock/39b/39b750a026872b0c9352afeb206cfc66.jpg,Emra,Зубные пасты и гели,Зубные пасты и гели,doctorslon
doctorslon-1774328,Зубная щетка MontCarotte,"Montcarotte - зубная щетка&nbsp;создана с учётом всех особенностей детской гигиены полости рта, подходит для детей&nbsp;от 3 до 7 лет.",in stock,new,1390.00 RUB,1090.00 RUB,https://bytebuy.store/product/doctorslon-1774328/,https://doctorslon.ru/upload/iblock/274/2745334cdccc68f5758fa49f05cd085f.jpg,MontCarotte,Мануальные зубные щетки,Мануальные зубные щетки,doctorslon
doctorslon-684836,Зубная щетка Curaprox,"CURAPROX 12460 Velvet — инновация 2021 года, бархатная забота о полости рта от ведущего мирового изготовителя зубных щёток. В наличии есть щётки с разным цветом щетины. Спрашивайте у операторов при оформлении заказа. Голограмма на упаковке - гарантия подлинности Curaprox и знак швейцарского каче",in stock,new,1790.00 RUB,1390.00 RUB,https://bytebuy.store/product/doctorslon-684836/,https://doctorslon.ru/upload/iblock/257/257af59c95a025817bfb2924d2919ae6.jpg,Curaprox,Мануальные зубные щетки,Мануальные зубные щетки,doctorslon
doctorslon-1631461,Зубная паста Intelligent,"INTELLIGENT - зубная паста для детей&nbsp;разработана с учетом особенностей ухода за зубами и деснами детей разного возраста. Натуральная, не пенящаяся, детская зубная паста INTELLIGENT Natural Enzymes, со вкусом винограда, бережно и безопасно защитит зубы и полость рта ребенка, за счет натуральных",in stock,new,1050.00 RUB,950.00 RUB,https://bytebuy.store/product/doctorslon-1631461/,https://doctorslon.ru/upload/iblock/d4e/d4e43cf87172be152d56d2233a88b9e6.jpg,Intelligent,Зубные пасты и гели,Зубные пасты и гели,doctorslon
doctorslon-1249376,Другие средства гигиены President,President Garant 40 гр -&nbsp;фиксирующий крем для протезов.,in stock,new,450.00 RUB,390.00 RUB,https://bytebuy.store/product/doctorslon-1249376/,https://doctorslon.ru/upload/iblock/9e5/9e5b31d5294886d72d82e2446990b9db.jpg,President,"Всё для брекетов, имплантов и протезов","Всё для брекетов, имплантов и протезов",doctorslon
doctorslon-1123967,Межзубный ершик TePe,"TePe Angle Mix - набор межзубных ёршиков, предназначен для очищения межзубных промежутков и различных стоматологических конструкций. Ершики позволяют избавиться от налета и остатков пищи в самых труднодоступных местах. Разработаны совместно со шведскими стоматологами-профессионалами. В набор вх",in stock,new,890.00 RUB,840.00 RUB,https://bytebuy.store/product/doctorslon-1123967/,https://doctorslon.ru/upload/iblock/7c8/7c821135eeab41d4fb398d7daac58e1a.jpg,TePe,"Межзубные ёршики, нити и флоссы","Межзубные ёршики, нити и флоссы",doctorslon
doctorslon-1831653,Зубная щетка TePe,"TePe Compact Tuft - монопучковая щетка&nbsp;предназначена для индивидуальной чистки каждого зуба, десневых бороздок и брекет-систем. Короткий пучок из 700 щетинок длиной 6мм позволяет качественно очистить места наибольшего скопления налета. Ультрамягкие гибкие щетинки легко и бережно удаляют налет",in stock,new,760.00 RUB,590.00 RUB,https://bytebuy.store/product/doctorslon-1831653/,https://doctorslon.ru/upload/iblock/410/410205aae93bc0e1dbd2b15303b52e5b.jpg,TePe,Мануальные зубные щетки,Мануальные зубные щетки,doctorslon
doctorslon-1259286,Зубная паста MontCarotte,"Montcarotte Tenns Bubble Gum - зубная паста помогает защитить эмаль от кариеса, осветляет до естественной белизны зубов и надолго оставляет ощущение гладкой эмали.&nbsp;Зубная паста имеет сладкий вкус жевательной резинки. Активные компоненты: Биодоступное соединение&nbsp;фторида натрия&",in stock,new,3870.00 RUB,1440.00 RUB,https://bytebuy.store/product/doctorslon-1259286/,https://doctorslon.ru/upload/iblock/c59/c59e8c3afcdb41c2b37fce173361ea9e.jpg,MontCarotte,Зубные пасты и гели,Зубные пасты и гели,doctorslon
doctorslon-251908,Зубная щетка Curaprox,"CURAPROX 1560 Soft - мягкая зубная щетка, которая идеально походит для того, чтобы привыкнуть к более мягкой щетине. 1560 активных щетинок CUREN не повреждают эмаль зубов, не травмируют десны. Компактная головка щетки позволяет очистить всю поверхность зубов и легко проникнуть в труднодоступные мест",in stock,new,1520.00 RUB,1230.00 RUB,https://bytebuy.store/product/doctorslon-251908/,https://doctorslon.ru/upload/iblock/e2e/e2ea3d1710d511c4fdd464a2333e2c04.jpg,Curaprox,Мануальные зубные щетки,Мануальные зубные щетки,doctorslon
doctorslon-684817,Зубная щетка Curaprox,"CURAPROX 12460 Velvet — инновация 2021 года, бархатная забота о полости рта от ведущего мирового изготовителя зубных щёток. В наличии есть щётки с разным цветом щетины. Спрашивайте у операторов при оформлении заказа. Голограмма на упаковке - гарантия подлинности Curaprox и знак швейцарского каче",in stock,new,1790.00 RUB,1390.00 RUB,https://bytebuy.store/product/doctorslon-684817/,https://doctorslon.ru/upload/iblock/257/257af59c95a025817bfb2924d2919ae6.jpg,Curaprox,Мануальные зубные щетки,Мануальные зубные щетки,doctorslon
doctorslon-1774275,Зубная щетка Splat,Splat Smilex Ortho -&nbsp;монопучковая зубная щетка&nbsp;со сменными головками.,in stock,new,490.00 RUB,390.00 RUB,https://bytebuy.store/product/doctorslon-1774275/,https://doctorslon.ru/upload/iblock/ccd/ccd58b536829dc845d6e07b11e427ced.jpg,Splat,Мануальные зубные щетки,Мануальные зубные щетки,doctorslon
doctorslon-1787161,Набор зубных щеток Curaprox,"Curaprox Set Белый медведь - набор из 2-х щеток curaprox 5460 Ultra Soft и curaprox 1006 Single &amp; Sulcular CURAPROX 5460 Ultra Soft - Оснащена 5460 ультрамягкими щетинками, которые обеспечивают эффективное, но бережное очищение, не повреждая эмаль и не вызывая раздражения. Эта щетка подход",in stock,new,2260.00 RUB,1730.00 RUB,https://bytebuy.store/product/doctorslon-1787161/,https://doctorslon.ru/upload/iblock/87a/87a0f2404e4632d1503978863a10adf1.jpg,Curaprox,Мануальные зубные щетки,Мануальные зубные щетки,doctorslon
doctorslon-1774330,Зубная щетка MontCarotte,"Montcarotte - зубная щетка&nbsp;создана с учётом всех особенностей детской гигиены полости рта, подходит для детей&nbsp;от 3 до 7 лет.",in stock,new,1390.00 RUB,1090.00 RUB,https://bytebuy.store/product/doctorslon-1774330/,https://doctorslon.ru/upload/iblock/274/2745334cdccc68f5758fa49f05cd085f.jpg,MontCarotte,Мануальные зубные щетки,Мануальные зубные щетки,doctorslon
doctorslon-1361483,Зубная паста Dentaid,"Dentaid Xeros - зубная паста&nbsp;способна устранить неприятных запах и чрезмерную сухость рта, а также, обеспечить лучшую защиту. Она рекомендована стоматологами, как лечебное средство для частого использования. Главным эффектом пасты Dentaid Xeros по праву считается эффект увлажнения полости рта.",in stock,new,900.00 RUB,840.00 RUB,https://bytebuy.store/product/doctorslon-1361483/,https://doctorslon.ru/upload/iblock/b7b/b7b47e6d69a26f4b72fe2563cbac0893.jpg,Dentaid,Зубные пасты и гели,Зубные пасты и гели,doctorslon
doctorslon-290151,Зубная нить Biorepair,"Biorepair Filo Cerato Ultrapiatto - ультраплоская зубная нить с пропиткой воском&nbsp;предназначена для чистки межзубных промежутков от налета и остатков пищи. Длина нити 30 метров. Нить состоит из ультратонких волокон со специальной плоской частью, которая подходит для узких межзубных промежут",in stock,new,830.00 RUB,670.00 RUB,https://bytebuy.store/product/doctorslon-290151/,https://doctorslon.ru/upload/iblock/cf5/cf5cd278a8eedaaa1abde9581da100cf.jpg,Biorepair,"Межзубные ёршики, нити и флоссы","Межзубные ёршики, нити и флоссы",doctorslon
doctorslon-1332272,Зубная паста Pasta Del Capitano,"Pasta Del Capitano Premium Herbal - зубная паста&nbsp;с микрогранулами и натуральными растительными экстрактами, обеспечивающая всестороннюю гарантию гигиены и очистки. С Азиатским Щитолистником, Эхинацеей, Белым Боярышником и Исландским Лишайником. Зубная паста гель Pasta Del Capitano Натуральные",in stock,new,550.00 RUB,490.00 RUB,https://bytebuy.store/product/doctorslon-1332272/,https://doctorslon.ru/upload/iblock/9f5/9f5f1f713ec1c1da2a12edce04fc1ed7.jpg,Pasta Del Capitano,Зубные пасты и гели,Зубные пасты и гели,doctorslon
